date,rolling_beta
2001-06-15,
2001-06-18,
2001-06-19,
2001-06-20,
2001-06-21,
2001-06-22,
2001-06-25,
2001-06-26,
2001-06-27,
2001-06-28,
2001-06-29,
2001-07-02,
2001-07-03,
2001-07-05,
2001-07-06,
2001-07-09,
2001-07-10,
2001-07-11,
2001-07-12,
2001-07-13,
2001-07-16,
2001-07-17,
2001-07-18,
2001-07-19,
2001-07-20,
2001-07-23,
2001-07-24,
2001-07-25,
2001-07-26,
2001-07-27,
2001-07-30,
2001-07-31,0.0
2001-08-01,0.0
2001-08-02,0.0
2001-08-03,-0.0
2001-08-06,0.0
2001-08-07,0.0
2001-08-08,0.0
2001-08-09,0.0
2001-08-10,0.0
2001-08-13,0.0
2001-08-14,0.0
2001-08-15,0.0
2001-08-16,0.0
2001-08-17,0.0
2001-08-20,0.0
2001-08-21,0.0
2001-08-22,0.0
2001-08-23,0.0
2001-08-24,0.0
2001-08-27,0.0
2001-08-28,0.0
2001-08-29,0.0
2001-08-30,0.0
2001-08-31,0.0
2001-09-04,0.0
2001-09-05,0.0
2001-09-06,0.0
2001-09-07,0.0
2001-09-10,0.0
2001-09-17,0.0
2001-09-18,0.0
2001-09-19,0.0
2001-09-20,0.000125679401584582
2001-09-21,0.01116985777330205
2001-09-24,0.07641360945373504
2001-09-25,0.08077442419904149
2001-09-26,0.08222651794297792
2001-09-27,0.08612651579999507
2001-09-28,0.11239953881894879
2001-10-01,0.11544362942498082
2001-10-02,0.12040409549395238
2001-10-03,0.12911063272347506
2001-10-04,0.12947503737471178
2001-10-05,0.134693416192125
2001-10-08,0.13724718078139297
2001-10-09,0.1393399780338962
2001-10-10,0.1540594354409842
2001-10-11,0.17226768522970795
2001-10-12,0.17484285772037234
2001-10-15,0.1753991939493322
2001-10-16,0.17917131815568804
2001-10-17,0.18907614847482346
2001-10-18,0.1912917795730987
2001-10-19,0.19129206263807616
2001-10-22,0.19735986641757872
2001-10-23,0.19979086401194415
2001-10-24,0.2042497096369769
2001-10-25,0.2115325199603344
2001-10-26,0.21190594127836193
2001-10-29,0.22277678046534136
2001-10-30,0.2289427780139195
2001-10-31,0.22987510140753367
2001-11-01,0.23585576380427883
2001-11-02,0.23554859733656286
2001-11-05,0.23849982406881617
2001-11-06,0.2408366193148077
2001-11-07,0.24508033887716105
2001-11-08,0.24547160689307945
2001-11-09,0.24629240804952782
2001-11-12,0.24679660762023245
2001-11-13,0.24951262540528354
2001-11-14,0.24984808359524893
2001-11-15,0.25067080693716304
2001-11-16,0.2533239444978652
2001-11-19,0.2552442313546787
2001-11-20,0.25898332421021514
2001-11-21,0.26298640564780285
2001-11-23,0.2638154547768709
2001-11-26,0.2730986470806461
2001-11-27,0.2733708264712788
2001-11-28,0.2857566527575737
2001-11-29,0.28815408720952324
2001-11-30,0.2923274985215328
2001-12-03,0.2943791801502671
2001-12-04,0.29526666717832245
2001-12-05,0.2995348175480989
2001-12-06,0.30778255394338094
2001-12-07,0.31733713646814155
2001-12-10,0.3243277143951893
2001-12-11,0.39338750822180063
2001-12-12,0.39987502965887006
2001-12-13,0.40875237535351067
2001-12-14,0.45685205300430654
2001-12-17,0.45442198570592535
2001-12-18,0.4446334055185965
2001-12-19,0.44402846893465414
2001-12-20,0.4447379100840182
2001-12-21,0.4447487969465585
2001-12-24,0.443188398678063
2001-12-26,0.44292188238486024
2001-12-27,0.4427058308199347
2001-12-28,0.44178867833223756
2001-12-31,0.4457698247848452
2002-01-02,0.4467961383820389
2002-01-03,0.4480724177468973
2002-01-04,0.4483300300089102
2002-01-07,0.44765299636639516
2002-01-08,0.4464599109778085
2002-01-09,0.44701779409742504
2002-01-10,0.4470165345804017
2002-01-11,0.44861194437459373
2002-01-14,0.4516653211412031
2002-01-15,0.4528248083512275
2002-01-16,0.45830093528028465
2002-01-17,0.46228712221138696
2002-01-18,0.4651263930527194
2002-01-22,0.46680019954948876
2002-01-23,0.4697930695456428
2002-01-24,0.47044758576558704
2002-01-25,0.47445951183544816
2002-01-28,0.4774238736861931
2002-01-29,0.493937871530804
2002-01-30,0.5011171512685456
2002-01-31,0.5058107718491031
2002-02-01,0.5088981503242981
2002-02-04,0.5229544470101901
2002-02-05,0.5232342683513007
2002-02-06,0.5238759190966673
2002-02-07,0.524045777833361
2002-02-08,0.5275815871113416
2002-02-11,0.5352369939514954
2002-02-12,0.5357278679485472
2002-02-13,0.5371468794005685
2002-02-14,0.537151409196556
2002-02-15,0.5401031243912403
2002-02-19,0.5451873778929169
2002-02-20,0.5479002062789301
2002-02-21,0.5530262329031892
2002-02-22,0.5544100579691636
2002-02-25,0.5580295701687431
2002-02-26,0.5666754895862257
2002-02-27,0.5714843079623664
2002-02-28,0.571726809005238
2002-03-01,0.5765036561368412
2002-03-04,0.5825936509432437
2002-03-05,0.5959759640079745
2002-03-06,0.5952354871059062
2002-03-07,0.5952687145578831
2002-03-08,0.6033546141628306
2002-03-11,0.6035802949443009
2002-03-12,0.6035954162488376
2002-03-13,0.6088438581847387
2002-03-14,0.6091240958547572
2002-03-15,0.6102598424929307
2002-03-18,0.6131302041672467
2002-03-19,0.6133720222112241
2002-03-20,0.6135204308450805
2002-03-21,0.613969907499404
2002-03-22,0.613920409375938
2002-03-25,0.6129149599163581
2002-03-26,0.6131490712247998
2002-03-27,0.6129577261403952
2002-03-28,0.6142760113458055
2002-04-01,0.6148441406873099
2002-04-02,0.615437912194306
2002-04-03,0.6149866466641734
2002-04-04,0.6150712566026855
2002-04-05,0.6150933816067663
2002-04-08,0.6150869882479553
2002-04-09,0.6148918279059988
2002-04-10,0.614343201029921
2002-04-11,0.6118667237492404
2002-04-12,0.6118636128556174
2002-04-15,0.6135319434113483
2002-04-16,0.6100397997961189
2002-04-17,0.6096420775871998
2002-04-18,0.6093945301480547
2002-04-19,0.6091400974687131
2002-04-22,0.6079259774302727
2002-04-23,0.607739050402099
2002-04-24,0.6074002160009828
2002-04-25,0.6044341799362083
2002-04-26,0.602107962369612
2002-04-29,0.6010240634904217
2002-04-30,0.5996171102930891
2002-05-01,0.5956623306781945
2002-05-02,0.5954430938924714
2002-05-03,0.5947568234817591
2002-05-06,0.5968539558623247
2002-05-07,0.5961407337317611
2002-05-08,0.6007261559031306
2002-05-09,0.601612840180927
2002-05-10,0.6000449212703469
2002-05-13,0.5980256143428608
2002-05-14,0.5953309355659324
2002-05-15,0.5936427030440136
2002-05-16,0.5930742979159136
2002-05-17,0.5916590942985208
2002-05-20,0.5911162435957319
2002-05-21,0.589304127025813
2002-05-22,0.5891352387664209
2002-05-23,0.5887081080716419
2002-05-24,0.5883747195786517
2002-05-28,0.5859551051677618
2002-05-29,0.5832865780394544
2002-05-30,0.5833078176093873
2002-05-31,0.5836534504848835
2002-06-03,0.5819888577262097
2002-06-04,0.5820702131947032
2002-06-05,0.5815785580569968
2002-06-06,0.5806062106090885
2002-06-07,0.5806101258557036
2002-06-10,0.5805850544546118
2002-06-11,0.5798201892997797
2002-06-12,0.5796825121570895
2002-06-13,0.5793993516182553
2002-06-14,0.5794152239702686
2002-06-17,0.5761595034121121
2002-06-18,0.5761548980379143
2002-06-19,0.575672663765742
2002-06-20,0.5753183100548319
2002-06-21,0.5746290814912453
2002-06-24,0.5745539613538546
2002-06-25,0.5736181822126235
2002-06-26,0.5736061843399236
2002-06-27,0.5724180388899137
2002-06-28,0.57240818821864
2002-07-01,0.5707840904747652
2002-07-02,0.5696229657130636
2002-07-03,0.5694607458896108
2002-07-05,0.5648534950424322
2002-07-08,0.563119966036345
2002-07-09,0.5590927072652527
2002-07-10,0.5531661207321977
2002-07-11,0.5521271827072026
2002-07-12,0.5521458308016955
2002-07-15,0.5517184572528268
2002-07-16,0.5509287300375929
2002-07-17,0.5502002146714225
2002-07-18,0.5449231939159367
2002-07-19,0.5383303203918957
2002-07-22,0.5339930517159112
2002-07-23,0.5289805650885061
2002-07-24,0.5087238104383186
2002-07-25,0.5080220752485666
2002-07-26,0.5061752556690887
2002-07-29,0.48879334859764917
2002-07-30,0.48856800133233713
2002-07-31,0.4866068582860419
2002-08-01,0.4826744201745677
2002-08-02,0.4690845036999789
2002-08-05,0.4618615212633559
2002-08-06,0.45413924627438806
2002-08-07,0.4505855493555145
2002-08-08,0.44256152088228445
2002-08-09,0.4425498562129505
2002-08-12,0.44232232809049143
2002-08-13,0.43984795144261757
2002-08-14,0.43363013811241224
2002-08-15,0.4328306778338327
2002-08-16,0.43256410021930625
2002-08-19,0.43011905845678927
2002-08-20,0.4291055448824916
2002-08-21,0.4285759787472305
2002-08-22,0.4283227379076056
2002-08-23,0.4265627645202445
2002-08-26,0.42641781039592236
2002-08-27,0.42270803131499785
2002-08-28,0.4216318848807071
2002-08-29,0.4207993657486317
2002-08-30,0.419287664375866
2002-09-03,0.4132606470832971
2002-09-04,0.4120839789159911
2002-09-05,0.4113633729138693
2002-09-06,0.41273607160476916
2002-09-09,0.4127066988422187
2002-09-10,0.4129858881597252
2002-09-11,0.4084758731774729
2002-09-12,0.40624249643471466
2002-09-13,0.4051867226716436
2002-09-16,0.4045039048709744
2002-09-17,0.40194397736171644
2002-09-18,0.40169527419316486
2002-09-19,0.3974891791978883
2002-09-20,0.3974732057070934
2002-09-23,0.3954578096469335
2002-09-24,0.39475495131599275
2002-09-25,0.39540458552525687
2002-09-26,0.39581318132372023
2002-09-27,0.4037048359651785
2002-09-30,0.3991074443152489
2002-10-01,0.3928332618154573
2002-10-02,0.3894496463048351
2002-10-03,0.3865344358754905
2002-10-04,0.38506872131760916
2002-10-07,0.3836586366641681
2002-10-08,0.3825263871461182
2002-10-09,0.38007953337660244
2002-10-10,0.37658184837485087
2002-10-11,0.3686108346278697
2002-10-14,0.36537342100111914
2002-10-15,0.35865469836181246
2002-10-16,0.3549173188680507
2002-10-17,0.3447338332398787
2002-10-18,0.34439581615535747
2002-10-21,0.3433555596166083
2002-10-22,0.33758639209193647
2002-10-23,0.33708627723390233
2002-10-24,0.3354035774984096
2002-10-25,0.33172724244046586
2002-10-28,0.3304996416449828
2002-10-29,0.32070547025275026
2002-10-30,0.3202950396866784
2002-10-31,0.3183552493189178
2002-11-01,0.3211518671844682
2002-11-04,0.32110249333023216
2002-11-05,0.3209583940371112
2002-11-06,0.3218960844914141
2002-11-07,0.321617223564289
2002-11-08,0.32005920539631405
2002-11-11,0.3171539232782374
2002-11-12,0.31563635172756116
2002-11-13,0.315043516985114
2002-11-14,0.2939256651683551
2002-11-15,0.2948730840477562
2002-11-18,0.2926492461360088
2002-11-19,0.2924834118398522
2002-11-20,0.2839893247374793
2002-11-21,0.2759806180371128
2002-11-22,0.27616180110663796
2002-11-25,0.27592507246369274
2002-11-26,0.2564321289705192
2002-11-27,0.20622974194387517
2002-11-29,0.19875424437273487
2002-12-02,0.19397798993899976
2002-12-03,0.19948106118591688
2002-12-04,0.19872185885465585
2002-12-05,0.2014842689847651
2002-12-06,0.19943528398780336
2002-12-09,0.20832680429448933
2002-12-10,0.21229954617742708
2002-12-11,0.21118967865988048
2002-12-12,0.21125428701338425
2002-12-13,0.217044496539469
2002-12-16,0.21431354853196144
2002-12-17,0.21449555152295938
2002-12-18,0.21077764275528815
2002-12-19,0.2003160230278493
2002-12-20,0.19553547903621538
2002-12-23,0.1711414364085498
2002-12-24,0.163106795726178
2002-12-26,0.15346705058198848
2002-12-27,0.14217358273911446
2002-12-30,0.1420851195917717
2002-12-31,0.1366724955070919
2003-01-02,0.1466493159266723
2003-01-03,0.14614093608579062
2003-01-06,0.14226773671019247
2003-01-07,0.13787655383040603
2003-01-08,0.12436125322672778
2003-01-09,0.11375459752892864
2003-01-10,0.08558836808087279
2003-01-13,0.07454236743837328
2003-01-14,0.06848853689869303
2003-01-15,0.06960746300616033
2003-01-16,0.0648430095028416
2003-01-17,0.06472895077058152
2003-01-21,0.07016663419421704
2003-01-22,0.0699123203484966
2003-01-23,0.06867336886639142
2003-01-24,0.07783092505451285
2003-01-27,0.09867350923999312
2003-01-28,0.09908138418105403
2003-01-29,0.09487409175834681
2003-01-30,0.07938956144515645
2003-01-31,0.09310488741684994
2003-02-03,0.09272539243998001
2003-02-04,0.08449374501445728
2003-02-05,0.08894474132754919
2003-02-06,0.09257860512716735
2003-02-07,0.09640779739353933
2003-02-10,0.09606876213057362
2003-02-11,0.09691709844897103
2003-02-12,0.1260317847976814
2003-02-13,0.12230850610637002
2003-02-14,0.1218245979438118
2003-02-18,0.14188558194494563
2003-02-19,0.14775919399135806
2003-02-20,0.15578657779464106
2003-02-21,0.15471871519519284
2003-02-24,0.15928937453030514
2003-02-25,0.1904110739079529
2003-02-26,0.29333036859507633
2003-02-27,0.30720064052568846
2003-02-28,0.31146072762573523
2003-03-03,0.3038287579223612
2003-03-04,0.30770201427411836
2003-03-05,0.304270405014476
2003-03-06,0.304329708127309
2003-03-07,0.29251292283235
2003-03-10,0.2884616543934915
2003-03-11,0.28935070384282613
2003-03-12,0.29101648249570394
2003-03-13,0.23708366092697822
2003-03-14,0.24790795368439286
2003-03-17,0.23134629778245483
2003-03-18,0.2292608626534479
2003-03-19,0.22986753447425698
2003-03-20,0.22779373092434543
2003-03-21,0.21380512319536807
2003-03-24,0.1979815291059691
2003-03-25,0.1958183814348786
2003-03-26,0.2031175000410318
2003-03-27,0.20009480645845026
2003-03-28,0.19860768237410178
2003-03-31,0.13979896179422968
2003-04-01,0.14942298245642469
2003-04-02,0.16133932817390706
2003-04-03,0.16168912873439412
2003-04-04,0.15907093964625144
2003-04-07,0.17333535573293699
2003-04-08,0.17288800780949967
2003-04-09,0.17391027820386715
2003-04-10,0.17077560268987058
2003-04-11,0.17164580483236727
2003-04-14,0.17543987976876244
2003-04-15,0.17720718638837907
2003-04-16,0.1759105978702091
2003-04-17,0.1817142098510147
2003-04-21,0.18327724268562803
2003-04-22,0.18450648086558813
2003-04-23,0.18362688031284297
2003-04-24,0.17871771754135868
2003-04-25,0.1837247793522094
2003-04-28,0.17495541076211638
2003-04-29,0.1647630331100323
2003-04-30,0.1651931140929265
2003-05-01,0.16534178895750515
2003-05-02,0.15892753424670386
2003-05-05,0.1549679687132329
2003-05-06,0.15125760991554257
2003-05-07,0.15610877859617808
2003-05-08,0.1600115396295066
2003-05-09,0.15999898165686982
2003-05-12,0.16820573621161336
2003-05-13,0.1742347688563578
2003-05-14,0.15552402373994909
2003-05-15,0.15851317979166674
2003-05-16,0.1546217346683234
2003-05-19,0.18993693474882903
2003-05-20,0.1775970790267807
2003-05-21,0.1722002155697785
2003-05-22,0.16716752665382886
2003-05-23,0.160746273337401
2003-05-27,0.12022506416938682
2003-05-28,0.11625804418511845
2003-05-29,0.09908659863329937
2003-05-30,0.09957154151225003
2003-06-02,0.09486285030595858
2003-06-03,0.09532124129407672
2003-06-04,0.07907733663674878
2003-06-05,0.06815902107610852
2003-06-06,0.07010659501589526
2003-06-09,0.10499140285600422
2003-06-10,0.11302758908983092
2003-06-11,0.1278992168903379
2003-06-12,0.1349892634189936
2003-06-13,0.13853931604998995
2003-06-16,0.13186961970428782
2003-06-17,0.1537748387870329
2003-06-18,0.17242700230392563
2003-06-19,0.20612715728549122
2003-06-20,0.20655706353571945
2003-06-23,0.21120365273991
2003-06-24,0.21393150988199514
2003-06-25,0.3150040809010781
2003-06-26,0.27669806331539515
2003-06-27,0.265368558964463
2003-06-30,0.2572702680915458
2003-07-01,0.25997322623022223
2003-07-02,0.2720692299131524
2003-07-03,0.2926608646041072
2003-07-07,0.3255374948437622
2003-07-08,0.3293285924452048
2003-07-09,0.32723112534420645
2003-07-10,0.3452709163015681
2003-07-11,0.34633894229829654
2003-07-14,0.3418802393446699
2003-07-15,0.3656798958042158
2003-07-16,0.3610701067909608
2003-07-17,0.3775846360903056
2003-07-18,0.37565796262288703
2003-07-21,0.4529478933096935
2003-07-22,0.48363398476180913
2003-07-23,0.5151575313286483
2003-07-24,0.5231115523531618
2003-07-25,0.49898810763820417
2003-07-28,0.5065553849339525
2003-07-29,0.5253103752291188
2003-07-30,0.5195925738447231
2003-07-31,0.5110970548943697
2003-08-01,0.5254495146862589
2003-08-04,0.5271957901987686
2003-08-05,0.5664609960219981
2003-08-06,0.5530359200245016
2003-08-07,0.560789100718539
2003-08-08,0.574532584258542
2003-08-11,0.5686097817028282
2003-08-12,0.5735026852353576
2003-08-13,0.5953973246994121
2003-08-14,0.6123001082275625
2003-08-15,0.6105888208504895
2003-08-18,0.6132207964734231
2003-08-19,0.6174213084390013
2003-08-20,0.7171888784787087
2003-08-21,0.7173020686476121
2003-08-22,0.712911515266656
2003-08-25,0.7260790266214474
2003-08-26,0.7296305809092841
2003-08-27,0.7258989451321952
2003-08-28,0.7462265945307397
2003-08-29,0.7425132369559391
2003-09-02,0.7662410658489777
2003-09-03,0.8032682023564066
2003-09-04,0.7889735600063449
2003-09-05,0.7920729706996674
2003-09-08,0.8033469109183711
2003-09-09,0.8240812174655656
2003-09-10,0.8469823293049407
2003-09-11,0.8442091839462795
2003-09-12,0.8421681022549027
2003-09-15,0.8580962600431372
2003-09-16,0.8520388106205355
2003-09-17,0.882845707413094
2003-09-18,0.879710431421217
2003-09-19,0.8634073884243972
2003-09-22,0.9255455779852985
2003-09-23,0.9328596084200197
2003-09-24,0.8578860442889643
2003-09-25,0.8363832718263384
2003-09-26,0.801453760520878
2003-09-29,0.780775473570189
2003-09-30,0.7305003072706019
2003-10-01,0.7216500356353732
2003-10-02,0.7229513790957077
2003-10-03,0.7234218540701857
2003-10-06,0.7186165716522949
2003-10-07,0.732427965637164
2003-10-08,0.7079570676053425
2003-10-09,0.7137898816745172
2003-10-10,0.7111767078379979
2003-10-13,0.7131124437502909
2003-10-14,0.6441848640360969
2003-10-15,0.6391155844299872
2003-10-16,0.637659778795335
2003-10-17,0.618580090525296
2003-10-20,0.667209413296064
2003-10-21,0.6586050065546075
2003-10-22,0.603206092389249
2003-10-23,0.6082868183957412
2003-10-24,0.6058625514626454
2003-10-27,0.5728601987530925
2003-10-28,0.5772912245952575
2003-10-29,0.4824688618565506
2003-10-30,0.4929380618003421
2003-10-31,0.4977074560997231
2003-11-03,0.5043443059644466
2003-11-04,0.5119283204118008
2003-11-05,0.519711277247063
2003-11-06,0.48853906226773447
2003-11-07,0.4912964525383163
2003-11-10,0.501686138903858
2003-11-11,0.49185101023841604
2003-11-12,0.5122379480703381
2003-11-13,0.5116090040362443
2003-11-14,0.5106705508178292
2003-11-17,0.516748917313191
2003-11-18,0.5110808919930367
2003-11-19,0.49537886008577986
2003-11-20,0.48783920457523516
2003-11-21,0.46797607483601583
2003-11-24,0.46754387277189846
2003-11-25,0.4393960271079918
2003-11-26,0.4392302578790427
2003-11-28,0.4339746730145924
2003-12-01,0.45048608417595026
2003-12-02,0.4373461083092613
2003-12-03,0.43662104880564007
2003-12-04,0.4432752504648117
2003-12-05,0.4676950859887741
2003-12-08,0.4669995658384517
2003-12-09,0.4948862581097452
2003-12-10,0.49000515288790747
2003-12-11,0.5297816243633323
2003-12-12,0.5257517040076175
2003-12-15,0.5339593655912356
2003-12-16,0.5099533504020924
2003-12-17,0.5076815278445663
2003-12-18,0.5965705855093142
2003-12-19,0.6176432734346273
2003-12-22,0.6502425760053202
2003-12-23,0.6557598804312239
2003-12-24,0.6982791075069654
2003-12-26,0.7063468936940002
2003-12-29,0.6101095941133332
2003-12-30,0.6160607773915779
2003-12-31,0.6137836419372907
2004-01-02,0.6166713807343972
2004-01-05,0.65696745159541
2004-01-06,0.6635919067240178
2004-01-07,0.6653712779788894
2004-01-08,0.6740354476898445
2004-01-09,0.6588525331310913
2004-01-12,0.6516234148108786
2004-01-13,0.6487460850375887
2004-01-14,0.6768633021508416
2004-01-15,0.6790533928900827
2004-01-16,0.6756260240420695
2004-01-20,0.7005660157152289
2004-01-21,0.7018810999337121
2004-01-22,0.7252450497948911
2004-01-23,0.7546367381835406
2004-01-26,0.7389986843088946
2004-01-27,0.7082383044340349
2004-01-28,0.6937898507370238
2004-01-29,0.6781461706240157
2004-01-30,0.6581784335452631
2004-02-02,0.6537531811459328
2004-02-03,0.6538530887648787
2004-02-04,0.6994074260199211
2004-02-05,0.6893265570724025
2004-02-06,0.7511621972235396
2004-02-09,0.7495165436925225
2004-02-10,0.7167011971243145
2004-02-11,0.7353360626746752
2004-02-12,0.7572186665410813
2004-02-13,0.7512990956737514
2004-02-17,0.7669103312349552
2004-02-18,0.7883214180731906
2004-02-19,0.8153197857265062
2004-02-20,0.8292611266025559
2004-02-23,0.868001935931396
2004-02-24,0.8657408573148079
2004-02-25,0.8632827491840599
2004-02-26,0.8670936177050584
2004-02-27,0.8494443245705511
2004-03-01,0.8491779210085395
2004-03-02,0.8450701908625539
2004-03-03,0.8434748424541599
2004-03-04,0.8287239568208739
2004-03-05,0.8375577864248431
2004-03-08,0.784785543871139
2004-03-09,0.7723772451121728
2004-03-10,0.7966662618524761
2004-03-11,0.8100531110665652
2004-03-12,0.7814415396585778
2004-03-15,0.7961218544463433
2004-03-16,0.8069878801034703
2004-03-17,0.7832762678552577
2004-03-18,0.7865270856633838
2004-03-19,0.8071503351875919
2004-03-22,0.8061123022325337
2004-03-23,0.8086034716111903
2004-03-24,0.809531015909785
2004-03-25,0.8910305622729972
2004-03-26,0.887429516247516
2004-03-29,0.8714078715193131
2004-03-30,0.8706433802072966
2004-03-31,0.8483437993860135
2004-04-01,0.8406862772356035
2004-04-02,0.8150522771211831
2004-04-05,0.8073580662124704
2004-04-06,0.8227455905516086
2004-04-07,0.8262691048805376
2004-04-08,0.832403347098894
2004-04-12,0.8200275902574847
2004-04-13,0.8591398257368111
2004-04-14,0.8655369977930679
2004-04-15,0.864971212455693
2004-04-16,0.8670708314413892
2004-04-19,0.8675553167534682
2004-04-20,0.8996699027795149
2004-04-21,0.9236977829231464
2004-04-22,0.9732085466902547
2004-04-23,0.9911175257083309
2004-04-26,0.9869005804512292
2004-04-27,0.9937144452741304
2004-04-28,1.0057045741375163
2004-04-29,1.008421293270692
2004-04-30,0.9611966898351876
2004-05-03,0.9732127635268536
2004-05-04,0.9249451933737718
2004-05-05,0.9264661364314628
2004-05-06,0.9469774617660137
2004-05-07,0.9594336719583305
2004-05-10,0.9733249279169746
2004-05-11,0.9851153454667795
2004-05-12,0.9800656499071009
2004-05-13,0.983094373745671
2004-05-14,0.9858685506034189
2004-05-17,0.9546232537377891
2004-05-18,0.9523352726105517
2004-05-19,0.9522795308524855
2004-05-20,0.9571497758400106
2004-05-21,0.9541498750159862
2004-05-24,0.9501577973689835
2004-05-25,0.9762774520614196
2004-05-26,0.9787629652830778
2004-05-27,0.9883108997303766
2004-05-28,0.9863039228929166
2004-06-01,0.9839041404639828
2004-06-02,0.9955801699176462
2004-06-03,1.0062599627767632
2004-06-04,1.0054217923096116
2004-06-07,1.0287252579214154
2004-06-08,1.0507235170663745
2004-06-09,1.0634931494844573
2004-06-10,1.052743996146183
2004-06-14,1.0695668159489842
2004-06-15,1.1082465580871446
2004-06-16,1.1108705450718201
2004-06-17,1.1422459016128828
2004-06-18,1.1431818486603345
2004-06-21,1.1413454961728284
2004-06-22,1.1689177976341452
2004-06-23,1.1693154952842264
2004-06-24,1.1849027954539613
2004-06-25,1.186426029122815
2004-06-28,1.2010876273773796
2004-06-29,1.214547867468158
2004-06-30,1.2648157777992721
2004-07-01,1.2874661164629084
2004-07-02,1.2883735685685422
2004-07-06,1.2984637502502843
2004-07-07,1.2975426533308083
2004-07-08,1.312028401335099
2004-07-09,1.2941085631841878
2004-07-12,1.2939901227488495
2004-07-13,1.2923929853745968
2004-07-14,1.289289245128972
2004-07-15,1.289962718369366
2004-07-16,1.2545722261587553
2004-07-19,1.2523999703161854
2004-07-20,1.2252597179550608
2004-07-21,1.214330245929601
2004-07-22,1.2193158024018975
2004-07-23,1.1983065040154808
2004-07-26,1.1950470147230332
2004-07-27,1.1565116708096932
2004-07-28,1.197504819495164
2004-07-29,1.19401072060222
2004-07-30,1.206626924873024
2004-08-02,1.207045280105867
2004-08-03,1.1895160878814182
2004-08-04,1.1590870609742714
2004-08-05,1.1164784315637988
2004-08-06,1.084904343132007
2004-08-09,1.0962932307525435
2004-08-10,1.0616222132828808
2004-08-11,1.0589451002801753
2004-08-12,1.0883390695622464
2004-08-13,1.1108697074328755
2004-08-16,1.0770845087304644
2004-08-17,1.08282861920023
2004-08-18,1.0585053457016345
2004-08-19,1.0552764127246368
2004-08-20,1.022349194141175
2004-08-23,1.0238559383105137
2004-08-24,1.011673111011049
2004-08-25,1.0245962703653642
2004-08-26,1.0251050220773907
2004-08-27,1.0238110919639816
2004-08-30,1.0087419740995165
2004-08-31,1.0167149759627694
2004-09-01,0.9962710157496901
2004-09-02,0.98038260911235
2004-09-03,0.9719973525703908
2004-09-07,0.9671386467968869
2004-09-08,0.9411925394578122
2004-09-09,0.8798069968732981
2004-09-10,0.8834747002219119
2004-09-13,0.8861215719712653
2004-09-14,0.8867633751578794
2004-09-15,0.8936781835292491
2004-09-16,0.9096967214574105
2004-09-17,0.9033949012945434
2004-09-20,0.8993579409344723
2004-09-21,0.9044508725236101
2004-09-22,0.8360436862074878
2004-09-23,0.8313115143295737
2004-09-24,0.8070328568717523
2004-09-27,0.7677462389614974
2004-09-28,0.7437516527490778
2004-09-29,0.7078358589470252
2004-09-30,0.704389993828234
2004-10-01,0.6814717465691972
2004-10-04,0.6803587266590397
2004-10-05,0.6807294887515616
2004-10-06,0.6808415179288708
2004-10-07,0.6920359440639703
2004-10-08,0.6587961386453256
2004-10-11,0.6791582535617908
2004-10-12,0.6779910068741222
2004-10-13,0.6933279214472413
2004-10-14,0.6466007616936271
2004-10-15,0.6390803518483719
2004-10-18,0.6404195338437343
2004-10-19,0.6332559648115742
2004-10-20,0.6509397316374913
2004-10-21,0.651876688425089
2004-10-22,0.6445855979571908
2004-10-25,0.6335131831342062
2004-10-26,0.6553077107851654
2004-10-27,0.6167460575056452
2004-10-28,0.6143765235588896
2004-10-29,0.5859630724103438
2004-11-01,0.5772028622566926
2004-11-02,0.5774074325269477
2004-11-03,0.5941071259495063
2004-11-04,0.6142323129911319
2004-11-05,0.6011292602499125
2004-11-08,0.6104469782630484
2004-11-09,0.6162037126634609
2004-11-10,0.6094285862343404
2004-11-11,0.6174847227191199
2004-11-12,0.6559559850243547
2004-11-15,0.6561201300189319
2004-11-16,0.651943176466974
2004-11-17,0.6663948312789202
2004-11-18,0.6486448607821494
2004-11-19,0.7150390953587324
2004-11-22,0.7270504694340292
2004-11-23,0.7308209174944649
2004-11-24,0.7201078555681972
2004-11-26,0.7270808858765558
2004-11-29,0.7651126668185833
2004-11-30,0.7780207540292925
2004-12-01,0.8273460963401313
2004-12-02,0.8324546886003126
2004-12-03,0.8308357044686162
2004-12-06,0.8268214469551333
2004-12-07,0.8578316050559147
2004-12-08,0.8792451570383277
2004-12-09,0.8629880392523783
2004-12-10,0.8520309217235826
2004-12-13,0.8635392105635629
2004-12-14,0.8806101014131784
2004-12-15,0.8819888431205736
2004-12-16,0.965835985539076
2004-12-17,0.9602928469850183
2004-12-20,0.957578697862351
2004-12-21,0.9896941959365091
2004-12-22,1.0050348421221806
2004-12-23,1.0089512072440991
2004-12-27,1.015831791938095
2004-12-28,1.010677491268081
2004-12-29,1.010212759731924
2004-12-30,0.9963797980808108
2004-12-31,0.9763936569943229
2005-01-03,0.9922643272323393
2005-01-04,1.1473232947086818
2005-01-05,1.1542721392831863
2005-01-06,1.1656362400580904
2005-01-07,1.1898687484194526
2005-01-10,1.2327404135943867
2005-01-11,1.2150875139491193
2005-01-12,1.2169155321009193
2005-01-13,1.1946313711536372
2005-01-14,1.197287698132591
2005-01-18,1.2047146146457766
2005-01-19,1.2062125230469867
2005-01-20,1.195148870937186
2005-01-21,1.2059784295388656
2005-01-24,1.2625715219261637
2005-01-25,1.2554001810021462
2005-01-26,1.265594167646832
2005-01-27,1.2659471075868343
2005-01-28,1.2329160361384062
2005-01-31,1.3212851823398797
2005-02-01,1.3663271113721616
2005-02-02,1.3723463669323146
2005-02-03,1.367152331161704
2005-02-04,1.3599939563298271
2005-02-07,1.3597607994090104
2005-02-08,1.393859017322556
2005-02-09,1.3396328697713997
2005-02-10,1.316747301400272
2005-02-11,1.310682443600538
2005-02-14,1.2933224588866616
2005-02-15,1.2828812293333594
2005-02-16,1.257846485298838
2005-02-17,1.2655800693812542
2005-02-18,1.269802925751471
2005-02-22,1.1786410395199376
2005-02-23,1.1725459421694997
2005-02-24,1.1076277573388942
2005-02-25,1.0903069148005056
2005-02-28,1.0751344705035335
2005-03-01,1.065404679313145
2005-03-02,1.0662158173130114
2005-03-03,1.065165181565649
2005-03-04,1.075620939266694
2005-03-07,1.0488533342633835
2005-03-08,1.0627741631746517
2005-03-09,1.1007676885964082
2005-03-10,1.0939038193342832
2005-03-11,1.0903254291006896
2005-03-14,1.0719749978661277
2005-03-15,1.0656619083985663
2005-03-16,1.0263548400486557
2005-03-17,1.0250774874313948
2005-03-18,1.0221635457753666
2005-03-21,1.0440771502140513
2005-03-22,1.079769721787302
2005-03-23,1.074473516611006
2005-03-24,1.1151104588140754
2005-03-28,1.1161935435190655
2005-03-29,1.104376235278738
2005-03-30,1.1363583144376246
2005-03-31,1.1226090574032461
2005-04-01,1.037559639007235
2005-04-04,1.017365241149124
2005-04-05,1.0072211582787918
2005-04-06,1.0073322963541096
2005-04-07,0.9871235082063672
2005-04-08,0.9792865036771456
2005-04-11,0.9750293681820676
2005-04-12,1.023976826496117
2005-04-13,1.013032128694504
2005-04-14,1.0271798806787769
2005-04-15,0.9397058002563058
2005-04-18,0.9472031819380842
2005-04-19,0.9915988240492388
2005-04-20,0.9789089688995192
2005-04-21,0.885271871336844
2005-04-22,0.8504620218594139
2005-04-25,0.8569518034004754
2005-04-26,0.8709240294406285
2005-04-27,0.8060934003134718
2005-04-28,0.7906192140849645
2005-04-29,0.7965824377486214
2005-05-02,0.7804751565262998
2005-05-03,0.7642318099884833
2005-05-04,0.7689602347941609
2005-05-05,0.7646760220333298
2005-05-06,0.767151424187291
2005-05-09,0.7820166878891832
2005-05-10,0.7565574106681464
2005-05-11,0.759804657481854
2005-05-12,0.7752541770187975
2005-05-13,0.7756839409802321
2005-05-16,0.7523098195426341
2005-05-17,0.7537122240834232
2005-05-18,0.8048482073109665
2005-05-19,0.7999986997363273
2005-05-20,0.8183588732017586
2005-05-23,0.8180985431478021
2005-05-24,0.8034706173401048
2005-05-25,0.8083559516171964
2005-05-26,0.7960261090696101
2005-05-27,0.7983556806858505
2005-05-31,0.7492295602147269
2005-06-01,0.7519180894591125
2005-06-02,0.7541579292821299
2005-06-03,0.7271913648176862
2005-06-06,0.7334744571901197
2005-06-07,0.7303305461314965
2005-06-08,0.7357048164160226
2005-06-09,0.7229321606816503
2005-06-10,0.7433578356735915
2005-06-13,0.7428929154201894
2005-06-14,0.7314518052775628
2005-06-15,0.7180843019509544
2005-06-16,0.697940133166148
2005-06-17,0.6982023832136145
2005-06-20,0.6986837295659448
2005-06-21,0.6933795670119468
2005-06-22,0.6932172125711973
2005-06-23,0.59629566253486
2005-06-24,0.5759657536633737
2005-06-27,0.5677582967089695
2005-06-28,0.5273542211008695
2005-06-29,0.5283169600607502
2005-06-30,0.5194543288741907
2005-07-01,0.5036152288101451
2005-07-05,0.47773982172408785
2005-07-06,0.484615558559861
2005-07-07,0.47641307241746284
2005-07-08,0.45747954114318246
2005-07-11,0.4113546248626655
2005-07-12,0.4409435697716296
2005-07-13,0.4389248581969025
2005-07-14,0.3983205427089823
2005-07-15,0.36882503256956867
2005-07-18,0.4274156899949021
2005-07-19,0.4498532386763048
2005-07-20,0.435768326286259
2005-07-21,0.4406164970038242
2005-07-22,0.457710833433479
2005-07-25,0.44857771126195517
2005-07-26,0.41630152813987376
2005-07-27,0.4363185110845364
2005-07-28,0.4769119079781494
2005-07-29,0.5021731271839406
2005-08-01,0.4987829042629334
2005-08-02,0.4966979670270104
2005-08-03,0.493428106323035
2005-08-04,0.5519938285789785
2005-08-05,0.5857999344823572
2005-08-08,0.5538296841848827
2005-08-09,0.5546693521533396
2005-08-10,0.5680603315879744
2005-08-11,0.602181429960197
2005-08-12,0.5259432171855364
2005-08-15,0.5148761037432319
2005-08-16,0.45122815965351953
2005-08-17,0.44412181528057615
2005-08-18,0.4431237943114292
2005-08-19,0.42797497279068053
2005-08-22,0.4462936369792736
2005-08-23,0.44375948988595265
2005-08-24,0.49710252969831986
2005-08-25,0.485717544309392
2005-08-26,0.5007508710186188
2005-08-29,0.49930325061513686
2005-08-30,0.49987183261414325
2005-08-31,0.5973161089705167
2005-09-01,0.5851516866620283
2005-09-02,0.5943386830319116
2005-09-06,0.6073701454229667
2005-09-07,0.6093148511304669
2005-09-08,0.6163390733822763
2005-09-09,0.6294554076966173
2005-09-12,0.6030439984980029
2005-09-13,0.607846770112708
2005-09-14,0.6048619307626582
2005-09-15,0.6125098707509401
2005-09-16,0.6095478356846649
2005-09-19,0.6989021397654708
2005-09-20,0.7389272411129619
2005-09-21,0.6573159702363882
2005-09-22,0.7143422129194572
2005-09-23,0.7094015535755245
2005-09-26,0.7265721601193403
2005-09-27,0.7611294345553614
2005-09-28,0.8225751134473794
2005-09-29,0.8063053056071527
2005-09-30,0.7947182435286927
2005-10-03,0.8279286009434734
2005-10-04,0.8490206375725959
2005-10-05,0.8999704350165445
2005-10-06,0.8914929788000573
2005-10-07,0.903387083998095
2005-10-10,0.9104085942340888
2005-10-11,0.9027694457409038
2005-10-12,0.9545965734207496
2005-10-13,0.9415453807207312
2005-10-14,0.8963491241410824
2005-10-17,0.8933241440451549
2005-10-18,0.8985137968064975
2005-10-19,0.837000962396357
2005-10-20,0.8476384022344778
2005-10-21,0.8456694717208595
2005-10-24,0.7673112569202957
2005-10-25,0.7685713762083936
2005-10-26,0.7738270693881601
2005-10-27,0.7468055846052296
2005-10-28,0.7506821453306823
2005-10-31,0.7301578186622689
2005-11-01,0.7176971973088045
2005-11-02,0.7400601067044287
2005-11-03,0.7332509256619305
2005-11-04,0.7095017136215496
2005-11-07,0.723967397543566
2005-11-08,0.7334032862257402
2005-11-09,0.7778280448605438
2005-11-10,0.7916909806362109
2005-11-11,0.7968765086720514
2005-11-14,0.8072825573461642
2005-11-15,0.7988775186689587
2005-11-16,0.8103769528982464
2005-11-17,0.8215801230878016
2005-11-18,0.8076661818594965
2005-11-21,0.8069812893078118
2005-11-22,0.8082720652288247
2005-11-23,0.7937818019077896
2005-11-25,0.7524238059113427
2005-11-28,0.7081753620211331
2005-11-29,0.7091584137819462
2005-11-30,0.7085168542454592
2005-12-01,0.7705951358988052
2005-12-02,0.7752447883112606
2005-12-05,0.7655900750346727
2005-12-06,0.7647183240577262
2005-12-07,0.7621378867551727
2005-12-08,0.7643230976775129
2005-12-09,0.7626472907534586
2005-12-12,0.763359459037491
2005-12-13,0.7605411560747631
2005-12-14,0.7644092681528734
2005-12-15,0.8317194702027944
2005-12-16,0.8398342700277059
2005-12-19,0.8317898382310305
2005-12-20,0.8313652720351498
2005-12-21,0.8315853830042332
2005-12-22,0.8480703714352832
2005-12-23,0.858682680069123
2005-12-27,0.7875434399445067
2005-12-28,0.7878421851919181
2005-12-29,0.7604505983666001
2005-12-30,0.7106333274148021
2006-01-03,0.8187187456232339
2006-01-04,0.8202525420877825
2006-01-05,0.8170657107008358
2006-01-06,0.8579967154489719
2006-01-09,0.8121495291753112
2006-01-10,0.8113663880758919
2006-01-11,0.8342228299510384
2006-01-12,0.8223625966703338
2006-01-13,0.8031527164753741
2006-01-17,0.8639648237545745
2006-01-18,0.8550854495431469
2006-01-19,0.8386356876521093
2006-01-20,0.9244193344146687
2006-01-23,0.9218765069205674
2006-01-24,0.8946554082273626
2006-01-25,0.9515794176076005
2006-01-26,0.9151772660447667
2006-01-27,0.8942413799811951
2006-01-30,0.897487954823774
2006-01-31,0.8781423670374826
2006-02-01,0.8885225028126966
2006-02-02,0.9090763737765561
2006-02-03,0.9325898666239593
2006-02-06,0.9396960945022536
2006-02-07,1.0679122749462358
2006-02-08,1.0486240233317365
2006-02-09,1.0323481564439558
2006-02-10,1.0088094321863317
2006-02-13,1.0425905334760102
2006-02-14,1.026737727863527
2006-02-15,1.0001387682493987
2006-02-16,1.032232415899859
2006-02-17,1.014555376729523
2006-02-21,1.0133103850590832
2006-02-22,1.0524504044110066
2006-02-23,1.060507408729917
2006-02-24,1.1491823302280422
2006-02-27,1.135673134223546
2006-02-28,1.0500796075009593
2006-03-01,0.994036391600374
2006-03-02,0.9932976291540753
2006-03-03,1.001588386489319
2006-03-06,1.0521587291726546
2006-03-07,1.0649858458705503
2006-03-08,1.05963440139602
2006-03-09,1.0539705057294564
2006-03-10,1.023825207410358
2006-03-13,1.0454022382996662
2006-03-14,1.0768292099373202
2006-03-15,1.0628930479080325
2006-03-16,1.0694761211282486
2006-03-17,1.0907739439027244
2006-03-20,1.0882741861013743
2006-03-21,1.1059104109126139
2006-03-22,1.0823893772791364
2006-03-23,1.0844437874804658
2006-03-24,1.210556075213953
2006-03-27,1.2111232638318536
2006-03-28,1.2508198521078986
2006-03-29,1.1996266199005674
2006-03-30,1.1030510965643148
2006-03-31,1.0973382588120888
2006-04-03,1.0876392623404278
2006-04-04,1.0202501213238917
2006-04-05,1.0113682776651114
2006-04-06,1.0158190490735057
2006-04-07,1.064537248451265
2006-04-10,1.0914385048046997
2006-04-11,1.0689999573053321
2006-04-12,1.0751488562880276
2006-04-13,1.0732591222195853
2006-04-17,1.0530501325753776
2006-04-18,1.1330730696687272
2006-04-19,1.1348489711692125
2006-04-20,1.1350434809169225
2006-04-21,1.116109971888236
2006-04-24,1.174029089174449
2006-04-25,1.2150977516800274
2006-04-26,1.2132205864313024
2006-04-27,1.2199100542799957
2006-04-28,1.2195449574554524
2006-05-01,1.2277226442976468
2006-05-02,1.2436855547985939
2006-05-03,1.2424909672112432
2006-05-04,1.1361869675264002
2006-05-05,1.1667719501065676
2006-05-08,1.1907652768188337
2006-05-09,1.1957021029220942
2006-05-10,1.1704084516507987
2006-05-11,1.1534839253634652
2006-05-12,1.1769545444750098
2006-05-15,1.161987339551252
2006-05-16,1.146238916477186
2006-05-17,1.1542769589501978
2006-05-18,1.1150593336240469
2006-05-19,1.088637056355308
2006-05-22,1.0783967450598675
2006-05-23,1.0802166706701897
2006-05-24,1.1341044239960423
2006-05-25,1.086588416626423
2006-05-26,1.0872322395977032
2006-05-30,1.0753784013132393
2006-05-31,1.0099460825545055
2006-06-01,0.9708832946186375
2006-06-02,0.9806088424162549
2006-06-05,0.9884370499252674
2006-06-06,1.0113169119226562
2006-06-07,1.012011187738288
2006-06-08,0.987647688507005
2006-06-09,0.9951517461313569
2006-06-12,0.9515213338187786
2006-06-13,1.0071647835269621
2006-06-14,0.9797731365522673
2006-06-15,0.9613867747484719
2006-06-16,0.9588306669328075
2006-06-19,0.9719969851327644
2006-06-20,0.9632989940669451
2006-06-21,0.9744236232034452
2006-06-22,0.9698963945454103
2006-06-23,0.9962149696476487
2006-06-26,0.9946195436121257
2006-06-27,0.9815715530890174
2006-06-28,0.9692333541963312
2006-06-29,1.0007832068901423
2006-06-30,0.997515807007544
2006-07-03,1.0011027524670715
2006-07-05,0.9774381482032205
2006-07-06,0.9777635424331377
2006-07-07,0.9774502572252695
2006-07-10,0.9782748743774582
2006-07-11,0.9862443055592228
2006-07-12,0.9713716038307519
2006-07-13,0.9299997374386216
2006-07-14,0.9229611878633941
2006-07-17,0.9326611991848933
2006-07-18,0.9161675843828696
2006-07-19,0.9508837998872973
2006-07-20,0.9487047844669665
2006-07-21,0.9526633031577806
2006-07-24,0.9200262257873135
2006-07-25,0.9166937766393312
2006-07-26,0.9170054421158376
2006-07-27,0.9049562013758647
2006-07-28,0.9117340714058897
2006-07-31,0.906340185716047
2006-08-01,0.8872808267732987
2006-08-02,0.8899548725176696
2006-08-03,0.8871889256173437
2006-08-04,0.8878716542511379
2006-08-07,0.8864458363051587
2006-08-08,0.8758436095674962
2006-08-09,0.8784541768335362
2006-08-10,0.8775436869304606
2006-08-11,0.8612746509575905
2006-08-14,0.8692318281086298
2006-08-15,0.8882163457560933
2006-08-16,0.9030032699595478
2006-08-17,0.9041318950677278
2006-08-18,0.9094426550332113
2006-08-21,0.9067297137277549
2006-08-22,0.9058846233201285
2006-08-23,0.8929433335082612
2006-08-24,0.9088525345261176
2006-08-25,0.9291735829829665
2006-08-28,0.919003362049542
2006-08-29,0.9123535767876734
2006-08-30,0.9109184050709407
2006-08-31,0.906625147730453
2006-09-01,0.9018615626112012
2006-09-05,0.9036193926044788
2006-09-06,0.9333908055645114
2006-09-07,0.8829576381557791
2006-09-08,0.9017974099305086
2006-09-11,0.9141387195306583
2006-09-12,0.9158477947197488
2006-09-13,0.8901937368866991
2006-09-14,0.9016301709178305
2006-09-15,0.8897552979140181
2006-09-18,0.871317318452344
2006-09-19,0.8646672055120975
2006-09-20,0.8683859342926707
2006-09-21,0.8495534003213802
2006-09-22,0.8564967416607434
2006-09-25,0.8068011121742469
2006-09-26,0.7841056400839803
2006-09-27,0.7761791360633821
2006-09-28,0.7699053394017473
2006-09-29,0.7695682693814259
2006-10-02,0.773864843020443
2006-10-03,0.7710757598997168
2006-10-04,0.7778272771996217
2006-10-05,0.8125043427624051
2006-10-06,0.8952091876580155
2006-10-09,0.9073944222935068
2006-10-10,0.8942088146354433
2006-10-11,0.9124343478562945
2006-10-12,0.8320011813352947
2006-10-13,0.8255561985270378
2006-10-16,0.8060400931396802
2006-10-17,0.906368165363191
2006-10-18,0.9102900757030294
2006-10-19,0.9052069350098081
2006-10-20,0.9163619478160354
2006-10-23,0.865938656663825
2006-10-24,0.8687796097704737
2006-10-25,0.9256204853486659
2006-10-26,0.9444530966716531
2006-10-27,0.8475501827779885
2006-10-30,0.8464979904593107
2006-10-31,0.8424406574655393
2006-11-01,0.80298108271692
2006-11-02,0.8016018774733868
2006-11-03,0.8240850132604011
2006-11-06,0.8326046697045341
2006-11-07,0.8377388229367349
2006-11-08,0.8002872768904558
2006-11-09,0.7161260257303226
2006-11-10,0.7239640286648799
2006-11-13,0.7181671422142356
2006-11-14,0.7566490779257533
2006-11-15,0.748538788630771
2006-11-16,0.7556164570132856
2006-11-17,0.7479570960208531
2006-11-20,0.7486810170816218
2006-11-21,0.7673258545875448
2006-11-22,0.7688640773605372
2006-11-24,0.7351232632005027
2006-11-27,0.6126504820382219
2006-11-28,0.6160783025954516
2006-11-29,0.580147160340887
2006-11-30,0.5253677703503746
2006-12-01,0.49127079007724156
2006-12-04,0.5208191648288217
2006-12-05,0.5049471463027113
2006-12-06,0.49440252664396345
2006-12-07,0.5104809072992536
2006-12-08,0.47744295350321775
2006-12-11,0.4817493074085152
2006-12-12,0.4835393734667755
2006-12-13,0.4883520641916984
2006-12-14,0.46108429919901567
2006-12-15,0.5326732812880526
2006-12-18,0.5582962579910261
2006-12-19,0.5151332780173666
2006-12-20,0.5614748836001714
2006-12-21,0.5585602387042488
2006-12-22,0.5952351799062623
2006-12-26,0.6013485004999602
2006-12-27,0.5550201422738876
2006-12-28,0.5573331490156769
2006-12-29,0.5125170378102826
2007-01-03,0.5193443973695796
2007-01-04,0.5031111818374887
2007-01-05,0.6147099978216153
2007-01-08,0.6339067477297556
2007-01-09,0.6249021467132996
2007-01-10,0.5992780791343055
2007-01-11,0.5776457698453626
2007-01-12,0.5927644501237087
2007-01-16,0.5833898008112343
2007-01-17,0.5829158361908485
2007-01-18,0.5903921014736425
2007-01-19,0.5905082669564867
2007-01-22,0.6194226245738474
2007-01-23,0.6227065956195589
2007-01-24,0.6061907210459805
2007-01-25,0.6577022061685022
2007-01-26,0.722653923258648
2007-01-29,0.7255312742425666
2007-01-30,0.7336081322432966
2007-01-31,0.7676938601919361
2007-02-01,0.7882436907223872
2007-02-02,0.7854164652991338
2007-02-05,0.7429227779488777
2007-02-06,0.7329266564044836
2007-02-07,0.7360388876301469
2007-02-08,0.7681822516575543
2007-02-09,0.7759936852641736
2007-02-12,0.7897318834536845
2007-02-13,0.7775596534664211
2007-02-14,0.8239734582545508
2007-02-15,0.8285452343280768
2007-02-16,0.8341988778009338
2007-02-20,0.8290271501175182
2007-02-21,0.8218100643267747
2007-02-22,0.8229183966394759
2007-02-23,0.8235022940283739
2007-02-26,0.9944096573651933
2007-02-27,0.6213839351062097
2007-02-28,0.6213200457927848
2007-03-01,0.6257737494770764
2007-03-02,0.7265296267295147
2007-03-05,0.7413363166398942
2007-03-06,0.8172551226009118
2007-03-07,0.8153694913139533
2007-03-08,0.810427749109462
2007-03-09,0.8144567315321104
2007-03-12,0.8136025643591668
2007-03-13,0.7872836469437632
2007-03-14,0.785431236620032
2007-03-15,0.7959798334569922
2007-03-16,0.7922540418612233
2007-03-19,0.7817895268590385
2007-03-20,0.7853523556928323
2007-03-21,0.7904902908706501
2007-03-22,0.7929806151105779
2007-03-23,0.7814124517139075
2007-03-26,0.7718567022550686
2007-03-27,0.7883221665544006
2007-03-28,0.7850423711217154
2007-03-29,0.7842811355959789
2007-03-30,0.7820316263921597
2007-04-02,0.7838595373262452
2007-04-03,0.7585430243465207
2007-04-04,0.7560131163002074
2007-04-05,0.7562590695390287
2007-04-09,0.7571719384864097
2007-04-10,0.7696286398700992
2007-04-11,0.7619394644694275
2007-04-12,0.7581206396817907
2007-04-13,0.758380063444636
2007-04-16,0.7722920526696044
2007-04-17,0.7714786457229668
2007-04-18,0.7712011824069703
2007-04-19,0.773950987399793
2007-04-20,0.7764726658901104
2007-04-23,0.7483051143269251
2007-04-24,0.7478639638389293
2007-04-25,0.7203244788829122
2007-04-26,0.7221362456630016
2007-04-27,0.7133855306250672
2007-04-30,0.6668923000751981
2007-05-01,0.6676492018769702
2007-05-02,0.6752269111170723
2007-05-03,0.6823500220797307
2007-05-04,0.6853033317078919
2007-05-07,0.6870765410509502
2007-05-08,0.6823493697739801
2007-05-09,0.6705575313314865
2007-05-10,0.6913020936906703
2007-05-11,0.6682031736958094
2007-05-14,0.6719308592699529
2007-05-15,0.6709546544151048
2007-05-16,0.6580606025299048
2007-05-17,0.6639804214634106
2007-05-18,0.6544834819136063
2007-05-21,0.6651462668934137
2007-05-22,0.6731039335408803
2007-05-23,0.8923731682270291
2007-05-24,0.8862996129011509
2007-05-25,0.8693925730057622
2007-05-29,0.7658950337519712
2007-05-30,0.7010111341117796
2007-05-31,0.6004493243795122
2007-06-01,0.6136637935134488
2007-06-04,0.6119048384060777
2007-06-05,0.6227371967162313
2007-06-06,0.6519928057231007
2007-06-07,0.8995960462797329
2007-06-08,0.8743790030119523
2007-06-11,0.8739991176915812
2007-06-12,0.9620157878747854
2007-06-13,1.0353383868971737
2007-06-14,1.022713246116635
2007-06-15,1.040968264240324
2007-06-18,1.0386198080003644
2007-06-19,1.049362786070522
2007-06-20,1.0706703844188032
2007-06-21,1.081368549529397
2007-06-22,1.051261665335238
2007-06-25,1.0429962118163076
2007-06-26,1.0526813885243158
2007-06-27,1.0421896717858186
2007-06-28,1.0347658762013778
2007-06-29,1.023533638307322
2007-07-02,1.0544526900043119
2007-07-03,1.0475084918203392
2007-07-05,1.0481651710682525
2007-07-06,1.0604352636476042
2007-07-09,1.061435439055784
2007-07-10,0.9570623892128676
2007-07-11,0.916083309710512
2007-07-12,0.9073223546792861
2007-07-13,0.9088626047906624
2007-07-16,0.9010934076832978
2007-07-17,0.8980642174662274
2007-07-18,0.8897135577091262
2007-07-19,0.8914829135264706
2007-07-20,0.8807235844020985
2007-07-23,0.8785128714647326
2007-07-24,0.8423259868525128
2007-07-25,0.8869465096725184
2007-07-26,0.8237089776438002
2007-07-27,0.7594770010267362
2007-07-30,0.7371569010301021
2007-07-31,0.701079170496709
2007-08-01,0.701403470102896
2007-08-02,0.7023248199078038
2007-08-03,0.656614253072219
2007-08-06,0.634069963309634
2007-08-07,0.6363265519410166
2007-08-08,0.6107979545583888
2007-08-09,0.6497433057052057
2007-08-10,0.6574807398585645
2007-08-13,0.6548923817535902
2007-08-14,0.6508566301746035
2007-08-15,0.6550090405333893
2007-08-16,0.6484543577228565
2007-08-17,0.6425127576015922
2007-08-20,0.644833190465181
2007-08-21,0.6503249725949171
2007-08-22,0.6499868731269577
2007-08-23,0.6577513625951497
2007-08-24,0.6762453759944577
2007-08-27,0.66472606618421
2007-08-28,0.6535982360380892
2007-08-29,0.6336410109663079
2007-08-30,0.6237742007593169
2007-08-31,0.5587278593234799
2007-09-04,0.585059118276764
2007-09-05,0.5874560276097925
2007-09-06,0.5595331689088048
2007-09-07,0.5285382280687476
2007-09-10,0.5321657230145546
2007-09-11,0.5372948923898584
2007-09-12,0.5336379193985425
2007-09-13,0.521715748846885
2007-09-14,0.513032276827148
2007-09-17,0.506954211857848
2007-09-18,0.49827250608084844
2007-09-19,0.4853184035044088
2007-09-20,0.4793134308833484
2007-09-21,0.47349341923580124
2007-09-24,0.47361849101089903
2007-09-25,0.47661875785779056
2007-09-26,0.45324807794623
2007-09-27,0.4627999905010974
2007-09-28,0.4581410540059615
2007-10-01,0.47135139795931313
2007-10-02,0.47521544187453435
2007-10-03,0.49688189655274395
2007-10-04,0.5079188267679025
2007-10-05,0.5102090961563412
2007-10-08,0.5115573575224817
2007-10-09,0.5131610105223487
2007-10-10,0.5124493628611958
2007-10-11,0.513337018089143
2007-10-12,0.5124834207637912
2007-10-15,0.5192569800780036
2007-10-16,0.5210671549235276
2007-10-17,0.520302559118185
2007-10-18,0.5197960437424642
2007-10-19,0.484000104758994
2007-10-22,0.4901481020341124
2007-10-23,0.4975015679984522
2007-10-24,0.5077076899866086
2007-10-25,0.5083799746847031
2007-10-26,0.5173781990497215
2007-10-29,0.5362442863420909
2007-10-30,0.554817075208106
2007-10-31,0.5542868446617086
2007-11-01,0.59658337673247
2007-11-02,0.5407640487397409
2007-11-05,0.5490409384894817
2007-11-06,0.5706739612006202
2007-11-07,0.5551076095859334
2007-11-08,0.5419885727337481
2007-11-09,0.5394454835011854
2007-11-12,0.597271149520501
2007-11-13,0.5873275570228409
2007-11-14,0.5839063145437359
2007-11-15,0.6040194719273082
2007-11-16,0.6022717491209312
2007-11-19,0.584034363662026
2007-11-20,0.594004241336078
2007-11-21,0.588752198536237
2007-11-23,0.6293843143758812
2007-11-26,0.6012068209596559
2007-11-27,0.575968813232369
2007-11-28,0.5172864204608352
2007-11-29,0.5141163047469236
2007-11-30,0.5020338529461225
2007-12-03,0.4987116273605678
2007-12-04,0.4951052586379968
2007-12-05,0.468415507312019
2007-12-06,0.4718114335987978
2007-12-07,0.4759521480538189
2007-12-10,0.4773127347375395
2007-12-11,0.4618606685518819
2007-12-12,0.4688470938875984
2007-12-13,0.47834620754218804
2007-12-14,0.48458876644157384
2007-12-17,0.47895230207528217
2007-12-18,0.48873307556635864
2007-12-19,0.4872961611855431
2007-12-20,0.4876395009798295
2007-12-21,0.47071630285214244
2007-12-24,0.4680588900293399
2007-12-26,0.4530008320546259
2007-12-27,0.43568216536390303
2007-12-28,0.4255425682588445
2007-12-31,0.42065146095694883
2008-01-02,0.40421278966619983
2008-01-03,0.4040045181015369
2008-01-04,0.45136482298267094
2008-01-07,0.4508080180683753
2008-01-08,0.4519695122844148
2008-01-09,0.45605545722050694
2008-01-10,0.4539217439959906
2008-01-11,0.44915446697215433
2008-01-14,0.4542628244946969
2008-01-15,0.45657332537319145
2008-01-16,0.4835352672737033
2008-01-17,0.4743527135942839
2008-01-18,0.4732415866809262
2008-01-22,0.4647614533087018
2008-01-23,0.45230676507717016
2008-01-24,0.4392829036160977
2008-01-25,0.4302339884227585
2008-01-28,0.4451217685427762
2008-01-29,0.4401897684100622
2008-01-30,0.42746939388363225
2008-01-31,0.4439600763514056
2008-02-01,0.4277983625370862
2008-02-04,0.4169386060685722
2008-02-05,0.4349672368581575
2008-02-06,0.43321776767866654
2008-02-07,0.435604525725943
2008-02-08,0.40583819499305424
2008-02-11,0.3980786679620526
2008-02-12,0.38538434182957454
2008-02-13,0.36388038008152573
2008-02-14,0.3764951402481866
2008-02-15,0.37477513907818416
2008-02-19,0.37071413671187803
2008-02-20,0.3779037293368706
2008-02-21,0.3518007445990792
2008-02-22,0.3639104360687464
2008-02-25,0.36020668226260594
2008-02-26,0.3781048256497703
2008-02-27,0.3775652497908228
2008-02-28,0.36888559257359804
2008-02-29,0.35149896418013993
2008-03-03,0.35318808135437535
2008-03-04,0.36774057343619415
2008-03-05,0.37261747313605353
2008-03-06,0.409144015402445
2008-03-07,0.4140293911298471
2008-03-10,0.42977474293249995
2008-03-11,0.4171873345513738
2008-03-12,0.4112517474645123
2008-03-13,0.4027134120822562
2008-03-14,0.39619737951087713
2008-03-17,0.38316461334504054
2008-03-18,0.3368010681417619
2008-03-19,0.3657878434896994
2008-03-20,0.34633092174630903
2008-03-24,0.33107132471853645
2008-03-25,0.33465288799300863
2008-03-26,0.3404968369386634
2008-03-27,0.345965003627951
2008-03-28,0.3456675739002825
2008-03-31,0.3517525656882843
2008-04-01,0.30956503145312103
2008-04-02,0.2756806670789898
2008-04-03,0.2757774154313201
2008-04-04,0.2734767092524306
2008-04-07,0.26888149711139925
2008-04-08,0.2703533965074423
2008-04-09,0.26498114357931973
2008-04-10,0.25697038711768855
2008-04-11,0.24973080550199311
2008-04-14,0.24523789050681324
2008-04-15,0.24647641439109574
2008-04-16,0.2519615378019631
2008-04-17,0.2597063471408664
2008-04-18,0.24837302396276315
2008-04-21,0.25015979628078255
2008-04-22,0.2560738238789111
2008-04-23,0.2296698928195621
2008-04-24,0.22530610772542006
2008-04-25,0.2139602462271814
2008-04-28,0.18604055067463388
2008-04-29,0.1912341866456502
2008-04-30,0.17839449529911205
2008-05-01,0.14400110532762062
2008-05-02,0.14673893868410115
2008-05-05,0.1442684748084438
2008-05-06,0.15692316215520014
2008-05-07,0.1757073362884241
2008-05-08,0.18169128099076082
2008-05-09,0.18583664315257167
2008-05-12,0.1686785186687092
2008-05-13,0.16840033399885812
2008-05-14,0.16706118991901858
2008-05-15,0.1773942370420718
2008-05-16,0.18225267763234254
2008-05-19,0.18317527614177817
2008-05-20,0.18710355821490243
2008-05-21,0.18284050042736205
2008-05-22,0.18036922512689796
2008-05-23,0.18421886096820564
2008-05-27,0.188186045358633
2008-05-28,0.18229686735545292
2008-05-29,0.16990367673172763
2008-05-30,0.16447798694992977
2008-06-02,0.12481368197440351
2008-06-03,0.11836266933555888
2008-06-04,0.11219446460124509
2008-06-05,0.11008458250351529
2008-06-06,0.17144047163746448
2008-06-09,0.16892207177209245
2008-06-10,0.18845585940047777
2008-06-11,0.1932156184639262
2008-06-12,0.20252900796581078
2008-06-13,0.1580498122992162
2008-06-16,0.18144502834039025
2008-06-17,0.19741826800723528
2008-06-18,0.18320161394354173
2008-06-19,0.18960881896206527
2008-06-20,0.18082458558959819
2008-06-23,0.18962854577831204
2008-06-24,0.1869020240853167
2008-06-25,0.26622240768883076
2008-06-26,0.2406759494913719
2008-06-27,0.23876773565123105
2008-06-30,0.23772826337228634
2008-07-01,0.24350246454569174
2008-07-02,0.2522297791423682
2008-07-03,0.2697023437309012
2008-07-07,0.2791355320315754
2008-07-08,0.2998552279073267
2008-07-09,0.2937685225047853
2008-07-10,0.3091164875457473
2008-07-11,0.3044360025873049
2008-07-14,0.293584812918295
2008-07-15,0.3170717582971015
2008-07-16,0.24812860132024772
2008-07-17,0.24677210971092275
2008-07-18,0.2497412809684259
2008-07-21,0.2697706533346043
2008-07-22,0.26117266533076156
2008-07-23,0.250778812892546
2008-07-24,0.20885302156483537
2008-07-25,0.2102396520554589
2008-07-28,0.18583795880102028
2008-07-29,0.15434329694349302
2008-07-30,0.1530484410273001
2008-07-31,0.12079519237532037
2008-08-01,0.09870615969061544
2008-08-04,0.11120663810423705
2008-08-05,0.1353492530757826
2008-08-06,0.13458050677128747
2008-08-07,0.1488431441209304
2008-08-08,0.16851181194914677
2008-08-11,0.12176858465860539
2008-08-12,0.11727694558309218
2008-08-13,0.11568974022036539
2008-08-14,0.12186410892173904
2008-08-15,0.12389779674892239
2008-08-18,0.12135005901937412
2008-08-19,0.13289666561853683
2008-08-20,0.15030684711287756
2008-08-21,0.16311353041162033
2008-08-22,0.17303261050640625
2008-08-25,0.15219300458702245
2008-08-26,0.1507992898089325
2008-08-27,0.15009458383572763
2008-08-28,0.1619603068681876
2008-08-29,0.1409110046213829
2008-09-02,0.10186543254726524
2008-09-03,0.10262288130194977
2008-09-04,0.1314734959636482
2008-09-05,0.13331375798961356
2008-09-08,0.15348906335655882
2008-09-09,0.18094804051310193
2008-09-10,0.17241243654373062
2008-09-11,0.16964245109549037
2008-09-12,0.1773782473899519
2008-09-15,0.07688757699716084
2008-09-16,0.07835074424881364
2008-09-17,-0.01865716449322521
2008-09-18,-0.03459263683422183
2008-09-19,-0.022530492116812427
2008-09-22,-0.019650827670974903
2008-09-23,-0.008830058819389794
2008-09-24,-0.0089153950221038
2008-09-25,-0.0028985257427400217
2008-09-26,-0.012356962745806761
2008-09-29,0.010465058812070067
2008-09-30,-0.02046316476763084
2008-10-01,-0.030823781864381058
2008-10-02,0.008928508183596903
2008-10-03,0.004196832383818189
2008-10-06,-0.0010658687602457491
2008-10-07,0.018659750535028795
2008-10-08,0.02001730053129566
2008-10-09,0.06559558835954601
2008-10-10,0.08766446789826002
2008-10-13,0.1340424077846841
2008-10-14,0.13308078330939405
2008-10-15,0.13421329582017538
2008-10-16,0.12676475226623854
2008-10-17,0.13162693326464808
2008-10-20,0.14587478444519228
2008-10-21,0.15067999949063998
2008-10-22,0.15706327269706002
2008-10-23,0.1586886423315228
2008-10-24,0.1656033059328018
2008-10-27,0.16680297620294846
2008-10-28,0.1919403691641306
2008-10-29,0.18998235618211276
2008-10-30,0.18746347177231
2008-10-31,0.18276342186423028
2008-11-03,0.18008487014589297
2008-11-04,0.1921227651049258
2008-11-05,0.19479989156124117
2008-11-06,0.1950285324691452
2008-11-07,0.1952891404767569
2008-11-10,0.1947508532531227
2008-11-11,0.19553797834078995
2008-11-12,0.19564924300424982
2008-11-13,0.18846106117368214
2008-11-14,0.18103377997967784
2008-11-17,0.1808219682495727
2008-11-18,0.1834319050710894
2008-11-19,0.17371715274242022
2008-11-20,0.15352349921616237
2008-11-21,0.1573938839387561
2008-11-24,0.1563244973078347
2008-11-25,0.1590818687362313
2008-11-26,0.16005479915259704
2008-11-28,0.1588525822970357
2008-12-01,0.16129161464716288
2008-12-02,0.16099037128462754
2008-12-03,0.1577806202364884
2008-12-04,0.15868880722655299
2008-12-05,0.15701727820879713
2008-12-08,0.15756039915852438
2008-12-09,0.16553744570084986
2008-12-10,0.16650176358073757
2008-12-11,0.17770089853937016
2008-12-12,0.182558135784374
2008-12-15,0.18345160819507464
2008-12-16,0.18957596792839387
2008-12-17,0.18818286587656605
2008-12-18,0.18772880178453932
2008-12-19,0.18699584195529187
2008-12-22,0.18688824193775366
2008-12-23,0.18942656997255033
2008-12-24,0.19731067555334766
2008-12-26,0.19807724970884877
2008-12-29,0.19220713568790476
2008-12-30,0.19469119773115381
2008-12-31,0.19489417754348767
2009-01-02,0.1936320048043299
2009-01-05,0.19281649235123152
2009-01-06,0.18629003823744833
2009-01-07,0.17959188714893173
2009-01-08,0.1762264527879721
2009-01-09,0.17627347255001813
2009-01-12,0.1800434963370937
2009-01-13,0.18929400298986762
2009-01-14,0.18697264469635788
2009-01-15,0.18087042222696634
2009-01-16,0.17758473986913087
2009-01-20,0.17071600301041082
2009-01-21,0.16171104689269256
2009-01-22,0.15640025730540644
2009-01-23,0.1540328758194725
2009-01-26,0.1271693426413743
2009-01-27,0.1275390182832024
2009-01-28,0.12743205602331445
2009-01-29,0.14276600165435058
2009-01-30,0.14419161367380665
2009-02-02,0.1348857157770432
2009-02-03,0.12673214725387366
2009-02-04,0.12135665180551067
2009-02-05,0.12345705606838786
2009-02-06,0.12628497905170688
2009-02-09,0.12395819979237736
2009-02-10,0.1111004298315329
2009-02-11,0.12047194789782134
2009-02-12,0.12857507785083105
2009-02-13,0.13020219281833295
2009-02-17,0.116273034478225
2009-02-18,0.12775366769633595
2009-02-19,0.1720201657431711
2009-02-20,0.16194446263741938
2009-02-23,0.16663876321318316
2009-02-24,0.1533934562390831
2009-02-25,0.1539712993450095
2009-02-26,0.15550309198930543
2009-02-27,0.1495253717507281
2009-03-02,0.15742244610262235
2009-03-03,0.16028435377850458
2009-03-04,0.159693712448729
2009-03-05,0.15472469808804787
2009-03-06,0.15138777468577638
2009-03-09,0.15811296565460176
2009-03-10,0.1324729918072599
2009-03-11,0.13639024496070776
2009-03-12,0.1551556251366296
2009-03-13,0.1588427271854066
2009-03-16,0.13655605285902292
2009-03-17,0.13775683380220022
2009-03-18,0.16114247701906076
2009-03-19,0.16006812908351786
2009-03-20,0.1639397228518988
2009-03-23,0.15826289956296222
2009-03-24,0.1574992647001813
2009-03-25,0.15430148574048289
2009-03-26,0.15850841357453843
2009-03-27,0.1481721778115131
2009-03-30,0.14838800896142015
2009-03-31,0.15320952753069914
2009-04-01,0.15814756869229657
2009-04-02,0.15613210993343737
2009-04-03,0.15099255182350274
2009-04-06,0.1529758215481896
2009-04-07,0.15308499985865898
2009-04-08,0.1528716590516224
2009-04-09,0.14971442387360653
2009-04-13,0.15228102300186663
2009-04-14,0.1529921918485512
2009-04-15,0.15309048691660612
2009-04-16,0.15598240885026982
2009-04-17,0.1695360399912095
2009-04-20,0.15504641042400155
2009-04-21,0.15215024238853336
2009-04-22,0.15254577535779257
2009-04-23,0.15065473894804599
2009-04-24,0.1535954955035708
2009-04-27,0.13721405524040095
2009-04-28,0.13681750497048425
2009-04-29,0.12848907660472378
2009-04-30,0.12876003341611716
2009-05-01,0.12890900041423675
2009-05-04,0.1435346370712371
2009-05-05,0.13950698016533714
2009-05-06,0.14368785655182836
2009-05-07,0.16244708219228685
2009-05-08,0.16770249048719235
2009-05-11,0.16525144596601732
2009-05-12,0.1603889616066786
2009-05-13,0.18218236112515016
2009-05-14,0.18294954768859686
2009-05-15,0.17847610320389598
2009-05-18,0.17362620538634857
2009-05-19,0.17629787422197002
2009-05-20,0.18176578540172775
2009-05-21,0.18177819614145413
2009-05-22,0.17597350728548466
2009-05-26,0.1584340466026677
2009-05-27,0.1502273793369924
2009-05-28,0.15161638394211474
2009-05-29,0.16669988189095314
2009-06-01,0.18420822110630852
2009-06-02,0.1837847702404605
2009-06-03,0.18458597182014894
2009-06-04,0.2188202699128377
2009-06-05,0.2236894414528281
2009-06-08,0.20790197545927322
2009-06-09,0.20826502971072913
2009-06-10,0.20687460681824646
2009-06-11,0.21237188015688854
2009-06-12,0.19106740880358342
2009-06-15,0.19829135527897024
2009-06-16,0.182588135805824
2009-06-17,0.19954372555952124
2009-06-18,0.19929187158749662
2009-06-19,0.2012592524627334
2009-06-22,0.20731893239979485
2009-06-23,0.2118063844331882
2009-06-24,0.2222646504402371
2009-06-25,0.23834679835617056
2009-06-26,0.2311383987914318
2009-06-29,0.2395631335781415
2009-06-30,0.2466986824721225
2009-07-01,0.24029907030527708
2009-07-02,0.25935001779002836
2009-07-06,0.256656122882063
2009-07-07,0.27909513944536735
2009-07-08,0.27959605624808426
2009-07-09,0.2803301255519588
2009-07-10,0.2794336711769146
2009-07-13,0.2972803073487441
2009-07-14,0.2983619083722914
2009-07-15,0.3456343875933086
2009-07-16,0.35739760743262683
2009-07-17,0.3583438599261203
2009-07-20,0.36516502972923626
2009-07-21,0.37472896520188537
2009-07-22,0.3772293046639367
2009-07-23,0.3557498560940452
2009-07-24,0.387015286163024
2009-07-27,0.38402355114890413
2009-07-28,0.3855982156824429
2009-07-29,0.3548589430142401
2009-07-30,0.3660309759724107
2009-07-31,0.3583715095467165
2009-08-03,0.36280009059946866
2009-08-04,0.35377435410294156
2009-08-05,0.3662882584681867
2009-08-06,0.37235932352497547
2009-08-07,0.4030689665215744
2009-08-10,0.4045803435026959
2009-08-11,0.40381297192648424
2009-08-12,0.45922521123859067
2009-08-13,0.46639755396280885
2009-08-14,0.47984451667559913
2009-08-17,0.4816599914346995
2009-08-18,0.4800630057738011
2009-08-19,0.5474008442203451
2009-08-20,0.5437636756515678
2009-08-21,0.5277594132501143
2009-08-24,0.4806586138595487
2009-08-25,0.4964561180948793
2009-08-26,0.49509389059122205
2009-08-27,0.48007353628267
2009-08-28,0.47241794705944823
2009-08-31,0.4649563858536365
2009-09-01,0.4901281174132067
2009-09-02,0.48085936299500603
2009-09-03,0.4873457586441408
2009-09-04,0.4897348232367131
2009-09-08,0.4906885275364907
2009-09-09,0.492494759884912
2009-09-10,0.5299403153485717
2009-09-11,0.5272869722211748
2009-09-14,0.5285528440492445
2009-09-15,0.52813151136303
2009-09-16,0.53845425860932
2009-09-17,0.5409371455486458
2009-09-18,0.5483498571829797
2009-09-21,0.5324298497276027
2009-09-22,0.5357821160452613
2009-09-23,0.5493969975178427
2009-09-24,0.5465941059225812
2009-09-25,0.5401417723044066
2009-09-28,0.5203035983778721
2009-09-29,0.5158379448496235
2009-09-30,0.515303251002317
2009-10-01,0.6049534041115248
2009-10-02,0.6057417467530932
2009-10-05,0.6369231409850065
2009-10-06,0.6920782011914496
2009-10-07,0.6977218050154698
2009-10-08,0.7672249222704733
2009-10-09,0.7543365733441801
2009-10-12,0.7513476795741924
2009-10-13,0.7385924887078015
2009-10-14,0.7043524672951268
2009-10-15,0.7009814522189622
2009-10-16,0.7599257329986882
2009-10-19,0.7671392550046833
2009-10-20,0.7748699574556439
2009-10-21,0.7752890542770597
2009-10-22,0.7685589682077966
2009-10-23,0.7592704084714522
2009-10-26,0.7850111658697257
2009-10-27,0.7680096776554189
2009-10-28,0.7293678923774889
2009-10-29,0.6829722124437994
2009-10-30,0.5763785623883054
2009-11-02,0.5873135382287048
2009-11-03,0.5926908513775073
2009-11-04,0.5989937608044752
2009-11-05,0.6157834014937894
2009-11-06,0.6089615074338602
2009-11-09,0.6186794410276537
2009-11-10,0.6189873698795826
2009-11-11,0.626420458401546
2009-11-12,0.6401810755496953
2009-11-13,0.6474507949217256
2009-11-16,0.6875397084050333
2009-11-17,0.6874466559953556
2009-11-18,0.6887969160732405
2009-11-19,0.6868895546455189
2009-11-20,0.6884419347895676
2009-11-23,0.6914695559294824
2009-11-24,0.6921273683742185
2009-11-25,0.670317346821211
2009-11-27,0.6759764209667528
2009-11-30,0.6669725692126302
2009-12-01,0.6826578555407182
2009-12-02,0.6863896892268646
2009-12-03,0.7030993594307522
2009-12-04,0.669175567544596
2009-12-07,0.6714750373037616
2009-12-08,0.7009652253799996
2009-12-09,0.6985281804407257
2009-12-10,0.6877466617649731
2009-12-11,0.6814036355799994
2009-12-14,0.685398816410098
2009-12-15,0.6879536998845275
2009-12-16,0.6841374118015976
2009-12-17,0.6938876116941244
2009-12-18,0.6920568516969369
2009-12-21,0.6630614723293704
2009-12-22,0.6674436127467682
2009-12-23,0.6670546410286812
2009-12-24,0.6702994815971087
2009-12-28,0.5859775558988094
2009-12-29,0.5804677761590387
2009-12-30,0.5373489723785388
2009-12-31,0.4846149770994823
2010-01-04,0.5451525770222015
2010-01-05,0.5417831357117331
2010-01-06,0.5606202337900209
2010-01-07,0.5583348166272675
2010-01-08,0.5628713627457496
2010-01-11,0.5938525424785459
2010-01-12,0.5962636880432736
2010-01-13,0.5914443780030658
2010-01-14,0.5819525148102919
2010-01-15,0.581095727551939
2010-01-19,0.5715172269457816
2010-01-20,0.5860849316711657
2010-01-21,0.5925619921166091
2010-01-22,0.5790447276920553
2010-01-25,0.5899932345657852
2010-01-26,0.6204412982731908
2010-01-27,0.6697414273786011
2010-01-28,0.853263387390748
2010-01-29,0.8288593961191784
2010-02-01,0.8310156517878761
2010-02-02,0.8328118077453879
2010-02-03,0.8392876244542505
2010-02-04,0.8857380877915999
2010-02-05,0.8794496940780432
2010-02-08,0.8805785603616104
2010-02-09,0.860614973860061
2010-02-10,0.8542047532871874
2010-02-11,0.8490540876845039
2010-02-12,0.8156103249730277
2010-02-16,0.8454877274363439
2010-02-17,0.8337770380143082
2010-02-18,0.8485104602308993
2010-02-19,0.8524008949326691
2010-02-22,0.8490819015177208
2010-02-23,0.8260275600855401
2010-02-24,0.8113729031281428
2010-02-25,0.8377925048571863
2010-02-26,0.8370249930724224
2010-03-01,0.8192936809586281
2010-03-02,0.8181810603127655
2010-03-03,0.8134143831448902
2010-03-04,0.8454631491946362
2010-03-05,0.8444665079876651
2010-03-08,0.8248772107254038
2010-03-09,0.8269040528315634
2010-03-10,0.8280890249798945
2010-03-11,0.8364342799548414
2010-03-12,0.8318784904844535
2010-03-15,0.8286365543808915
2010-03-16,0.8445513062870916
2010-03-17,0.8263272305992212
2010-03-18,0.8237524504828415
2010-03-19,0.882127446325387
2010-03-22,0.8859527189826342
2010-03-23,0.8759174529848207
2010-03-24,0.9039893977450767
2010-03-25,0.9072345968706542
2010-03-26,0.9093209813911148
2010-03-29,0.9002650565873105
2010-03-30,0.9062609976848894
2010-03-31,0.8421703446628771
2010-04-01,0.852943981562681
2010-04-05,0.8610797270851176
2010-04-06,0.8625048764712018
2010-04-07,0.8549214165444559
2010-04-08,0.8552655189845662
2010-04-09,0.8753127845963325
2010-04-12,0.8897594658523341
2010-04-13,0.8878219258101997
2010-04-14,0.8793604364808034
2010-04-15,0.8889381008077001
2010-04-16,0.8937707228078932
2010-04-19,0.9040774907955874
2010-04-20,0.9332881110790855
2010-04-21,0.92917783345158
2010-04-22,0.9276242627454055
2010-04-23,0.9318546508634339
2010-04-26,0.9271824067978116
2010-04-27,0.6955980798038186
2010-04-28,0.6542469851849484
2010-04-29,0.6477429812165774
2010-04-30,0.5671194475023976
2010-05-03,0.40044921758335533
2010-05-04,0.4647963400265997
2010-05-05,0.45628390852214745
2010-05-06,0.3483821665937606
2010-05-07,0.39111047258782916
2010-05-10,0.3421239927278794
2010-05-11,0.3387864841789993
2010-05-12,0.3044262238811706
2010-05-13,0.3190257391641916
2010-05-14,0.3076284336039806
2010-05-17,0.307188819595961
2010-05-18,0.2939564153674319
2010-05-19,0.3110410193224924
2010-05-20,0.3106860888222353
2010-05-21,0.30864029564548356
2010-05-24,0.30708363535396516
2010-05-25,0.29853141069733596
2010-05-26,0.29611432644660285
2010-05-27,0.26544467345137557
2010-05-28,0.2678454407579626
2010-06-01,0.252814357745888
2010-06-02,0.25291554451386816
2010-06-03,0.24741727370518957
2010-06-04,0.23513288357169432
2010-06-07,0.22344388137428717
2010-06-08,0.21944654096883945
2010-06-09,0.2209289922345761
2010-06-10,0.17968618136900913
2010-06-11,0.18554016954150512
2010-06-14,0.18505294519315635
2010-06-15,0.19311697668544184
2010-06-16,0.19304695973533154
2010-06-17,0.19748668138630823
2010-06-18,0.18910918989784428
2010-06-21,0.19221604038603937
2010-06-22,0.18434462673611834
2010-06-23,0.18831227385492524
2010-06-24,0.1911168329845345
2010-06-25,0.1955233218709103
2010-06-28,0.18896888698251696
2010-06-29,0.1746099730441295
2010-06-30,0.1711909330749925
2010-07-01,0.17467119460777764
2010-07-02,0.1734630179224676
2010-07-06,0.16521050060226994
2010-07-07,0.18450459228838476
2010-07-08,0.18276403688547835
2010-07-09,0.18389383181889915
2010-07-12,0.18253882322384857
2010-07-13,0.17366487794366753
2010-07-14,0.17451410418142851
2010-07-15,0.170634439505278
2010-07-16,0.18750262018635147
2010-07-19,0.18528438160830402
2010-07-20,0.18756254804024394
2010-07-21,0.18548984120873913
2010-07-22,0.21613460037213866
2010-07-23,0.21683342525891286
2010-07-26,0.20674988913354647
2010-07-27,0.215709370210087
2010-07-28,0.20681779253432583
2010-07-29,0.1887573240009277
2010-07-30,0.19078867356808224
2010-08-02,0.222579209229455
2010-08-03,0.2057191843332512
2010-08-04,0.20079697820390927
2010-08-05,0.20136301392784212
2010-08-06,0.19730605215396305
2010-08-09,0.19222080335345082
2010-08-10,0.1973448493581097
2010-08-11,0.19899131721209098
2010-08-12,0.20352782832701627
2010-08-13,0.19464462742282626
2010-08-16,0.1837472495185646
2010-08-17,0.17994908535382323
2010-08-18,0.18019655691917746
2010-08-19,0.17277131208516602
2010-08-20,0.17410700158870762
2010-08-23,0.19178820885672462
2010-08-24,0.18697333575773656
2010-08-25,0.18801167241649486
2010-08-26,0.18439698412742195
2010-08-27,0.1747987850646829
2010-08-30,0.18425748666910882
2010-08-31,0.19844217138197784
2010-09-01,0.19867633247736188
2010-09-02,0.19697864557671516
2010-09-03,0.23440313587715164
2010-09-07,0.22140692865527728
2010-09-08,0.21990483729869997
2010-09-09,0.19408719955571707
2010-09-10,0.19283479925552283
2010-09-13,0.19649655496086638
2010-09-14,0.19575507031248535
2010-09-15,0.1854503668702375
2010-09-16,0.19895781618802322
2010-09-17,0.19902874036991258
2010-09-20,0.20780020301025165
2010-09-21,0.19971718675027636
2010-09-22,0.19715364179785935
2010-09-23,0.21585912652007366
2010-09-24,0.19885327696659585
2010-09-27,0.1734327532521631
2010-09-28,0.17925265483241598
2010-09-29,0.18328118610059932
2010-09-30,0.15271991468113463
2010-10-01,0.15929497140168092
2010-10-04,0.17384715880887783
2010-10-05,0.24607244739701856
2010-10-06,0.2464038217519913
2010-10-07,0.2514477362881556
2010-10-08,0.2561696569946317
2010-10-11,0.21004756256042395
2010-10-12,0.21350044954295186
2010-10-13,0.21908861604287838
2010-10-14,0.2278335736477353
2010-10-15,0.23715156984973906
2010-10-18,0.2582776965253318
2010-10-19,0.3526701460353824
2010-10-20,0.3587062944853418
2010-10-21,0.36306215779061457
2010-10-22,0.36503922539873546
2010-10-25,0.36797367133714715
2010-10-26,0.3520117800522122
2010-10-27,0.36036968482583726
2010-10-28,0.35412773416300897
2010-10-29,0.3545397322290138
2010-11-01,0.3571497667541055
2010-11-02,0.3707546888199813
2010-11-03,0.3694571563370343
2010-11-04,0.5327567940291112
2010-11-05,0.5396726195231822
2010-11-08,0.5443716070323066
2010-11-09,0.6054974058838908
2010-11-10,0.6295057217715684
2010-11-11,0.6292249357269464
2010-11-12,0.7595183381779369
2010-11-15,0.7705661103959467
2010-11-16,0.7478605884818862
2010-11-17,0.7878511053865674
2010-11-18,0.8094809007673137
2010-11-19,0.8228267391788049
2010-11-22,0.8821950002650027
2010-11-23,0.8641887791482394
2010-11-24,0.8015720423244567
2010-11-26,0.8923300297707766
2010-11-29,0.8914681333236903
2010-11-30,0.891716960051009
2010-12-01,0.9344868122828971
2010-12-02,0.9418584583362036
2010-12-03,0.9590868688038392
2010-12-06,0.9586152338992596
2010-12-07,0.9755935106346623
2010-12-08,0.9808832743986435
2010-12-09,0.9864478445833817
2010-12-10,0.9781576524114105
2010-12-13,0.9769734666669119
2010-12-14,0.9962554607034265
2010-12-15,1.029890029917946
2010-12-16,1.0427863483482886
2010-12-17,1.061085329571666
2010-12-20,1.2165856514361635
2010-12-21,1.243716482339211
2010-12-22,1.2345406913553778
2010-12-23,1.2335084749022354
2010-12-27,1.2331115145090472
2010-12-28,1.2325376215234198
2010-12-29,1.2293452731203223
2010-12-30,1.1668799727487023
2010-12-31,1.1582509446513451
2011-01-03,1.1422647523111835
2011-01-04,1.1506104086108508
2011-01-05,1.1473443664310088
2011-01-06,1.159479402223596
2011-01-07,1.147050017926918
2011-01-10,1.142812470411953
2011-01-11,1.1380820291924874
2011-01-12,1.1208910032713622
2011-01-13,1.0251901190285106
2011-01-14,0.9958668805817412
2011-01-18,0.9945612670504965
2011-01-19,0.9694204763561739
2011-01-20,0.9959522092974831
2011-01-21,0.991253678804387
2011-01-24,0.9651035248409565
2011-01-25,0.9702770196748403
2011-01-26,0.9578751711926758
2011-01-27,0.9484338826221835
2011-01-28,0.7338954602642122
2011-01-31,0.70701734652697
2011-02-01,0.5921268220449191
2011-02-02,0.592817538455283
2011-02-03,0.5998657965369755
2011-02-04,0.5309165395170324
2011-02-07,0.5338323070917647
2011-02-08,0.5398640568145812
2011-02-09,0.4146742694720918
2011-02-10,0.39463592261444075
2011-02-11,0.3969771771489589
2011-02-14,0.39552624611051285
2011-02-15,0.3293169249592273
2011-02-16,0.3263930546542608
2011-02-17,0.33332813802666034
2011-02-18,0.3932930096039371
2011-02-22,0.4860483899503915
2011-02-23,0.50567150738395
2011-02-24,0.5201538732497184
2011-02-25,0.5769170419394828
2011-02-28,0.5161963219216582
2011-03-01,0.5309181484194411
2011-03-02,0.5217658419225853
2011-03-03,0.5638948650694848
2011-03-04,0.5620066227486386
2011-03-07,0.5980623813901184
2011-03-08,0.596754816164529
2011-03-09,0.5988637814870742
2011-03-10,0.623769177774051
2011-03-11,0.6203728005479553
2011-03-14,0.597860075487334
2011-03-15,0.6231381667071887
2011-03-16,0.6117301967586514
2011-03-17,0.6109086778847227
2011-03-18,0.6145066917992945
2011-03-21,0.6236937723590403
2011-03-22,0.622259399649711
2011-03-23,0.6244860748428037
2011-03-24,0.6101527636878674
2011-03-25,0.6049623860142131
2011-03-28,0.6070728491859054
2011-03-29,0.6063875007811905
2011-03-30,0.6267912845707986
2011-03-31,0.6187043069183915
2011-04-01,0.6169722629383496
2011-04-04,0.6119709723080273
2011-04-05,0.6067785148045248
2011-04-06,0.6059992998544192
2011-04-07,0.6077034214648421
2011-04-08,0.6095803903079676
2011-04-11,0.6150670902597002
2011-04-12,0.626968982169855
2011-04-13,0.6274324484129022
2011-04-14,0.6276280367307124
2011-04-15,0.6248953656318624
2011-04-18,0.6157877880576145
2011-04-19,0.6218953935502167
2011-04-20,0.6113716203420748
2011-04-21,0.6212343249611806
2011-04-25,0.6301283165059868
2011-04-26,0.7418083371684776
2011-04-27,0.7676392388456512
2011-04-28,0.7125735206838267
2011-04-29,0.7156011155129685
2011-05-02,0.7233202186849211
2011-05-03,0.7395567114440178
2011-05-04,0.7743528915839596
2011-05-05,0.8370781657316197
2011-05-06,0.8517301948495262
2011-05-09,0.8685035916387998
2011-05-10,0.8513363884532786
2011-05-11,0.8590202531146335
2011-05-12,0.8562812165197287
2011-05-13,0.8565829787859144
2011-05-16,0.8499347217322746
2011-05-17,0.8498325742933498
2011-05-18,0.8887910063287392
2011-05-19,0.9019476237679624
2011-05-20,0.8819134747353734
2011-05-23,0.867396848142837
2011-05-24,0.868550268002115
2011-05-25,0.8657641872382514
2011-05-26,0.8888462501274158
2011-05-27,0.9069885904447942
2011-05-31,0.9497988109820129
2011-06-01,0.9060666996584409
2011-06-02,0.9170375541195627
2011-06-03,0.9084081188075341
2011-06-06,0.9201000615007136
2011-06-07,0.927628299661292
2011-06-08,0.9258303311082206
2011-06-09,0.9054752177747051
2011-06-10,0.9363292085938945
2011-06-13,0.9525705803425238
2011-06-14,0.8931242873721678
2011-06-15,0.8189094090393266
2011-06-16,0.8194950388578364
2011-06-17,0.8148227750982618
2011-06-20,0.8405055862950254
2011-06-21,0.830991790526206
2011-06-22,0.8279221727600178
2011-06-23,0.8464731795620527
2011-06-24,0.8741923853150605
2011-06-27,0.8271141425866542
2011-06-28,0.8474545833640862
2011-06-29,0.8538454595560511
2011-06-30,0.8511921961899983
2011-07-01,0.826078008731066
2011-07-05,0.8247892604620125
2011-07-06,0.828529749059804
2011-07-07,0.8188419834318639
2011-07-08,0.8092141968162649
2011-07-11,0.7374888483707372
2011-07-12,0.7304972886114265
2011-07-13,0.7205848498353613
2011-07-14,0.7544710019903695
2011-07-15,0.756343519985072
2011-07-18,0.7749187399611764
2011-07-19,0.7956966169595137
2011-07-20,0.7966958955355504
2011-07-21,0.7710416795704128
2011-07-22,0.7749461687461058
2011-07-25,0.7723524254806068
2011-07-26,0.7572038863621595
2011-07-27,0.7172826190418973
2011-07-28,0.7070704612543888
2011-07-29,0.6583911889925813
2011-08-01,0.6118545121350268
2011-08-02,0.4983983276833418
2011-08-03,0.482345803894974
2011-08-04,0.5211958991613661
2011-08-05,0.5150348303471883
2011-08-08,0.30454094340158344
2011-08-09,0.358361705620333
2011-08-10,0.26944853390980916
2011-08-11,0.1691767001905862
2011-08-12,0.1741167319012738
2011-08-15,0.17852692418527397
2011-08-16,0.1753068584577348
2011-08-17,0.17285082124518636
2011-08-18,0.15230393470484
2011-08-19,0.14927460861333683
2011-08-22,0.14408647259787
2011-08-23,0.1086476981209617
2011-08-24,0.07631107200329866
2011-08-25,0.06291258708072567
2011-08-26,0.08426730883559048
2011-08-29,0.07585627415797654
2011-08-30,0.07359099528612566
2011-08-31,0.070909910700579
2011-09-01,0.07071786733163558
2011-09-02,0.059218855312953206
2011-09-06,0.05271420971526288
2011-09-07,0.036554106004596486
2011-09-08,0.03518500782760339
2011-09-09,0.04447886582922761
2011-09-12,0.0408407056057316
2011-09-13,0.04006464485683784
2011-09-14,0.03998448614369247
2011-09-15,0.02723004436348211
2011-09-16,0.027302670320802084
2011-09-19,0.028901114795893256
2011-09-20,0.015748466107227334
2011-09-21,0.027446644451052278
2011-09-22,0.028032506706636418
2011-09-23,0.01575871961663379
2011-09-26,0.01215675569072032
2011-09-27,0.014022745702276785
2011-09-28,0.03210739695991592
2011-09-29,0.03497052188779128
2011-09-30,0.036359823276789355
2011-10-03,0.03775792504769647
2011-10-04,0.034914887499277056
2011-10-05,0.03968208757271949
2011-10-06,0.04011053142793159
2011-10-07,0.038246759328185304
2011-10-10,0.04833976140811874
2011-10-11,0.04551833218181253
2011-10-12,0.03501257341829696
2011-10-13,0.03516685196123922
2011-10-14,0.03702312637588177
2011-10-17,0.03770101593452683
2011-10-18,0.035820754615663926
2011-10-19,0.03953980911879597
2011-10-20,0.03361333913048224
2011-10-21,0.035599854551841774
2011-10-24,0.04191185943492825
2011-10-25,0.031500630379108815
2011-10-26,0.03762916533745622
2011-10-27,0.03062245236116341
2011-10-28,-0.01351919345806238
2011-10-31,-0.0382482507488879
2011-11-01,-0.016507876041140457
2011-11-02,-0.0729768618617931
2011-11-03,-0.02653882319158784
2011-11-04,0.023199628463591217
2011-11-07,0.02293901994975346
2011-11-08,0.01463984138525529
2011-11-09,0.0334748367610436
2011-11-10,0.031754004194839085
2011-11-11,0.0507714963952906
2011-11-14,0.05572218831692696
2011-11-15,0.05705739701942885
2011-11-16,0.0841277966533227
2011-11-17,0.10883725792815725
2011-11-18,0.10984042842212227
2011-11-21,0.09943510359222126
2011-11-22,0.10252508381751646
2011-11-23,0.10837778097019271
2011-11-25,0.11198621563920327
2011-11-28,0.14246047370606305
2011-11-29,0.16241244617311815
2011-11-30,0.21086324799827627
2011-12-01,0.23173825921855798
2011-12-02,0.23858477628726782
2011-12-05,0.23527351616952186
2011-12-06,0.23764585834861143
2011-12-07,0.23828481311494717
2011-12-08,0.24438642925357557
2011-12-09,0.24861487835469975
2011-12-12,0.2530565940194879
2011-12-13,0.25598648122421075
2011-12-14,0.26156434229945924
2011-12-15,0.2715578500174318
2011-12-16,0.2793038627731026
2011-12-19,0.28354165148064875
2011-12-20,0.2827072372094534
2011-12-21,0.2797657084156903
2011-12-22,0.25622755900345406
2011-12-23,0.2523582613028738
2011-12-27,0.2552487278080607
2011-12-28,0.27277760669432166
2011-12-29,0.28628963017771514
2011-12-30,0.2809018582675265
2012-01-03,0.2914384023534594
2012-01-04,0.28850738743370463
2012-01-05,0.28215085174312704
2012-01-06,0.2818444641642301
2012-01-09,0.2837365111183016
2012-01-10,0.29085801731156635
2012-01-11,0.29555476699357236
2012-01-12,0.30013173083722144
2012-01-13,0.3099148956763086
2012-01-17,0.3048489360911059
2012-01-18,0.30967571272838507
2012-01-19,0.311261826904641
2012-01-20,0.30940192082586326
2012-01-23,0.3460879548080383
2012-01-24,0.3516529493821503
2012-01-25,0.4134268744987972
2012-01-26,0.4094506470821032
2012-01-27,0.5007388253367289
2012-01-30,0.497934197203927
2012-01-31,0.4948704244633404
2012-02-01,0.5037743216007968
2012-02-02,0.5019674362716713
2012-02-03,0.5097434307239349
2012-02-06,0.5192782513793874
2012-02-07,0.5638094687343457
2012-02-08,0.572991775498586
2012-02-09,0.5824207112049988
2012-02-10,0.6037856998151331
2012-02-13,0.6176766614720575
2012-02-14,0.6267086588347636
2012-02-15,0.6304737140150862
2012-02-16,0.6285008701817953
2012-02-17,0.6220240875094027
2012-02-21,0.6286048367667487
2012-02-22,0.6211056654910668
2012-02-23,0.615376106257386
2012-02-24,0.6005127471016175
2012-02-27,0.6014375973452635
2012-02-28,0.5459443363237328
2012-02-29,0.589857784532591
2012-03-01,0.6053747823877834
2012-03-02,0.6373020810481839
2012-03-05,0.6469486228365473
2012-03-06,0.7572566835908277
2012-03-07,0.81348561455101
2012-03-08,0.899797952440081
2012-03-09,0.911931458917713
2012-03-12,0.9102276232218015
2012-03-13,0.8405924299114793
2012-03-14,0.8805592877994646
2012-03-15,0.8832776938062014
2012-03-16,0.9259517296077139
2012-03-19,1.2156579343172413
2012-03-20,1.1978173856926808
2012-03-21,1.216488524061766
2012-03-22,1.2382078005159676
2012-03-23,1.2528870104426393
2012-03-26,1.343145644237489
2012-03-27,1.3911640036540232
2012-03-28,1.4269260122800873
2012-03-29,1.4256119058369408
2012-03-30,1.4184057739202283
2012-04-02,1.421779166576937
2012-04-03,1.4553593290642044
2012-04-04,1.487094369129049
2012-04-05,1.4815403615145217
2012-04-09,1.4752526663926642
2012-04-10,1.4459500339605351
2012-04-11,1.4277412220345023
2012-04-12,1.4640304545862404
2012-04-13,1.497497816980589
2012-04-16,1.5117035138542994
2012-04-17,1.5046972867565
2012-04-18,1.5091405050408115
2012-04-19,1.5022749727055371
2012-04-20,1.48209739136667
2012-04-23,1.5005806429405848
2012-04-24,1.498724172735642
2012-04-25,1.5083293045141177
2012-04-26,1.5272600452754013
2012-04-27,1.520015528735281
2012-04-30,1.5148243017060625
2012-05-01,1.531158877866845
2012-05-02,1.5320734373023313
2012-05-03,1.536683603189085
2012-05-04,1.5030255736916731
2012-05-07,1.508917209089483
2012-05-08,1.5067002774263776
2012-05-09,1.4974796970236306
2012-05-10,1.4979327780577447
2012-05-11,1.4920881362312133
2012-05-14,1.5241422661549155
2012-05-15,1.5333703560618113
2012-05-16,1.5346281886851545
2012-05-17,1.419063717481407
2012-05-18,1.4055287229502587
2012-05-21,1.4224167109362567
2012-05-22,1.4174864725571679
2012-05-23,1.4207555102565184
2012-05-24,1.3971278011717607
2012-05-25,1.3804582831318253
2012-05-29,1.3647669189610423
2012-05-30,1.3010366325038982
2012-05-31,1.2372558599730794
2012-06-01,1.0767935061308114
2012-06-04,1.068531431414201
2012-06-05,1.0555080993213763
2012-06-06,1.0501796718349123
2012-06-07,1.109612791557447
2012-06-08,1.1118988886965542
2012-06-11,1.1126327888100052
2012-06-12,1.099502355387739
2012-06-13,1.0940068091753086
2012-06-14,1.1049382939745656
2012-06-15,1.111362729038964
2012-06-18,1.1185522637938012
2012-06-19,1.0762285737316186
2012-06-20,1.0453796537192976
2012-06-21,1.1083180911662145
2012-06-22,1.1119939886984473
2012-06-25,1.075192658661729
2012-06-26,1.0787410020210915
2012-06-27,1.0598698734750163
2012-06-28,1.0546297168470666
2012-06-29,0.976975847971891
2012-07-02,0.9815425452106895
2012-07-03,0.9844007119624539
2012-07-05,0.9774783405182068
2012-07-06,0.9911307728616038
2012-07-09,0.9539974288150693
2012-07-10,0.9505611758407072
2012-07-11,0.9499822955398977
2012-07-12,0.9314990631966695
2012-07-13,0.9443457785365617
2012-07-16,0.9421076575851989
2012-07-17,0.9336118742866699
2012-07-18,0.9239257155364482
2012-07-19,0.9247252522877519
2012-07-20,0.9009846271859101
2012-07-23,0.8951378811731787
2012-07-24,0.8881502114207686
2012-07-25,0.8877509965074436
2012-07-26,0.8997167981195093
2012-07-27,0.8500549077361563
2012-07-30,0.8379261110864527
2012-07-31,0.8298680411857567
2012-08-01,0.8314883663148063
2012-08-02,0.8252853319597934
2012-08-03,0.8363986750640516
2012-08-06,0.8367425010362632
2012-08-07,0.828778887305813
2012-08-08,0.8137750046787321
2012-08-09,0.8031173301743798
2012-08-10,0.7987597952818257
2012-08-13,0.8483605878287546
2012-08-14,0.8468946787299471
2012-08-15,0.8101234762501149
2012-08-16,0.8045319282211401
2012-08-17,0.8048070078689153
2012-08-20,0.8048116918742804
2012-08-21,0.8062839092364203
2012-08-22,0.8005371655238436
2012-08-23,0.8130699158944106
2012-08-24,0.8145923652807592
2012-08-27,0.9079849187252871
2012-08-28,0.9094888039612766
2012-08-29,0.9133997900632913
2012-08-30,0.8831858746179223
2012-08-31,0.9040243356869982
2012-09-04,0.8938798415645072
2012-09-05,0.8749715001357646
2012-09-06,0.9427307817970491
2012-09-07,0.9558027770203193
2012-09-10,0.9645767112699359
2012-09-11,0.9563439162358326
2012-09-12,0.9466205719042906
2012-09-13,1.0058020806101056
2012-09-14,0.9899291971684497
2012-09-17,0.8592859659002658
2012-09-18,0.8440890640943286
2012-09-19,0.8939116720270766
2012-09-20,0.8991701486335486
2012-09-21,0.9147446475589354
2012-09-24,0.9127889417920546
2012-09-25,1.0296722636656817
2012-09-26,1.0195449676394261
2012-09-27,1.0187739857866378
2012-09-28,1.0029894986977106
2012-10-01,0.981024288396854
2012-10-02,0.9839424125467963
2012-10-03,0.9543459174393806
2012-10-04,0.9640136539549407
2012-10-05,0.9707340022996784
2012-10-08,0.9508660389963657
2012-10-09,0.988178317027781
2012-10-10,0.9929380141910958
2012-10-11,1.0102752002053232
2012-10-12,1.0185206015541546
2012-10-15,1.0086888964743081
2012-10-16,0.9676713043599958
2012-10-17,0.9771337698712971
2012-10-18,0.9900165781932435
2012-10-19,0.9487048954432705
2012-10-22,1.0883720584827992
2012-10-23,1.1269206468197452
2012-10-24,1.1313482046676226
2012-10-25,1.1263761335442677
2012-10-26,1.1286184069037586
2012-10-31,1.1184127978992628
2012-11-01,1.122616984585621
2012-11-02,1.2134438484405623
2012-11-05,1.21230629044839
2012-11-06,1.2506837737599537
2012-11-07,1.15837617812793
2012-11-08,1.09368237885896
2012-11-09,1.0918645716677173
2012-11-12,1.1008877757850275
2012-11-13,1.1157817239905499
2012-11-14,1.116478922274945
2012-11-15,1.1209759035697047
2012-11-16,1.1225846415547707
2012-11-19,1.1544816902948254
2012-11-20,1.1744491950273597
2012-11-21,1.178424818449169
2012-11-23,1.1913747093396807
2012-11-26,1.1910123748170725
2012-11-27,1.1985368183385516
2012-11-28,1.202341446311272
2012-11-29,1.1679213630278837
2012-11-30,1.1690406993850593
2012-12-03,1.1717137953708205
2012-12-04,1.1211759045559468
2012-12-05,1.1006475356667151
2012-12-06,1.08448871665063
2012-12-07,1.0907846184963448
2012-12-10,1.1010917183533235
2012-12-11,1.0478302368709098
2012-12-12,1.0824275549784217
2012-12-13,1.0965401686233818
2012-12-14,1.096399861952551
2012-12-17,1.0590894178494685
2012-12-18,1.0078892976549412
2012-12-19,1.0164261821064833
2012-12-20,1.0044226769490023
2012-12-21,0.9653253085686297
2012-12-24,0.9724131800968638
2012-12-26,0.9482566267570912
2012-12-27,0.945849520192173
2012-12-28,0.9019261793796167
2012-12-31,0.7495061340497542
2013-01-02,0.8238442624125676
2013-01-03,0.8177845764223892
2013-01-04,0.8186096931596357
2013-01-07,0.8224393788122382
2013-01-08,0.7995178934468432
2013-01-09,0.8071646605237041
2013-01-10,0.8146083757387698
2013-01-11,0.8106303884124894
2013-01-14,0.8190737656346674
2013-01-15,0.8270661379291397
2013-01-16,0.8296995296493604
2013-01-17,0.8171613488962439
2013-01-18,0.8335377236278665
2013-01-22,0.8387872733905324
2013-01-23,0.8034101571100264
2013-01-24,0.79508085420618
2013-01-25,0.7739640422053268
2013-01-28,0.7814977027858373
2013-01-29,0.7796650844504046
2013-01-30,0.7503607920308674
2013-01-31,0.6897341570433915
2013-02-01,0.6930279965352025
2013-02-04,0.6606648415444119
2013-02-05,0.6750477365351384
2013-02-06,0.7315487389909813
2013-02-07,0.7343748452343332
2013-02-08,0.7427040383788481
2013-02-11,0.7491959020449611
2013-02-12,0.731620079378151
2013-02-13,0.7233518200541702
2013-02-14,0.7166046935529327
2013-02-15,0.6045216400484905
2013-02-19,0.593907562786184
2013-02-20,0.6805479278968305
2013-02-21,0.589080669967425
2013-02-22,0.6038110272652444
2013-02-25,0.4793854304474297
2013-02-26,0.4916496176528255
2013-02-27,0.4299074450865922
2013-02-28,0.43033270058020023
2013-03-01,0.4234812188397722
2013-03-04,0.415532306773035
2013-03-05,0.43442758646311613
2013-03-06,0.43342515387543457
2013-03-07,0.4293837439640348
2013-03-08,0.42761962120966707
2013-03-11,0.42780786720542263
2013-03-12,0.4137299838850357
2013-03-13,0.3927799722861045
2013-03-14,0.39847616570168615
2013-03-15,0.39654402348022044
2013-03-18,0.41788790723799824
2013-03-19,0.3850999037045856
2013-03-20,0.3908394581888074
2013-03-21,0.40942798793009344
2013-03-22,0.4032896614065997
2013-03-25,0.3990828582222025
2013-03-26,0.40400006677689065
2013-03-27,0.43917672222702686
2013-03-28,0.5985929753446816
2013-04-01,0.3906839216861795
2013-04-02,0.3681002216836181
2013-04-03,0.4790047763689857
2013-04-04,0.4712919040534901
2013-04-05,0.45985385344555396
2013-04-08,0.45155465063444067
2013-04-09,0.43039301518174855
2013-04-10,0.34397213242956093
2013-04-11,0.35098447017749407
2013-04-12,0.39869381369310725
2013-04-15,0.7932217203602626
2013-04-16,0.820264814475788
2013-04-17,0.7833516450208892
2013-04-18,0.7558238855964192
2013-04-19,0.7701546437758986
2013-04-22,0.7825304361407385
2013-04-23,0.8060449690817403
2013-04-24,0.8056949853304496
2013-04-25,0.8126749747809358
2013-04-26,0.8160079693536988
2013-04-29,0.8232329115800381
2013-04-30,0.8202354180172684
2013-05-01,0.831250808782324
2013-05-02,0.8298856994122532
2013-05-03,0.8152256403806025
2013-05-06,0.8147427096292985
2013-05-07,0.8024111984594013
2013-05-08,0.8079775661591844
2013-05-09,0.8154104932948744
2013-05-10,0.8062037935624498
2013-05-13,0.8085594347828529
2013-05-14,0.7796222202293416
2013-05-15,0.7840321037324178
2013-05-16,0.7163637745949977
2013-05-17,0.7107469812800039
2013-05-20,0.6986240153733069
2013-05-21,0.8398849716822727
2013-05-22,0.884077299537682
2013-05-23,0.9371894041783744
2013-05-24,0.9333317861140398
2013-05-28,0.8796739264304847
2013-05-29,0.8092371041882047
2013-05-30,0.7952283538986301
2013-05-31,0.7716341769191367
2013-06-03,0.7820712900603071
2013-06-04,0.7936376528047262
2013-06-05,0.8321767726617844
2013-06-06,0.8663646948378565
2013-06-07,0.8490352037405903
2013-06-10,0.8471641091025794
2013-06-11,0.8254559706690088
2013-06-12,0.8505146200061747
2013-06-13,0.8998355042457448
2013-06-14,0.9009714614905433
2013-06-17,0.9302345330972804
2013-06-18,0.9330600687503483
2013-06-19,0.9629662881364528
2013-06-20,1.2324182443124574
2013-06-21,1.2323903381296333
2013-06-24,1.216312375973528
2013-06-25,1.2132234552239607
2013-06-26,1.2124060486867907
2013-06-27,1.210318155187179
2013-06-28,1.186805137313295
2013-07-01,1.2240393849245976
2013-07-02,1.231738084345101
2013-07-03,1.2315036768994356
2013-07-05,1.2883416917667148
2013-07-08,1.303921621139081
2013-07-09,1.2967454943211327
2013-07-10,1.168884717431746
2013-07-11,1.2026429936993754
2013-07-12,1.247411559652556
2013-07-15,1.2689253542723202
2013-07-16,1.265690442403063
2013-07-17,1.2608493140522776
2013-07-18,1.265472626791763
2013-07-19,1.2658631106804374
2013-07-22,1.267681377269309
2013-07-23,1.2711222445511243
2013-07-24,1.2852185527841267
2013-07-25,1.28414342717467
2013-07-26,1.2952087772854572
2013-07-29,1.3066053491321574
2013-07-30,1.3304403190063612
2013-07-31,1.331828683703655
2013-08-01,1.3316450202292502
2013-08-02,1.3253788401780255
2013-08-05,1.3209973016780951
2013-08-06,1.3418560251211689
2013-08-07,1.338924566423257
2013-08-08,1.385789743183456
2013-08-09,1.3916491130445003
2013-08-12,1.4025096556278314
2013-08-13,1.4540288025698365
2013-08-14,1.4464358533501007
2013-08-15,1.4578445902769992
2013-08-16,1.427548277222316
2013-08-19,1.4396451718606416
2013-08-20,1.443420689491935
2013-08-21,1.5128164454212096
2013-08-22,1.567985967384913
2013-08-23,1.5826590634679718
2013-08-26,1.6317873122072228
2013-08-27,1.5801954094986916
2013-08-28,1.5690801987194594
2013-08-29,1.5706451249143887
2013-08-30,1.5678739227373801
2013-09-03,1.6363208522112633
2013-09-04,1.6162724171802405
2013-09-05,1.6591585343938837
2013-09-06,1.6591882591941811
2013-09-09,1.6857738153360846
2013-09-10,1.6817958991229378
2013-09-11,1.6996961864845386
2013-09-12,1.7277723425410423
2013-09-13,1.7289649993570921
2013-09-16,1.3431536275083955
2013-09-17,1.3465693876560154
2013-09-18,1.4563934222599508
2013-09-19,1.5023651591666545
2013-09-20,1.5608685274254248
2013-09-23,1.5403475880506052
2013-09-24,1.5802277089152343
2013-09-25,1.5385885385877625
2013-09-26,1.51436641541251
2013-09-27,1.4895804400312633
2013-09-30,1.5252934625506542
2013-10-01,1.456129251915957
2013-10-02,1.4406831242896976
2013-10-03,1.4463348270702034
2013-10-04,1.4211014214810218
2013-10-07,1.4139821889790716
2013-10-08,1.4057452604508822
2013-10-09,1.4102766175259238
2013-10-10,1.2800531836012574
2013-10-11,1.276985224367589
2013-10-14,1.2611302793211001
2013-10-15,1.235878145669286
2013-10-16,1.2502959578592303
2013-10-17,1.2684990250509838
2013-10-18,1.262599442997403
2013-10-21,1.2650062595809943
2013-10-22,1.273874510433861
2013-10-23,1.2691676348578353
2013-10-24,1.26974569004072
2013-10-25,1.2872533144532368
2013-10-28,1.2871781778685525
2013-10-29,1.2782717956981804
2013-10-30,1.2711928288860568
2013-10-31,1.2668970353472242
2013-11-01,1.2581981866192369
2013-11-04,1.2602800177148894
2013-11-05,1.2636564495717109
2013-11-06,1.2700849724889895
2013-11-07,1.296659753537766
2013-11-08,1.1829730162672951
2013-11-11,1.1931036677787823
2013-11-12,1.182023580340717
2013-11-13,1.1784149417496343
2013-11-14,1.1734334106117283
2013-11-15,1.1632711902219917
2013-11-18,1.150993960032475
2013-11-19,1.1648531344894348
2013-11-20,1.2185615089246393
2013-11-21,1.2412421313410895
2013-11-22,1.2469129793961005
2013-11-25,1.2343741388812568
2013-11-26,1.2200909347135505
2013-11-27,1.227756149711543
2013-11-29,1.2201782188229489
2013-12-02,1.2387090642610408
2013-12-03,1.2000642017844116
2013-12-04,1.2011717190876325
2013-12-05,1.2078679997168935
2013-12-06,1.2054862960577002
2013-12-09,1.2051314148155003
2013-12-10,1.1990562946657506
2013-12-11,1.2145037316801732
2013-12-12,1.141544418868533
2013-12-13,1.1382013732925091
2013-12-16,1.1060016287120864
2013-12-17,1.1095765994412872
2013-12-18,1.0530642286131118
2013-12-19,1.071815135392843
2013-12-20,1.1115100480634563
2013-12-23,1.1197634116541009
2013-12-24,1.1195953749761194
2013-12-26,1.1300013549578123
2013-12-27,1.1391571229609068
2013-12-30,1.128876434986597
2013-12-31,1.1162758398911574
2014-01-02,1.0930686206170241
2014-01-03,1.0832106077925745
2014-01-06,1.0712156136533704
2014-01-07,1.1487588528431283
2014-01-08,1.1679185998873773
2014-01-09,1.1755276888751025
2014-01-10,1.2065219367037234
2014-01-13,1.033560723942304
2014-01-14,0.8771000254286828
2014-01-15,0.8767031252983079
2014-01-16,0.8713549496560179
2014-01-17,0.8178997409986486
2014-01-21,0.8155703635982443
2014-01-22,0.8066844946554342
2014-01-23,0.6830142964814628
2014-01-24,0.44244362975172136
2014-01-27,0.46366428597656395
2014-01-28,0.43563965848299463
2014-01-29,0.365919132317138
2014-01-30,0.36157521459185205
2014-01-31,0.3525258473483216
2014-02-03,0.4006416172664587
2014-02-04,0.4000988983712214
2014-02-05,0.33374017788124205
2014-02-06,0.39100543942564076
2014-02-07,0.428416451518966
2014-02-10,0.4276446210222057
2014-02-11,0.4246007529541141
2014-02-12,0.40981877371591013
2014-02-13,0.4193688900710027
2014-02-14,0.42380467068883115
2014-02-18,0.4145173593778975
2014-02-19,0.4429840014830975
2014-02-20,0.42148737820421883
2014-02-21,0.4102692981604635
2014-02-24,0.4179199495336994
2014-02-25,0.416114652791438
2014-02-26,0.419904779188057
2014-02-27,0.42701472033342597
2014-02-28,0.4125011180530504
2014-03-03,0.4350749793570176
2014-03-04,0.4983072108480025
2014-03-05,0.48696087986170594
2014-03-06,0.4623729183840926
2014-03-07,0.4650367210511886
2014-03-10,0.47726180607311497
2014-03-11,0.42217447445135287
2014-03-12,0.4089212482516736
2014-03-13,0.38276487831815204
2014-03-14,0.38738759313668053
2014-03-17,0.38526142675568925
2014-03-18,0.3945911741052708
2014-03-19,0.4226845578412574
2014-03-20,0.3902375979974513
2014-03-21,0.3876526152174738
2014-03-24,0.4056977599143187
2014-03-25,0.4053281772477421
2014-03-26,0.3959813055709146
2014-03-27,0.39458391406124105
2014-03-28,0.3957834794248152
2014-03-31,0.3725298748186404
2014-04-01,0.367574854823775
2014-04-02,0.3666426788504537
2014-04-03,0.3662008813255676
2014-04-04,0.35529210248192306
2014-04-07,0.38289635891461177
2014-04-08,0.38581264439279866
2014-04-09,0.40969868612772414
2014-04-10,0.43089284934142247
2014-04-11,0.4265906661626758
2014-04-14,0.4293654249669234
2014-04-15,0.4228993785019743
2014-04-16,0.43227208645950754
2014-04-17,0.4299023137234087
2014-04-21,0.4655424507537414
2014-04-22,0.5847371285964673
2014-04-23,0.5688201448990594
2014-04-24,0.578094145591395
2014-04-25,0.6071544086626612
2014-04-28,0.6190289645489827
2014-04-29,0.6202330275168957
2014-04-30,0.6087311317538797
2014-05-01,0.6107437226000081
2014-05-02,0.6046639324393841
2014-05-05,0.6025567923876485
2014-05-06,0.585313844062597
2014-05-07,0.5622631352525913
2014-05-08,0.5548325879861887
2014-05-09,0.5498930089526921
2014-05-12,0.5080963749705587
2014-05-13,0.4943628269919804
2014-05-14,0.4708300330708165
2014-05-15,0.4034918207637506
2014-05-16,0.3823898971487888
2014-05-19,0.37312716573966676
2014-05-20,0.3700120036338504
2014-05-21,0.3525926885042089
2014-05-22,0.35341063926737315
2014-05-23,0.34345439327332145
2014-05-27,0.2996322537177436
2014-05-28,0.26588494610644353
2014-05-29,0.15158099891812374
2014-05-30,0.15173177202648216
2014-06-02,0.14783605644272835
2014-06-03,0.1461641176077247
2014-06-04,0.1490208114737755
2014-06-05,0.1786537751058409
2014-06-06,0.18376185543606516
2014-06-09,0.21720919171786354
2014-06-10,0.2118120702139564
2014-06-11,0.20009871726718692
2014-06-12,0.20094051326346316
2014-06-13,0.15965191265381073
2014-06-16,0.15654199232211893
2014-06-17,0.16642538670138304
2014-06-18,0.1786363395085403
2014-06-19,0.18331726870491785
2014-06-20,0.1946086201338955
2014-06-23,0.19567262525350584
2014-06-24,0.20475355441679433
2014-06-25,0.23446530403147045
2014-06-26,0.2337012554742651
2014-06-27,0.2263642498813165
2014-06-30,0.22222013082875824
2014-07-01,0.24983508840925658
2014-07-02,0.19539881693652156
2014-07-03,0.1874301151785106
2014-07-07,0.19384271144124166
2014-07-08,0.24111361594550026
2014-07-09,0.26786992125469405
2014-07-10,0.24815621055782477
2014-07-11,0.2597688336372897
2014-07-14,0.1716490487201173
2014-07-15,0.18702455226478945
2014-07-16,0.1891492214354375
2014-07-17,-0.09824776370622199
2014-07-18,-0.18958868391995717
2014-07-21,-0.20504457534872003
2014-07-22,-0.20235439572471667
2014-07-23,-0.19814114807266067
2014-07-24,-0.1921977261174936
2014-07-25,-0.2904610577199173
2014-07-28,-0.2874273219197527
2014-07-29,-0.2703113514284985
2014-07-30,-0.2735572871787474
2014-07-31,-0.21880342333499048
2014-08-01,-0.21940811123293394
2014-08-04,-0.2615251817584812
2014-08-05,-0.30000186495593345
2014-08-06,-0.31387489911033994
2014-08-07,-0.3042751358497343
2014-08-08,-0.2348513553752619
2014-08-11,-0.2611099496839074
2014-08-12,-0.2388783268355481
2014-08-13,-0.19058970199484382
2014-08-14,-0.20988506543155722
2014-08-15,-0.19139132676966253
2014-08-18,-0.2018411591208984
2014-08-19,-0.2027531004733589
2014-08-20,-0.13851011675792219
2014-08-21,-0.12940767002659473
2014-08-22,-0.12057875301409338
2014-08-25,-0.11180351310451116
2014-08-26,-0.10593771000612473
2014-08-27,-0.11416924491505732
2014-08-28,-0.1168235670210232
2014-08-29,-0.16589153599897571
2014-09-02,-0.17494428430381542
2014-09-03,-0.17545727430759897
2014-09-04,-0.1596519067391232
2014-09-05,-0.15166667085103167
2014-09-08,-0.17276205391811214
2014-09-09,-0.12442758185165986
2014-09-10,-0.13330543046599477
2014-09-11,-0.12839157827279427
2014-09-12,-0.0994839904100516
2014-09-15,-0.10303417551335971
2014-09-16,-0.04347340672132533
2014-09-17,-0.04515688785635999
2014-09-18,-0.040582974766820906
2014-09-19,-0.07322456621954221
2014-09-22,0.014075964591691022
2014-09-23,0.04114445617432337
2014-09-24,0.07419030754239542
2014-09-25,0.11718701950592769
2014-09-26,0.15151389318564365
2014-09-29,0.14238472582290487
2014-09-30,0.15240030760987988
2014-10-01,0.12428593018242381
2014-10-02,0.1098610498266729
2014-10-03,0.17018852865104342
2014-10-06,0.1671505378588983
2014-10-07,0.23966454176738933
2014-10-08,0.3138414249937764
2014-10-09,0.3862047047976444
2014-10-10,0.4995296956688437
2014-10-13,0.5437824717841705
2014-10-14,0.551908596362027
2014-10-15,0.5512972289170651
2014-10-16,0.5476213147516814
2014-10-17,0.4977287429167346
2014-10-20,0.49966305648375947
2014-10-21,0.48453266010223567
2014-10-22,0.5275790375273095
2014-10-23,0.5499277068792422
2014-10-24,0.591704588391052
2014-10-27,0.6054420955361876
2014-10-28,0.6511051928654727
2014-10-29,0.6993225679611893
2014-10-30,0.6944187355256125
2014-10-31,0.6832933092652315
2014-11-03,0.6834608775126478
2014-11-04,0.6796490191827278
2014-11-05,0.6631458593921372
2014-11-06,0.6608489238188323
2014-11-07,0.6549843782580013
2014-11-10,0.6491341079059063
2014-11-11,0.6651950822587475
2014-11-12,0.6688065998240115
2014-11-13,0.669894699137135
2014-11-14,0.6689974372990157
2014-11-17,0.6718436653429839
2014-11-18,0.6887046001252155
2014-11-19,0.6994108113809675
2014-11-20,0.7085010257142987
2014-11-21,0.7226536691261161
2014-11-24,0.7252830543950526
2014-11-25,0.7239626523904833
2014-11-26,0.7271608329789417
2014-11-28,0.7271675025332864
2014-12-01,0.7180183356110782
2014-12-02,0.7246464062386399
2014-12-03,0.7258869350905853
2014-12-04,0.7326242474159604
2014-12-05,0.7339677424073128
2014-12-08,0.7094030210432682
2014-12-09,0.7098664794350168
2014-12-10,0.7647356086580107
2014-12-11,0.7514394251353762
2014-12-12,0.7071973446245501
2014-12-15,0.7211093108798463
2014-12-16,0.68027653429914
2014-12-17,0.7164895404769884
2014-12-18,0.6453305036081721
2014-12-19,0.651343037113128
2014-12-22,0.6461181020135832
2014-12-23,0.6436697129303448
2014-12-24,0.63204693226358
2014-12-26,0.6507064571529949
2014-12-29,0.650386684408972
2014-12-30,0.6337049459483869
2014-12-31,0.6768908575128365
2015-01-02,0.678488856582888
2015-01-05,0.6062137807665225
2015-01-06,0.5670357772564222
2015-01-07,0.5893778488173437
2015-01-08,0.6561220226030599
2015-01-09,0.6466234895201514
2015-01-12,0.6661711281914251
2015-01-13,0.6737388999940951
2015-01-14,0.7135015195199134
2015-01-15,0.7005415692765102
2015-01-16,0.7231086850753575
2015-01-20,0.6751763412469756
2015-01-21,0.6653185212051801
2015-01-22,0.7099434636373121
2015-01-23,0.7114825824711812
2015-01-26,0.7006858569706871
2015-01-27,0.7193115658618419
2015-01-28,0.7701386954549249
2015-01-29,0.7772111119189841
2015-01-30,0.7803537328182476
2015-02-02,0.8003131997851246
2015-02-03,0.8108467149263845
2015-02-04,0.8123937248519458
2015-02-05,0.8153238498823122
2015-02-06,0.8424107757938814
2015-02-09,0.8426527748771451
2015-02-10,0.8366120440730433
2015-02-11,0.8362387249169091
2015-02-12,0.8563859147580987
2015-02-13,0.8526644722483327
2015-02-17,0.8420789041661323
2015-02-18,0.8321479979731172
2015-02-19,0.8287466775348634
2015-02-20,0.826760008251904
2015-02-23,0.8253269287396765
2015-02-24,0.8320351390322123
2015-02-25,0.8313591158473678
2015-02-26,0.828391584648646
2015-02-27,0.8219365669359703
2015-03-02,0.8187016089977925
2015-03-03,0.8204068487366213
2015-03-04,0.8229581990280089
2015-03-05,0.8240414056247606
2015-03-06,0.908691713418517
2015-03-09,0.9126780408299787
2015-03-10,0.8661598061751451
2015-03-11,0.8802949374632105
2015-03-12,0.944269342643841
2015-03-13,0.9417701478026352
2015-03-16,0.981142868124248
2015-03-17,0.9678882972056387
2015-03-18,1.161550423703752
2015-03-19,1.159420410106352
2015-03-20,1.1731756135827327
2015-03-23,1.1783709398493734
2015-03-24,1.1639668501019598
2015-03-25,1.1559826629370928
2015-03-26,1.1605603930329713
2015-03-27,1.1687200434843055
2015-03-30,1.0984314994372215
2015-03-31,1.1012005275743972
2015-04-01,1.1743603728567413
2015-04-02,1.1982912913690313
2015-04-06,1.2173057811764418
2015-04-07,1.2276186815725763
2015-04-08,1.242765061149831
2015-04-09,1.2403891194111945
2015-04-10,1.2473389691309318
2015-04-13,1.262738842868438
2015-04-14,1.3278387762473178
2015-04-15,1.3790115795616829
2015-04-16,1.3776656632666653
2015-04-17,1.350104723848683
2015-04-20,1.3171458981279884
2015-04-21,1.3216999625569081
2015-04-22,1.3048340305276522
2015-04-23,1.3113271634625636
2015-04-24,1.2958579565824042
2015-04-27,1.3091604837139876
2015-04-28,1.3458129786114923
2015-04-29,1.370144627444044
2015-04-30,1.4060062398160196
2015-05-01,1.4108416809237834
2015-05-04,1.424184865282422
2015-05-05,1.4085727762867133
2015-05-06,1.419308325067508
2015-05-07,1.4450322767660424
2015-05-08,1.436362121016464
2015-05-11,1.4325435762571714
2015-05-12,1.4335290954269235
2015-05-13,1.4453080242223952
2015-05-14,1.4414441310210448
2015-05-15,1.4444533565258875
2015-05-18,1.433757394443207
2015-05-19,1.4372561596960494
2015-05-20,1.4265273375186467
2015-05-21,1.4326376153051288
2015-05-22,1.4314924821613826
2015-05-26,1.4325220464415656
2015-05-27,1.420377526633253
2015-05-28,1.4111862971575053
2015-05-29,1.3837480686088046
2015-06-01,1.3815117958878629
2015-06-02,1.2648382370072089
2015-06-03,1.2471395331302817
2015-06-04,1.2647471274261224
2015-06-05,1.263939425664914
2015-06-08,1.2367116661781814
2015-06-09,1.2257679095598664
2015-06-10,1.1471170008033458
2015-06-11,1.1584992607967197
2015-06-12,1.0360180681188267
2015-06-15,1.0380210308255353
2015-06-16,1.010511325849487
2015-06-17,1.0133298304602478
2015-06-18,1.0317011823795803
2015-06-19,1.0299679804976747
2015-06-22,0.9856123979906392
2015-06-23,0.9763854120984596
2015-06-24,1.0193982619611721
2015-06-25,1.0292530104522053
2015-06-26,1.0494077877058485
2015-06-29,0.3770831297750031
2015-06-30,0.3228952916955538
2015-07-01,0.2940116876188486
2015-07-02,0.2875372486060627
2015-07-06,0.2912862212657648
2015-07-07,0.2700505407039316
2015-07-08,0.4198380496416007
2015-07-09,0.4126642612870621
2015-07-10,0.3846946327226306
2015-07-13,0.38556858903183144
2015-07-14,0.380678943367229
2015-07-15,0.3798794256975862
2015-07-16,0.4139971621241011
2015-07-17,0.4316053106937419
2015-07-20,0.42303495436633476
2015-07-21,0.4247324881389812
2015-07-22,0.44125664364944195
2015-07-23,0.44715430904896464
2015-07-24,0.4019533560299667
2015-07-27,0.3992853374731852
2015-07-28,0.38797366989027476
2015-07-29,0.38083388280751074
2015-07-30,0.31354246926332024
2015-07-31,0.3008778308229105
2015-08-03,0.30658186140116406
2015-08-04,0.2439662899368706
2015-08-05,0.22257840254074804
2015-08-06,0.2542030629055783
2015-08-07,0.24894752348836224
2015-08-10,0.2624833221295684
2015-08-11,0.25914517908235285
2015-08-12,0.26418027521993276
2015-08-13,0.266163656481877
2015-08-14,0.2702969298097088
2015-08-17,0.2790786455606278
2015-08-18,0.2838411563940091
2015-08-19,0.23867496414741432
2015-08-20,0.2584614009516814
2015-08-21,0.31045729755374624
2015-08-24,0.4569295549205622
2015-08-25,0.4713274807893655
2015-08-26,0.37661165646828293
2015-08-27,0.420415435298163
2015-08-28,0.421076350267694
2015-08-31,0.42775340215730207
2015-09-01,0.5133340741929623
2015-09-02,0.5517744918733195
2015-09-03,0.5556600874613575
2015-09-04,0.570835962649111
2015-09-08,0.6034473062072208
2015-09-09,0.6151101547788
2015-09-10,0.6121017537638127
2015-09-11,0.6155562963840574
2015-09-14,0.6119335170875316
2015-09-15,0.6148585644680536
2015-09-16,0.6296313122982494
2015-09-17,0.6298213221755917
2015-09-18,0.6333157821203126
2015-09-21,0.6299821358272663
2015-09-22,0.6396167901771802
2015-09-23,0.781463097760319
2015-09-24,0.7824016469166096
2015-09-25,0.792546328471392
2015-09-28,0.7671744236522913
2015-09-29,0.7674992443041825
2015-09-30,0.7599254280391379
2015-10-01,0.7334628238573374
2015-10-02,0.7671590293496889
2015-10-05,0.7732363673170767
2015-10-06,0.7773489461587781
2015-10-07,0.7752091497879048
2015-10-08,0.7710856447001692
2015-10-09,0.7654736234068998
2015-10-12,0.7673917117867692
2015-10-13,0.7710050938177894
2015-10-14,0.7655562028197451
2015-10-15,0.7611311718217434
2015-10-16,0.7581876341333784
2015-10-19,0.7638121189565729
2015-10-20,0.7588534215462241
2015-10-21,0.7630324878984377
2015-10-22,0.7732283815407793
2015-10-23,0.7558440911931393
2015-10-26,0.7565100275190569
2015-10-27,0.7529863964622259
2015-10-28,0.7328741378058802
2015-10-29,0.7369067244865586
2015-10-30,0.7309698845997232
2015-11-02,0.738714213505526
2015-11-03,0.728985414303508
2015-11-04,0.734416192896551
2015-11-05,0.7338777283572386
2015-11-06,0.7330498540680325
2015-11-09,0.740937080332174
2015-11-10,0.7386840019473544
2015-11-11,0.739955049648114
2015-11-12,0.7564039604869298
2015-11-13,0.7721640557498425
2015-11-16,0.812658594362894
2015-11-17,0.8214814562965987
2015-11-18,0.8290434985781798
2015-11-19,0.9692127472178171
2015-11-20,0.9770548099006466
2015-11-23,0.9767767904425658
2015-11-24,0.9733548663908083
2015-11-25,0.9243471834169104
2015-11-27,0.8959609496252483
2015-11-30,0.8828643231260622
2015-12-01,0.8713578581518896
2015-12-02,0.8943245831760697
2015-12-03,0.8991644993221928
2015-12-04,1.007404211588261
2015-12-07,1.0242967651847683
2015-12-08,1.0283709486534531
2015-12-09,1.0449011973464006
2015-12-10,1.0377387186823432
2015-12-11,1.0291791454859454
2015-12-14,1.0386571286001054
2015-12-15,1.0235194264597938
2015-12-16,1.0443418303193468
2015-12-17,1.0621769966312107
2015-12-18,1.0424677496241044
2015-12-21,1.0488144487463893
2015-12-22,1.1318156921999298
2015-12-23,1.1185816744992725
2015-12-24,1.1432082190382504
2015-12-28,1.1418597199764815
2015-12-29,1.0731888450903093
2015-12-30,1.0978650714831613
2015-12-31,1.0955279605426749
2016-01-04,1.06806621706923
2016-01-05,1.0796622560705682
2016-01-06,1.0314568728957958
2016-01-07,1.0032894454463397
2016-01-08,1.0150949090487564
2016-01-11,1.028560812075842
2016-01-12,1.0561747133626511
2016-01-13,1.01897222817302
2016-01-14,0.9693606184444489
2016-01-15,0.8908552302923314
2016-01-19,0.8862468679418499
2016-01-20,0.8497972246564575
2016-01-21,0.8767774594371541
2016-01-22,0.8745015652863111
2016-01-25,0.8587005534955986
2016-01-26,0.9152499158420186
2016-01-27,0.9170549242019657
2016-01-28,0.9182875757857423
2016-01-29,0.9292607029938937
2016-02-01,0.9377635568321577
2016-02-02,0.9341791288023908
2016-02-03,0.9381573910312107
2016-02-04,0.942908241822814
2016-02-05,0.9073164643048004
2016-02-08,0.8709085993305069
2016-02-09,0.8687222275897399
2016-02-10,0.862059559680408
2016-02-11,0.8263527620508051
2016-02-12,0.7644922530112114
2016-02-16,0.7119729750478063
2016-02-17,0.6980889355006058
2016-02-18,0.6919460097648016
2016-02-19,0.6937741280799316
2016-02-22,0.682048650226346
2016-02-23,0.6768153007582353
2016-02-24,0.6750946479852922
2016-02-25,0.6796758412980486
2016-02-26,0.6825696434177984
2016-02-29,0.6635316470739643
2016-03-01,0.6421171755422868
2016-03-02,0.6271145109452428
2016-03-03,0.562817606772357
2016-03-04,0.5485025022368603
2016-03-07,0.5453998502742993
2016-03-08,0.5387403942191231
2016-03-09,0.534996613839136
2016-03-10,0.5184364605382199
2016-03-11,0.502258880680599
2016-03-14,0.5101260212761707
2016-03-15,0.4877008610649555
2016-03-16,0.47490567941208267
2016-03-17,0.4735899681201321
2016-03-18,0.46362942305183275
2016-03-21,0.4657175973636328
2016-03-22,0.46741085522215153
2016-03-23,0.47533141544900437
2016-03-24,0.47483568678560417
2016-03-28,0.4858315014774033
2016-03-29,0.5000888334235111
2016-03-30,0.48563778902657967
2016-03-31,0.4812076971573656
2016-04-01,0.48280893033515954
2016-04-04,0.5013368618652659
2016-04-05,0.4824632122665609
2016-04-06,0.47278453341961746
2016-04-07,0.4973572511403439
2016-04-08,0.48763978388724416
2016-04-11,0.45705585118097
2016-04-12,0.4823045910140382
2016-04-13,0.5323258874342057
2016-04-14,0.5343258475976121
2016-04-15,0.5500510692013931
2016-04-18,0.5532501239050943
2016-04-19,0.5435267384383726
2016-04-20,0.5476771430118617
2016-04-21,0.5262193872967306
2016-04-22,0.5089113433833103
2016-04-25,0.5128656217037825
2016-04-26,0.4457884999987635
2016-04-27,0.450248130568484
2016-04-28,0.38437480292322973
2016-04-29,0.36606286716159303
2016-05-02,0.37785285203581565
2016-05-03,0.42266526167882923
2016-05-04,0.5062605906570353
2016-05-05,0.5041661452125186
2016-05-06,0.5113284841736546
2016-05-09,0.5906707032213834
2016-05-10,0.6724189150526914
2016-05-11,0.7721698603253938
2016-05-12,0.7802833952622567
2016-05-13,0.8022422173015037
2016-05-16,0.7950253910490086
2016-05-17,0.8321039660146572
2016-05-18,0.8689011111703394
2016-05-19,0.8692739375933709
2016-05-20,0.8747300719408194
2016-05-23,0.8646998745524411
2016-05-24,0.8777099669169174
2016-05-25,0.9176204653460961
2016-05-26,0.908561052992446
2016-05-27,0.8868693006155093
2016-05-31,0.8906960612769178
2016-06-01,0.8914038765527622
2016-06-02,0.9186602421149572
2016-06-03,0.9102554933147454
2016-06-06,0.9157693783665701
2016-06-07,1.0370466346525538
2016-06-08,1.0414773084692979
2016-06-09,1.0347843646503159
2016-06-10,1.008296105384416
2016-06-13,1.0278668227192127
2016-06-14,1.0298911246183953
2016-06-15,1.027704876691177
2016-06-16,1.0275862062312664
2016-06-17,1.014778137458035
2016-06-20,0.997029072720734
2016-06-21,0.987751520956947
2016-06-22,0.9204703272671682
2016-06-23,0.9490006276635137
2016-06-24,0.7059011724924242
2016-06-27,0.6344925382947246
2016-06-28,0.6361423033871622
2016-06-29,0.618503551334557
2016-06-30,0.6157652730622151
2016-07-01,0.5808705604494651
2016-07-05,0.5763382647500269
2016-07-06,0.5844319826067704
2016-07-07,0.591270312915314
2016-07-08,0.6311197005966108
2016-07-11,0.6188129442487998
2016-07-12,0.5907485085744463
2016-07-13,0.58479103195558
2016-07-14,0.5702422612316268
2016-07-15,0.5746441347756898
2016-07-18,0.5663388135108134
2016-07-19,0.5660992718592248
2016-07-20,0.5547114678175221
2016-07-21,0.5531265007165191
2016-07-22,0.5466045816786952
2016-07-25,0.5715576914383934
2016-07-26,0.5856560303175878
2016-07-27,0.5643221489976862
2016-07-28,0.5291552076499653
2016-07-29,0.5175806587854381
2016-08-01,0.5188127928836916
2016-08-02,0.5325105427901532
2016-08-03,0.5332767800248409
2016-08-04,0.5158720804587972
2016-08-05,0.5132133715893575
2016-08-08,0.510600163310408
2016-08-09,0.5125081673439754
2016-08-10,0.5160106805862051
2016-08-11,0.49168290918476454
2016-08-12,0.48292912747566547
2016-08-15,0.4783238112880361
2016-08-16,0.4860084597666685
2016-08-17,0.4851085459809732
2016-08-18,0.4916919622477156
2016-08-19,0.49933453379192394
2016-08-22,0.49937458568690873
2016-08-23,0.500743879587744
2016-08-24,0.5132631425702907
2016-08-25,0.5149637413092727
2016-08-26,0.5182354810963573
2016-08-29,0.5437787454306943
2016-08-30,0.5466322915121291
2016-08-31,0.5458860658337872
2016-09-01,0.5405314712495682
2016-09-02,0.5535742370607754
2016-09-06,0.538037611194532
2016-09-07,0.5111588715743897
2016-09-08,0.5178880817104561
2016-09-09,0.7477575772303817
2016-09-12,0.767330376470643
2016-09-13,0.8657781111400137
2016-09-14,0.8724883445605878
2016-09-15,0.8680207235211223
2016-09-16,0.8619329534933334
2016-09-19,0.8619788198681494
2016-09-20,1.1093369102500952
2016-09-21,1.3290929165141048
2016-09-22,1.3990505791381482
2016-09-23,1.4827920414678064
2016-09-26,1.4788427975107796
2016-09-27,1.468871564495257
2016-09-28,1.4879438546520756
2016-09-29,1.4444154916722776
2016-09-30,1.3921168686113525
2016-10-03,1.3717089045332727
2016-10-04,1.4411349705548857
2016-10-05,1.5230619744319627
2016-10-06,1.5277057960655656
2016-10-07,1.5617687793848987
2016-10-10,1.5509646645736026
2016-10-11,1.5486258208074632
2016-10-12,1.553758231776209
2016-10-13,1.572227359877786
2016-10-14,1.5863440744110797
2016-10-17,1.5862517745780134
2016-10-18,1.597301507778565
2016-10-19,1.600290383831266
2016-10-20,1.6096114859608317
2016-10-21,1.6110464970567115
2016-10-24,1.585736358955126
2016-10-25,1.5748708002541916
2016-10-26,1.5833301119538383
2016-10-27,1.592739039375551
2016-10-28,1.5897571607214211
2016-10-31,1.6240977986830367
2016-11-01,1.6129560007797603
2016-11-02,1.5881917151738194
2016-11-03,1.5873781850108521
2016-11-04,1.6197638555772038
2016-11-07,1.4712206186140666
2016-11-08,1.469842826996892
2016-11-09,1.3057197044931346
2016-11-10,1.2801729276185638
2016-11-11,1.2730245298728813
2016-11-14,1.2632028320712223
2016-11-15,1.2903447705013547
2016-11-16,1.2894624293352237
2016-11-17,1.2759986046153038
2016-11-18,1.2782219800786985
2016-11-21,1.2922883347314191
2016-11-22,1.2724396933139421
2016-11-23,1.264343759648417
2016-11-25,1.267418061029746
2016-11-28,1.2215318028883684
2016-11-29,1.2076565150430454
2016-11-30,1.2176215682529317
2016-12-01,1.2226512459542729
2016-12-02,1.2217565828109913
2016-12-05,1.0693886126083298
2016-12-06,1.046527844634955
2016-12-07,0.9253846084404032
2016-12-08,0.9232481181271188
2016-12-09,0.9104340161153908
2016-12-12,0.9214110387759025
2016-12-13,0.9208730356741086
2016-12-14,0.9704098503806333
2016-12-15,0.8624594258618294
2016-12-16,0.8181195705014624
2016-12-19,0.8404697045160251
2016-12-20,0.8550209793911928
2016-12-21,0.8262014421869537
2016-12-22,0.8369941652692497
2016-12-23,0.8695111721507909
2016-12-27,0.9132421645753673
2016-12-28,0.8450035010537562
2016-12-29,0.7765592530623194
2016-12-30,0.7719001146633349
2017-01-03,0.82980178455581
2017-01-04,0.8716524279531918
2017-01-05,0.8542279700237906
2017-01-06,0.7912563692138161
2017-01-09,0.7811312191552834
2017-01-10,0.7929395472683142
2017-01-11,0.7903375209385167
2017-01-12,0.8029219875012613
2017-01-13,0.7752602864764064
2017-01-17,0.7245696475275006
2017-01-18,0.717438731283934
2017-01-19,0.7335143112615647
2017-01-20,0.7400034653388795
2017-01-23,0.7303383351997982
2017-01-24,0.712751277062054
2017-01-25,0.6642130258063579
2017-01-26,0.6632354907946252
2017-01-27,0.6550335319889526
2017-01-30,0.6401043172312466
2017-01-31,0.636223348119079
2017-02-01,0.6341583949999369
2017-02-02,0.634076031088442
2017-02-03,0.6340350137895161
2017-02-06,0.625712913067748
2017-02-07,0.9153648585831815
2017-02-08,0.9541131503185415
2017-02-09,0.9075103659672129
2017-02-10,0.9228959367836542
2017-02-13,0.8535302340942102
2017-02-14,0.8590244246515237
2017-02-15,0.8749368635265986
2017-02-16,0.8482754930349549
2017-02-17,0.8084750771737044
2017-02-21,0.8106640069888773
2017-02-22,0.8146833734652759
2017-02-23,0.8268485565612173
2017-02-24,0.9351746149474446
2017-02-27,0.9258636860439349
2017-02-28,0.8208523644454385
2017-03-01,0.8242430629301569
2017-03-02,0.8965651688342147
2017-03-03,0.8832296134844447
2017-03-06,0.9002363323091757
2017-03-07,0.8813909383961817
2017-03-08,0.9215991452078129
2017-03-09,0.9798968284083348
2017-03-10,0.990048058287445
2017-03-13,1.0076989885333267
2017-03-14,0.898699593321982
2017-03-15,1.0487717058873245
2017-03-16,1.0535197866229855
2017-03-17,1.0311253449989117
2017-03-20,1.0456524590648564
2017-03-21,0.9841492768409994
2017-03-22,0.9695665157037792
2017-03-23,0.9695183672671289
2017-03-24,0.9708193333970606
2017-03-27,1.0438968366774393
2017-03-28,0.9999621760185556
2017-03-29,0.9942797644321455
2017-03-30,0.906551522071136
2017-03-31,0.8512406786921428
2017-04-03,0.8557901602434943
2017-04-04,0.8622415039328408
2017-04-05,0.860451155782798
2017-04-06,0.8475392122108384
2017-04-07,0.8343434239002862
2017-04-10,0.8355270390911373
2017-04-11,0.8267579640723157
2017-04-12,0.8487136094287321
2017-04-13,0.8364571176502562
2017-04-17,0.741112448180451
2017-04-18,0.7205256059435456
2017-04-19,0.7473406607312594
2017-04-20,0.729228339210514
2017-04-21,0.7892772640019855
2017-04-24,0.6354460061126459
2017-04-25,0.5901844273203974
2017-04-26,0.5734230168741437
2017-04-27,0.5731395292720364
2017-04-28,0.5592805967570427
2017-05-01,0.55643946892739
2017-05-02,0.513008822085804
2017-05-03,0.5513502637694742
2017-05-04,0.5498675216814665
2017-05-05,0.5582921335480036
2017-05-08,0.5905454606152762
2017-05-09,0.5845397725536658
2017-05-10,0.5866153978978157
2017-05-11,0.5791769472090762
2017-05-12,0.5839778466560779
2017-05-15,0.596692479148243
2017-05-16,0.5921582027371926
2017-05-17,0.6412690689140358
2017-05-18,0.6370756636420482
2017-05-19,0.6580644459949546
2017-05-22,0.6475777433342176
2017-05-23,0.6537630089704761
2017-05-24,0.6738644089460716
2017-05-25,0.5902671680768852
2017-05-26,0.5325752899940099
2017-05-30,0.5306819809992938
2017-05-31,0.5107458655250783
2017-06-01,0.5329612025585132
2017-06-02,0.5261406110916118
2017-06-05,0.5294288110917346
2017-06-06,0.5128165019056097
2017-06-07,0.5112346724245271
2017-06-08,0.49233094758256446
2017-06-09,0.3565535747286114
2017-06-12,0.358140304825529
2017-06-13,0.37677681931557355
2017-06-14,0.37588357264886807
2017-06-15,0.36709480317853943
2017-06-16,0.36442319400489565
2017-06-19,0.36258398305858264
2017-06-20,0.37191198066725895
2017-06-21,0.37160714770466846
2017-06-22,0.392125574430918
2017-06-23,0.39248331297568423
2017-06-26,0.4058964879515969
2017-06-27,0.49444163923138634
2017-06-28,0.5060301687670344
2017-06-29,0.5698471742929405
2017-06-30,0.5747471462298586
2017-07-03,0.5656269142134792
2017-07-05,0.5712963101061975
2017-07-06,0.6655721822563428
2017-07-07,0.6682230865238287
2017-07-10,0.694847218568131
2017-07-11,0.7256331486215218
2017-07-12,0.8136579956507978
2017-07-13,0.8307145151783822
2017-07-14,0.8432202657071667
2017-07-17,0.8584107835565726
2017-07-18,0.8636811587904079
2017-07-19,1.0000892300654614
2017-07-20,1.0599852351349381
2017-07-21,1.0490730361886442
2017-07-24,1.0502022461338323
2017-07-25,1.046430841741241
2017-07-26,1.0418557962762465
2017-07-27,1.0511527358116723
2017-07-28,1.0084775663677232
2017-07-31,1.0066530172705286
2017-08-01,1.0050308821450746
2017-08-02,1.004029713106403
2017-08-03,1.001743092702176
2017-08-04,0.9986363437753395
2017-08-07,1.0061226448462184
2017-08-08,1.0286861431789143
2017-08-09,1.0193007628773096
2017-08-10,1.0487490999158882
2017-08-11,1.115166652860212
2017-08-14,1.028822005552162
2017-08-15,1.026163828254185
2017-08-16,1.0353077635525958
2017-08-17,0.6974692112443679
2017-08-18,0.6909462764711963
2017-08-21,0.6970051862376145
2017-08-22,0.661807934054589
2017-08-23,0.6549271503317844
2017-08-24,0.6644873960189545
2017-08-25,0.6319672487847022
2017-08-28,0.6165790372867986
2017-08-29,0.6148109753662708
2017-08-30,0.6281123029802638
2017-08-31,0.6722162087212483
2017-09-01,0.6755834453265972
2017-09-05,0.6652735370356689
2017-09-06,0.6615768977004155
2017-09-07,0.6470568437875032
2017-09-08,0.6562636454606975
2017-09-11,0.5874482033264304
2017-09-12,0.5909511935815167
2017-09-13,0.6005677325909129
2017-09-14,0.6006544826470881
2017-09-15,0.6027040672753134
2017-09-18,0.59824457766061
2017-09-19,0.59488530427312
2017-09-20,0.5917427671570474
2017-09-21,0.5385971916310571
2017-09-22,0.5371630975447601
2017-09-25,0.45386291334986956
2017-09-26,0.45786222828934403
2017-09-27,0.3879807829714856
2017-09-28,0.3856937317732277
2017-09-29,0.24112107557951754
2017-10-02,0.2515118664656367
2017-10-03,0.2532256381974234
2017-10-04,0.2543207349120163
2017-10-05,0.2054734485290233
2017-10-06,0.20826262371414422
2017-10-09,0.1816217623592036
2017-10-10,0.1930002082422828
2017-10-11,0.19670708272003062
2017-10-12,0.17771407202446926
2017-10-13,0.17884789420071331
2017-10-16,0.19015169875024404
2017-10-17,0.19032724594629438
2017-10-18,0.20938333951937402
2017-10-19,0.21532570249071123
2017-10-20,0.17961291222530204
2017-10-23,0.2184011420269423
2017-10-24,0.21181234019220102
2017-10-25,0.21530158856765214
2017-10-26,0.20723752130213202
2017-10-27,0.25251139138920364
2017-10-30,0.193889270551446
2017-10-31,0.1910629286333273
2017-11-01,0.17397652298660513
2017-11-02,0.1818354440110801
2017-11-03,-0.04934938400681763
2017-11-06,-0.04341895903297657
2017-11-07,-0.022139882123429298
2017-11-08,-0.040067292763734046
2017-11-09,-0.016482990190127278
2017-11-10,0.3183922375749648
2017-11-13,0.2944579253795362
2017-11-14,0.281002529845576
2017-11-15,0.32300309128598603
2017-11-16,0.39895286684634734
2017-11-17,0.34052456141617066
2017-11-20,0.3257949053290782
2017-11-21,0.41303046510709057
2017-11-22,0.3963249567888022
2017-11-24,0.3776497568463293
2017-11-27,0.27682935201837744
2017-11-28,0.30596725260007074
2017-11-29,0.30542192169470583
2017-11-30,0.2812971423994164
2017-12-01,0.3081189676094113
2017-12-04,0.30875121740775047
2017-12-05,0.438514110842325
2017-12-06,0.42889867635740064
2017-12-07,0.41463468934528147
2017-12-08,0.4573666967497047
2017-12-11,0.46072837153869733
2017-12-12,0.4660717715232531
2017-12-13,0.45388544263905334
2017-12-14,0.4601679175526202
2017-12-15,0.5375552890627057
2017-12-18,0.5478430916570209
2017-12-19,0.6358230542803854
2017-12-20,0.6307708814481648
2017-12-21,0.7669243365334398
2017-12-22,0.7639263385592301
2017-12-26,0.748690864888168
2017-12-27,0.7372675260251201
2017-12-28,0.7397017126333296
2017-12-29,0.7290644640711883
2018-01-02,0.7973100918318181
2018-01-03,0.812385792066277
2018-01-04,0.8263201142109738
2018-01-05,0.8138102508489141
2018-01-08,0.8140889553366767
2018-01-09,0.8156884535561356
2018-01-10,0.8167141872310534
2018-01-11,0.8449639027380742
2018-01-12,0.8723259564168024
2018-01-16,0.8969848072465745
2018-01-17,0.8704016384929063
2018-01-18,0.9202174443532627
2018-01-19,0.9046083194946719
2018-01-22,0.8918176148065212
2018-01-23,0.9077777253876846
2018-01-24,0.9018182942121205
2018-01-25,0.8923325085627729
2018-01-26,0.9314359775000614
2018-01-29,1.0497067873119756
2018-01-30,1.0824331697877014
2018-01-31,1.0772911861495502
2018-02-01,1.083436761800709
2018-02-02,1.0060379653565399
2018-02-05,0.5623890157057085
2018-02-06,0.5647586395893324
2018-02-07,0.563370369720226
2018-02-08,0.3764860791543947
2018-02-09,0.32454453382022164
2018-02-12,0.328235780909936
2018-02-13,0.3275122090232608
2018-02-14,0.29610010402241194
2018-02-15,0.30348786950473783
2018-02-16,0.30413085338185364
2018-02-20,0.31209969101793433
2018-02-21,0.32764244270730175
2018-02-22,0.3285060558921328
2018-02-23,0.37822842015469726
2018-02-26,0.3832016040596183
2018-02-27,0.4360889078101957
2018-02-28,0.4346555396929599
2018-03-01,0.4451181323096849
2018-03-02,0.4480906515942562
2018-03-05,0.44481705148879075
2018-03-06,0.44922981785529376
2018-03-07,0.4511487240266215
2018-03-08,0.44865874523701343
2018-03-09,0.4645530352164187
2018-03-12,0.4656425060140655
2018-03-13,0.4645124652246897
2018-03-14,0.4616002822420765
2018-03-15,0.44982231108261433
2018-03-16,0.4479923980914332
2018-03-19,0.4678044045918985
2018-03-20,0.4669781462705585
2018-03-21,0.46302303825437285
2018-03-22,0.45099294392653794
2018-03-23,0.3990527714248245
2018-03-26,0.3742716204708862
2018-03-27,0.34590849130228263
2018-03-28,0.3473237253072956
2018-03-29,0.3430282053235628
2018-04-02,0.3243280215106502
2018-04-03,0.3232833977336388
2018-04-04,0.3247941909728745
2018-04-05,0.32010739618932615
2018-04-06,0.3393405049897284
2018-04-09,0.34090286402581266
2018-04-10,0.33568553292431946
2018-04-11,0.32638746960330806
2018-04-12,0.31168124330299657
2018-04-13,0.30771350845875184
2018-04-16,0.30838704469031425
2018-04-17,0.31913886318546064
2018-04-18,0.3161784997874765
2018-04-19,0.318288622715255
2018-04-20,0.32704805512528495
2018-04-23,0.3271772539056332
2018-04-24,0.32687157506023307
2018-04-25,0.31406238689208194
2018-04-26,0.3075640262953295
2018-04-27,0.3085112870952502
2018-04-30,0.3084934032181632
2018-05-01,0.2833694714910383
2018-05-02,0.32188003309224755
2018-05-03,0.31128013464520365
2018-05-04,0.3286805301518064
2018-05-07,0.41969742126012544
2018-05-08,0.457238837296434
2018-05-09,0.4550664185663001
2018-05-10,0.4701640252745446
2018-05-11,0.49486904613363514
2018-05-14,0.49530122499909107
2018-05-15,0.5142855293800261
2018-05-16,0.4974050308971983
2018-05-17,0.48696229328689444
2018-05-18,0.4850602420990795
2018-05-21,0.4475597617255864
2018-05-22,0.4431100238501147
2018-05-23,0.39618727611362853
2018-05-24,0.3955480259897464
2018-05-25,0.3793862730568062
2018-05-29,0.31972288265435256
2018-05-30,0.28268836111218176
2018-05-31,0.2795195331591625
2018-06-01,0.28163681639144555
2018-06-04,0.27972504512694474
2018-06-05,0.25495415161940543
2018-06-06,0.25833218452814377
2018-06-07,0.258664740473058
2018-06-08,0.25905502749303744
2018-06-11,0.2583798896588398
2018-06-12,0.2580074293887131
2018-06-13,0.21999717220792736
2018-06-14,0.22433455079934514
2018-06-15,0.23163340534322516
2018-06-18,0.21708310216886748
2018-06-19,0.2914183051168914
2018-06-20,0.32161065299507535
2018-06-21,0.4041892873144144
2018-06-22,0.39910827403735355
2018-06-25,0.3708701719317058
2018-06-26,0.42356539320372594
2018-06-27,0.39592571851492425
2018-06-28,0.3824243335355733
2018-06-29,0.3955521937710966
2018-07-02,0.3272577883209123
2018-07-03,0.31686958770033613
2018-07-05,0.3401389881905077
2018-07-06,0.39285330369179405
2018-07-09,0.4658489362935547
2018-07-10,0.4834327282612825
2018-07-11,0.5110436997472835
2018-07-12,0.4835134127744384
2018-07-13,0.4855600709624535
2018-07-16,0.46540879122674506
2018-07-17,0.40151151839360777
2018-07-18,0.39646087061501506
2018-07-19,0.41209581326635514
2018-07-20,0.4197972381825961
2018-07-23,0.40708653385732524
2018-07-24,0.41171765001365457
2018-07-25,0.4180130017592082
2018-07-26,0.4313986469453677
2018-07-27,0.4185612458754053
2018-07-30,0.44832988155753417
2018-07-31,0.40245922510603244
2018-08-01,0.4083017111593077
2018-08-02,0.40861953052065936
2018-08-03,0.4221551170771798
2018-08-06,0.3612959169525686
2018-08-07,0.36662328144609196
2018-08-08,0.36412130672752113
2018-08-09,0.27992565313111517
2018-08-10,0.30753933385315085
2018-08-13,0.35380647586788616
2018-08-14,0.3763294638063486
2018-08-15,0.41684426984433987
2018-08-16,0.4326883755024102
2018-08-17,0.43842122470435174
2018-08-20,0.46328580624583815
2018-08-21,0.46872334241245056
2018-08-22,0.6786251636676192
2018-08-23,0.8214533437636963
2018-08-24,0.8761403768466915
2018-08-27,0.8594914569371281
2018-08-28,0.8671807115545941
2018-08-29,0.865514698810416
2018-08-30,0.8606721398313991
2018-08-31,0.8629603237634034
2018-09-04,0.8686645971731864
2018-09-05,0.8688906605356207
2018-09-06,0.8750489118937733
2018-09-07,0.8915168944702941
2018-09-10,0.8813974626399357
2018-09-11,0.8694136104963384
2018-09-12,0.8678611645420214
2018-09-13,0.8664212502280692
2018-09-14,0.8767176967774347
2018-09-17,0.8573988965395055
2018-09-18,0.8301796639954527
2018-09-19,0.9581907434639332
2018-09-20,0.9841845969367417
2018-09-21,1.122975473354864
2018-09-24,1.1483675469741215
2018-09-25,1.1474754180905637
2018-09-26,1.1318920083798898
2018-09-27,1.1521103212622208
2018-09-28,1.1297486113537323
2018-10-01,1.0916616454661892
2018-10-02,1.0602529241828023
2018-10-03,1.05702921439406
2018-10-04,1.1051911280952242
2018-10-05,1.119779436323805
2018-10-08,1.125704603829374
2018-10-09,1.1032503231327409
2018-10-10,0.6795243980726093
2018-10-11,0.4290760431562249
2018-10-12,0.3714477777107246
2018-10-15,0.3629220524645938
2018-10-16,0.41545596128873835
2018-10-17,0.4124901436814462
2018-10-18,0.4204304436018405
2018-10-19,0.4189828519034727
2018-10-22,0.42593858429083287
2018-10-23,0.4105512431481879
2018-10-24,0.43311524122182354
2018-10-25,0.4306003095297963
2018-10-26,0.40336427722351115
2018-10-29,0.40232627931016457
2018-10-30,0.39185235373121596
2018-10-31,0.3790136419597145
2018-11-01,0.41455187503626334
2018-11-02,0.4187437549062883
2018-11-05,0.4185323260050381
2018-11-06,0.4124681915903673
2018-11-07,0.46188585654008707
2018-11-08,0.4482382249386702
2018-11-09,0.4504288217911111
2018-11-12,0.4697282800132146
2018-11-13,0.4657261215644963
2018-11-14,0.4607500075421537
2018-11-15,0.4618894853269217
2018-11-16,0.46542173245230106
2018-11-19,0.4549307170383063
2018-11-20,0.4790519719825157
2018-11-21,0.485622975032245
2018-11-23,0.4837828194311576
2018-11-26,0.49452479641683783
2018-11-27,0.49496370439870435
2018-11-28,0.48703218372220525
2018-11-29,0.48565478193134576
2018-11-30,0.48766794618160486
2018-12-03,0.5018778535447912
2018-12-04,0.48312493886943064
2018-12-06,0.4833096701324892
2018-12-07,0.49356621658134525
2018-12-10,0.49055259586132755
2018-12-11,0.4915835331583482
2018-12-12,0.4881405139117871
2018-12-13,0.4943825529561557
2018-12-14,0.49733027359281423
2018-12-17,0.4788594480214517
2018-12-18,0.480741714024922
2018-12-19,0.47068534120732597
2018-12-20,0.4574612117846836
2018-12-21,0.4623989914578492
2018-12-24,0.4225303829934092
2018-12-26,0.33223336169449375
2018-12-27,0.342353815513272
2018-12-28,0.34279928084532874
2018-12-31,0.34413700770639016
2019-01-02,0.3367171247743154
2019-01-03,0.3179138114546168
2019-01-04,0.29348958723769714
2019-01-07,0.29535028364158644
2019-01-08,0.2972920628083374
2019-01-09,0.32942185406920305
2019-01-10,0.33666447591620774
2019-01-11,0.33795166415913863
2019-01-14,0.3278969030024187
2019-01-15,0.3278086022221714
2019-01-16,0.32322529291129676
2019-01-17,0.32125702869985023
2019-01-18,0.3072920308966636
2019-01-22,0.3101534421860978
2019-01-23,0.2887290379860401
2019-01-24,0.2872609529265696
2019-01-25,0.30107132551314963
2019-01-28,0.2963407204332683
2019-01-29,0.29754014286667496
2019-01-30,0.2967601484576762
2019-01-31,0.2888185219833465
2019-02-01,0.2855692099893468
2019-02-04,0.2856829576008556
2019-02-05,0.2855642957424339
2019-02-06,0.2566506046134514
2019-02-07,0.26177791396001887
2019-02-08,0.2549865872170004
2019-02-11,0.23234020847868378
2019-02-12,0.23289902529179782
2019-02-13,0.23342526002348485
2019-02-14,0.22957402379050118
2019-02-15,0.23354653537994746
2019-02-19,0.22281843015577824
2019-02-20,0.20152940746361206
2019-02-21,0.20819508249950835
2019-02-22,0.2122932373236067
2019-02-25,0.202295680294837
2019-02-26,0.20153602343291277
2019-02-27,0.19437515094901583
2019-02-28,0.19718767372088572
2019-03-01,0.18718935823619126
2019-03-04,0.17426929360259671
2019-03-05,0.15413265844166768
2019-03-06,0.1591337247547638
2019-03-07,0.13041904144895938
2019-03-08,0.12795063542924073
2019-03-11,0.12263707671185237
2019-03-12,0.1267329866239222
2019-03-13,0.12754685054312234
2019-03-14,0.11070904595552039
2019-03-15,0.10336443574373483
2019-03-18,0.10447304140723797
2019-03-19,0.10718101782737316
2019-03-20,0.10944864715033115
2019-03-21,0.0745093902284815
2019-03-22,0.16167151639492652
2019-03-25,0.27116872399955155
2019-03-26,0.25401348170799076
2019-03-27,0.25234846031620695
2019-03-28,0.24888633600238483
2019-03-29,0.2477839595244737
2019-04-01,0.30704391041136847
2019-04-02,0.4074764717361111
2019-04-03,0.40118411320889846
2019-04-04,0.4044206778955677
2019-04-05,0.4030942526595871
2019-04-08,0.41233971466211505
2019-04-09,0.41789141688498027
2019-04-10,0.42151176931334616
2019-04-11,0.4317408817954526
2019-04-12,0.43202484890321596
2019-04-15,0.43645430208913877
2019-04-16,0.5037753316834904
2019-04-17,0.51457509024218
2019-04-18,0.5134912222546493
2019-04-22,0.515253144161113
2019-04-23,0.4898882800695266
2019-04-24,0.5020041648390379
2019-04-25,0.5195164069726137
2019-04-26,0.5716579302417981
2019-04-29,0.5478344970665282
2019-04-30,0.5419990406524566
2019-05-01,0.5866551569815225
2019-05-02,0.584722548232087
2019-05-03,0.633017472187041
2019-05-06,0.63473511335253
2019-05-07,0.8143542470361406
2019-05-08,0.8216447460807529
2019-05-09,0.8323197890777089
2019-05-10,0.8387905114823281
2019-05-13,0.6922136768862107
2019-05-14,0.674047514508867
2019-05-15,0.6761903706608258
2019-05-16,0.6585236783937181
2019-05-17,0.6492348947982687
2019-05-20,0.6311924897025467
2019-05-21,0.6417228444704551
2019-05-22,0.6387940767758734
2019-05-23,0.5965110698200655
2019-05-24,0.5950890645693371
2019-05-28,0.6084790067893917
2019-05-29,0.6064618896697653
2019-05-30,0.6115774132141439
2019-05-31,0.5505942198529475
2019-06-03,0.5341311361595776
2019-06-04,0.5378469652405181
2019-06-05,0.5767692873147962
2019-06-06,0.5731437972636337
2019-06-07,0.5795411563036853
2019-06-10,0.5561841863397347
2019-06-11,0.5473193311102791
2019-06-12,0.5477007190137373
2019-06-13,0.5535243103209014
2019-06-14,0.5645243673424696
2019-06-17,0.5723136850956821
2019-06-18,0.5903051678109961
2019-06-19,0.5959991739734619
2019-06-20,0.6425198896708795
2019-06-21,0.6543131786649989
2019-06-24,0.6337085892212225
2019-06-25,0.6195635282688312
2019-06-26,0.6495571570232943
2019-06-27,0.6538593486592342
2019-06-28,0.6485148822804211
2019-07-01,0.623492199336732
2019-07-02,0.6302861033955904
2019-07-03,0.6395057878981592
2019-07-05,0.6440020892304934
2019-07-08,0.6513139586353992
2019-07-09,0.6498055938595384
2019-07-10,0.6565893195472274
2019-07-11,0.6529369820265778
2019-07-12,0.6578012228813511
2019-07-15,0.6537538565776437
2019-07-16,0.659968847326092
2019-07-17,0.6346490255771516
2019-07-18,0.6441806462548909
2019-07-19,0.6659134747369779
2019-07-22,0.6646822062340363
2019-07-23,0.6388553647479208
2019-07-24,0.6514522057049598
2019-07-25,0.6708182962151645
2019-07-26,0.6462446204158251
2019-07-29,0.6408988454197017
2019-07-30,0.6118319326114676
2019-07-31,0.5869713416726517
2019-08-01,0.4516414407220949
2019-08-02,0.46624509938585995
2019-08-05,0.5553937775695427
2019-08-06,0.5955379969560678
2019-08-07,0.6581164448678852
2019-08-08,0.6964452019812416
2019-08-09,0.7036952531492449
2019-08-12,0.7020114851975661
2019-08-13,0.6603056061448961
2019-08-14,0.5444721427456086
2019-08-15,0.5485375270245318
2019-08-16,0.5157270935813435
2019-08-19,0.4906771399941527
2019-08-20,0.4843146082109522
2019-08-21,0.48744642359876383
2019-08-22,0.4858973647071292
2019-08-23,0.5125588524396684
2019-08-26,0.5438609209780304
2019-08-27,0.5407813241765311
2019-08-28,0.5446373862032431
2019-08-29,0.5439394823380918
2019-08-30,0.5412218769346832
2019-09-03,0.5370569456438468
2019-09-04,0.5592524986160482
2019-09-05,0.5251696465952759
2019-09-06,0.525996957635557
2019-09-09,0.5222877646876417
2019-09-10,0.521619522975177
2019-09-11,0.5263678569082906
2019-09-12,0.5160838040643584
2019-09-13,0.5182303093189359
2019-09-16,0.48418418803239827
2019-09-17,0.48584555460820683
2019-09-18,0.4998695655877938
2019-09-19,0.5105879250177561
2019-09-20,0.5006653450747625
2019-09-23,0.49671421446047886
2019-09-24,0.4994246901317634
2019-09-25,0.49031011095052085
2019-09-26,0.48106411453066206
2019-09-27,0.47470902521735103
2019-09-30,0.469879867482673
2019-10-01,0.48951485858296523
2019-10-02,0.527828932827634
2019-10-03,0.5390669305221919
2019-10-04,0.5788045489808328
2019-10-07,0.5800504742297319
2019-10-08,0.6064480565987252
2019-10-09,0.6042121799217873
2019-10-10,0.6104336770977451
2019-10-11,0.5855497095197033
2019-10-14,0.5747999784613864
2019-10-15,0.5620483158693047
2019-10-16,0.5672787043748959
2019-10-17,0.5604865811747073
2019-10-18,0.5518828421686888
2019-10-21,0.5468331406918688
2019-10-22,0.5472661611701133
2019-10-23,0.5487703173678269
2019-10-24,0.561069169370441
2019-10-25,0.5608059213814941
2019-10-28,0.5361204093531279
2019-10-29,0.4858226422880898
2019-10-30,0.45434830107857643
2019-10-31,0.4368637083921749
2019-11-01,0.42089901044831796
2019-11-04,0.41086844567763986
2019-11-05,0.4339233109855205
2019-11-06,0.4434389138965117
2019-11-07,0.5693917190931496
2019-11-08,0.5672461012325533
2019-11-11,0.6034925256755499
2019-11-12,0.6615450183661831
2019-11-13,0.6806293904056487
2019-11-14,0.6784115612978328
2019-11-15,0.6816504107757811
2019-11-18,0.6843963356685995
2019-11-19,0.6780455779100864
2019-11-20,0.7022322998637937
2019-11-21,0.7117701358573474
2019-11-22,0.7151629227342585
2019-11-25,0.6993223785096322
2019-11-26,0.7040102038981593
2019-11-27,0.6733295380235053
2019-11-29,0.7543309964597082
2019-12-02,0.8067173333939303
2019-12-03,0.8188448829918629
2019-12-04,0.8392958785680135
2019-12-05,0.8335192694366327
2019-12-06,0.8392317319383934
2019-12-09,0.8381644295660704
2019-12-10,0.8498699492852423
2019-12-11,0.8537166911398756
2019-12-12,0.8435078819079787
2019-12-13,0.8422829038297304
2019-12-16,0.8502027350565006
2019-12-17,0.8511649261844156
2019-12-18,0.8756682678873839
2019-12-19,0.933942381423228
2019-12-20,0.940570508642762
2019-12-23,0.9406048606108222
2019-12-24,0.9432945955580199
2019-12-26,0.9075629705425898
2019-12-27,0.823139861830002
2019-12-30,0.8089918756607906
2019-12-31,0.7109152180983171
2020-01-02,0.7301520447882275
2020-01-03,0.6002334206887802
2020-01-06,0.6143341504767539
2020-01-07,0.6454178339977049
2020-01-08,0.7533320485847235
2020-01-09,0.7868828897490997
2020-01-10,0.8469724122215456
2020-01-13,0.8409671196901415
2020-01-14,0.8420457068726891
2020-01-15,0.8418942672540736
2020-01-16,0.8539953947257183
2020-01-17,0.8565616482440366
2020-01-21,0.8410152396839204
2020-01-22,0.8406774261121172
2020-01-23,0.8456180697515019
2020-01-24,0.8223636700508594
2020-01-27,0.39043738220311375
2020-01-28,0.2379726640304713
2020-01-29,0.280946100405035
2020-01-30,0.18983645188238477
2020-01-31,0.2074846624928166
2020-02-03,0.18378587492315435
2020-02-04,0.16068070217883904
2020-02-05,0.1883187818685491
2020-02-06,0.1930729531575418
2020-02-07,0.19517492820831064
2020-02-10,0.20584356048509062
2020-02-11,0.202472943638435
2020-02-12,0.19747694465246304
2020-02-13,0.17928258203085096
2020-02-14,0.1797331300790524
2020-02-18,0.16401845956929106
2020-02-19,0.17182449487775392
2020-02-20,0.14694643284001743
2020-02-21,0.11579389631105516
2020-02-24,0.19309210623770537
2020-02-25,0.37344463788826315
2020-02-26,0.39222096708288146
2020-02-27,0.16344741298515303
2020-02-28,0.13926503574459892
2020-03-02,0.19418699180625026
2020-03-03,0.08777324846439467
2020-03-04,0.09454526788569312
2020-03-05,-0.0003097261220014826
2020-03-06,-0.03269362102828338
2020-03-09,-0.11607564871500871
2020-03-10,-0.20662074133749414
2020-03-11,-0.13270058617904032
2020-03-12,-0.026384031871451538
2020-03-13,-0.06814445348241434
2020-03-16,-0.14234179952799528
2020-03-17,-0.14995318365896643
2020-03-18,-0.12062657004183597
2020-03-19,-0.12359276800665459
2020-03-20,-0.1344641196518864
2020-03-23,-0.15077325742419018
2020-03-24,-0.06260699425745919
2020-03-25,-0.06600139962882338
2020-03-26,-0.05807752675262233
2020-03-27,-0.05675457561370836
2020-03-30,-0.05872862428470743
2020-03-31,-0.05483652534446275
2020-04-01,-0.056236123018667136
2020-04-02,-0.056074461569982546
2020-04-03,-0.05391271358745002
2020-04-06,-0.027039487025655815
2020-04-07,-0.027655782908954953
2020-04-08,-0.027612463016782177
2020-04-09,-0.02480902661488714
2020-04-13,-0.02491921896308535
2020-04-14,-0.019899183169854343
2020-04-15,-0.015511020288625624
2020-04-16,-0.015707701070644425
2020-04-17,-0.01761875471195127
2020-04-20,-0.014914527538604583
2020-04-21,-0.008532822279027656
2020-04-22,-0.002430595865378737
2020-04-23,0.0005139777195822646
2020-04-24,0.0006348920838008472
2020-04-27,0.0002463291226098152
2020-04-28,-0.0009704218631261982
2020-04-29,-0.0007328363509291386
2020-04-30,0.002983836732594203
2020-05-01,0.00893992039939648
2020-05-04,0.008851679536427346
2020-05-05,0.009467174290308477
2020-05-06,0.009430131391738403
2020-05-07,0.011346354277929405
2020-05-08,0.013088351645017078
2020-05-11,0.013064797763000428
2020-05-12,0.01634095252510977
2020-05-13,0.019058117946171047
2020-05-14,0.019988935930320525
2020-05-15,0.02010692384247131
2020-05-18,0.020260363687681766
2020-05-19,0.017312346587027932
2020-05-20,0.008351314608407911
2020-05-21,0.008595820923285808
2020-05-22,0.015708427553137415
2020-05-26,0.013395453488633292
2020-05-27,0.0050137234001676086
2020-05-28,0.014228810237139226
2020-05-29,0.011925371914150957
2020-06-01,0.02385063217418101
2020-06-02,0.029064784971326522
2020-06-03,0.05832087218851044
2020-06-04,0.08330043475528642
2020-06-05,0.07286916448541987
2020-06-08,0.04950588394692843
2020-06-09,0.08826166718432024
2020-06-10,0.23567723879678226
2020-06-11,0.31193970035770435
2020-06-12,0.30490547922667083
2020-06-15,0.3058853628048684
2020-06-16,0.34768009626168006
2020-06-17,0.39899995015075496
2020-06-18,0.35529242883566137
2020-06-19,0.3588135517972193
2020-06-22,0.38376948918553444
2020-06-23,0.408493178570946
2020-06-24,0.4084168072335696
2020-06-25,0.3967446735460161
2020-06-26,0.43284579758341546
2020-06-29,0.4340805504658755
2020-06-30,0.4323323129274427
2020-07-01,0.42599129280990683
2020-07-02,0.4252371718039029
2020-07-06,0.4500059975255566
2020-07-07,0.44369604617360386
2020-07-08,0.45393536663210776
2020-07-09,0.44465499914016515
2020-07-10,0.44187942286140897
2020-07-13,0.4474977581576277
2020-07-14,0.47671970179659134
2020-07-15,0.4708979982844879
2020-07-16,0.47113709664046444
2020-07-17,0.4675137591607268
2020-07-20,0.4711108457974386
2020-07-21,0.4727762612059212
2020-07-22,0.4827282470190693
2020-07-23,0.4751900439472816
2020-07-24,0.48945050345517593
2020-07-27,0.4752252948023957
2020-07-28,0.4451254937365007
2020-07-29,0.43964069602253536
2020-07-30,0.43643583269864966
2020-07-31,0.4322058514755191
2020-08-03,0.4291661101945664
2020-08-04,0.4310182046920266
2020-08-05,0.43540759527297956
2020-08-06,0.42552151322486237
2020-08-07,0.41816032812929105
2020-08-10,0.414236729824379
2020-08-11,0.46284943301606174
2020-08-12,0.4964232849833067
2020-08-13,0.4946330128950371
2020-08-14,0.49597033552844705
2020-08-17,0.492709610796978
2020-08-18,0.491701560180382
2020-08-19,0.5298728895236288
2020-08-20,0.5450528361912924
2020-08-21,0.5412853966044193
2020-08-24,0.5346481096200336
2020-08-25,0.5339965889453381
2020-08-26,0.527963407773903
2020-08-27,0.5302793193213711
2020-08-28,0.5324301048592764
2020-08-31,0.5345335814005083
2020-09-01,0.5383239364489457
2020-09-02,0.544080551127495
2020-09-03,0.7020310202856178
2020-09-04,0.6463872965795574
2020-09-08,0.6866490953148116
2020-09-09,0.7137099789436929
2020-09-10,0.7408445935299235
2020-09-11,0.7430129725474471
2020-09-14,0.7471348520279295
2020-09-15,0.7494276563587127
2020-09-16,0.747551904701749
2020-09-17,0.7445381289539085
2020-09-18,0.812519790494495
2020-09-21,0.8316536914457763
2020-09-22,0.93419901937348
2020-09-23,0.9819649919968432
2020-09-24,1.0104282092768195
2020-09-25,1.0068771901183182
2020-09-28,0.9918323910944326
2020-09-29,0.9939693093548302
2020-09-30,0.9922041137841678
2020-10-01,0.990009689915221
2020-10-02,0.999998191508679
2020-10-05,0.9971433531597305
2020-10-06,0.9984417054987511
2020-10-07,0.9824746012536019
2020-10-08,0.9991347833603329
2020-10-09,1.0089754485351135
2020-10-12,1.0000509758544993
2020-10-13,0.9949170514523065
2020-10-14,0.9857590233274816
2020-10-15,0.9804744104725929
2020-10-16,1.0096990854024592
2020-10-19,1.0248081950531758
2020-10-20,1.0168341211980458
2020-10-21,1.0380883840832646
2020-10-22,1.0445210362869555
2020-10-23,1.0492405502514561
2020-10-26,1.0055552550280558
2020-10-27,0.9934568688509129
2020-10-28,0.9178939361779277
2020-10-29,0.8922589940459813
2020-10-30,0.8891277596493002
2020-11-02,0.9038153632158012
2020-11-03,0.921043214625746
2020-11-04,0.9180655050893699
2020-11-05,0.9570229233959225
2020-11-06,0.9573801768122526
2020-11-09,0.9177898561632999
2020-11-10,0.9119420609085012
2020-11-11,0.9110333123465594
2020-11-12,0.8857055639162302
2020-11-13,0.8867829840945085
2020-11-16,0.8817089477527691
2020-11-17,0.885251837283365
2020-11-18,0.885735620160712
2020-11-19,0.8945142603149265
2020-11-20,0.8927979890241883
2020-11-23,0.8831991561884064
2020-11-24,0.8506305614506622
2020-11-25,0.84693342833328
2020-11-27,0.847516102345202
2020-11-30,0.7360521469907584
2020-12-01,0.7444000608009608
2020-12-02,0.7279091156362302
2020-12-03,0.7091829628297815
2020-12-04,0.7122276588702966
2020-12-07,0.710043645900642
2020-12-08,0.7065545426064064
2020-12-09,0.7287475409122695
2020-12-10,0.728357211231599
2020-12-11,0.7322800486148262
2020-12-14,0.7360377017392034
2020-12-15,0.7276381383502634
2020-12-16,0.7335528980820135
2020-12-17,0.6870677083180355
2020-12-18,0.692267870095385
2020-12-21,0.6938375554868208
2020-12-22,0.6965855023404344
2020-12-23,0.7016623144620362
2020-12-24,0.7112227334534703
2020-12-28,0.7048196501205701
2020-12-29,0.6988005771929457
2020-12-30,0.7040961702219999
2020-12-31,0.6887149778132692
2021-01-04,0.7078786336154346
2021-01-05,0.7059981201766544
2021-01-06,0.6873733000584066
2021-01-07,0.7156123395089096
2021-01-08,0.705778153035327
2021-01-11,0.7217309229704192
2021-01-12,0.7223346536357549
2021-01-13,0.7183082144691681
2021-01-14,0.7084745075815532
2021-01-15,0.721096914228406
2021-01-19,0.7330237540008111
2021-01-20,0.7583340025828033
2021-01-21,0.7608209151906389
2021-01-22,0.7997180712093112
2021-01-25,0.8163160336697579
2021-01-26,0.9081297070441205
2021-01-27,0.9268459321421277
2021-01-28,0.9011980997946594
2021-01-29,0.8800430191820019
2021-02-01,0.8987026234849708
2021-02-02,0.8454512739003327
2021-02-03,0.7835256613418816
2021-02-04,0.7800226995449098
2021-02-05,0.86296570376177
2021-02-08,0.872796136206983
2021-02-09,0.8749667818715957
2021-02-10,0.9095219824896673
2021-02-11,0.9058324346418968
2021-02-12,0.9145606850170931
2021-02-16,0.9368496417996409
2021-02-17,0.9398854448262972
2021-02-18,0.9399783063370476
2021-02-19,0.9615332769449945
2021-02-22,0.9848799663941427
2021-02-23,1.0896687929408013
2021-02-24,1.061003759328125
2021-02-25,1.1860695557599032
2021-02-26,1.156454859389595
2021-03-01,1.1529344996017807
2021-03-02,1.146046507670654
2021-03-03,1.1768262111882077
2021-03-04,1.2133330845023254
2021-03-05,1.2308813961276073
2021-03-08,1.2343707254241556
2021-03-09,1.2557581959080104
2021-03-10,1.2563790411935951
2021-03-11,1.2357184225893543
2021-03-12,1.231786470767007
2021-03-15,1.242071327772187
2021-03-16,1.2399006857717192
2021-03-17,1.2397049657285002
2021-03-18,1.2482446696406762
2021-03-19,1.246360301566274
2021-03-22,1.2552382733537102
2021-03-23,1.238749460928794
2021-03-24,1.2191794315702986
2021-03-25,1.2131597451167293
2021-03-26,1.1840457819625125
2021-03-29,1.1944540149450216
2021-03-30,1.1949360030916965
2021-03-31,1.2018071811975242
2021-04-01,1.220601038157316
2021-04-05,1.2274814416965145
2021-04-06,1.2176543099942152
2021-04-07,1.226317582481023
2021-04-08,1.2291344806416316
2021-04-09,1.2229715109024974
2021-04-12,1.223471780280417
2021-04-13,1.222263569233497
2021-04-14,1.2241827931851728
2021-04-15,1.2406426616372048
2021-04-16,1.2357721259048544
2021-04-19,1.2370332211457786
2021-04-20,1.2216222380600619
2021-04-21,1.2276964622175395
2021-04-22,1.2306086856964331
2021-04-23,1.2544175759771836
2021-04-26,1.2648902167413092
2021-04-27,1.2951356412675432
2021-04-28,1.272381654625854
2021-04-29,1.2716216178418844
2021-04-30,1.2580090116236649
2021-05-03,1.2771204847585147
2021-05-04,1.2871422607802567
2021-05-05,1.281546243330379
2021-05-06,1.2896159072620133
2021-05-07,1.3055726540581531
2021-05-10,1.3113531747913063
2021-05-11,1.329491587062294
2021-05-12,1.3766797844904697
2021-05-13,1.3872729599593068
2021-05-14,1.4197681115882554
2021-05-17,1.4192113921602583
2021-05-18,1.4205398532929936
2021-05-19,1.423271193325654
2021-05-20,1.455866548896811
2021-05-21,1.400120135012113
2021-05-24,1.4317169453509686
2021-05-25,1.4582641206562943
2021-05-26,1.4699051391440552
2021-05-27,1.446628129297228
2021-05-28,1.4281561518911734
2021-06-01,1.4317345679410134
2021-06-02,1.4198084426213444
2021-06-03,1.4095958588716275
2021-06-04,1.4330424896639171
2021-06-07,1.4803527928850693
2021-06-08,1.4841723060358836
2021-06-09,1.4691797164931493
2021-06-10,1.477131649300166
2021-06-11,1.4748593313361296
2021-06-14,1.4698426801299265
2021-06-15,1.4753897228979136
2021-06-16,1.474701104664429
2021-06-17,1.5196678850266532
2021-06-18,1.5119007071045114
2021-06-21,1.501820289057799
2021-06-22,1.5898062934998711
2021-06-23,1.5664777008035804
2021-06-24,1.5555226344484254
2021-06-25,1.554713646185096
2021-06-28,1.5233385057291673
2021-06-29,1.5471388549030916
2021-06-30,1.5461584675288247
2021-07-01,1.5465441989607438
2021-07-02,1.5399937357037048
2021-07-06,1.550630657162892
2021-07-07,1.5507023521530223
2021-07-08,1.55347728405753
2021-07-09,1.511313062421643
2021-07-12,1.4744557044816222
2021-07-13,1.478162449579578
2021-07-14,1.4651721846654568
2021-07-15,1.4888105371283584
2021-07-16,1.498877567203409
2021-07-19,1.4399471493842282
2021-07-20,1.408041388714116
2021-07-21,1.3831822595634957
2021-07-22,1.382177127221055
2021-07-23,1.3441972110969638
2021-07-26,1.3512992300822992
2021-07-27,1.3498046452280554
2021-07-28,1.3475399885665498
2021-07-29,1.3274785255180843
2021-07-30,1.3250485186208445
2021-08-02,1.3151887843523784
2021-08-03,1.295185448152358
2021-08-04,1.2814626329943541
2021-08-05,1.2526870736628382
2021-08-06,1.10446626752248
2021-08-09,1.080590651006699
2021-08-10,0.9533423726947625
2021-08-11,0.9624015975887515
2021-08-12,0.9689207120268136
2021-08-13,0.9508502270510741
2021-08-16,0.9045191177774492
2021-08-17,0.9213897912258381
2021-08-18,0.9176565992940364
2021-08-19,0.9337407876164945
2021-08-20,0.9550985263297749
2021-08-23,0.9832925650810403
2021-08-24,0.9734798970995269
2021-08-25,0.9633797541780865
2021-08-26,0.9462565222714281
2021-08-27,0.9479705189119714
2021-08-30,0.8952443388223257
2021-08-31,0.9033514066391212
2021-09-01,0.9039528922717099
2021-09-02,0.9119989864870344
2021-09-03,0.8948477325641065
2021-09-07,0.9311073851718032
2021-09-08,0.9343975605510926
2021-09-09,0.9178451578300449
2021-09-10,0.9328113173344261
2021-09-13,0.9323189670192265
2021-09-14,0.9317684640851043
2021-09-15,0.9380488460083845
2021-09-16,0.9463661271960802
2021-09-17,0.9830719896840802
2021-09-20,0.9636753986805469
2021-09-21,0.980516293815712
2021-09-22,0.9949266495878842
2021-09-23,0.9214589626860779
2021-09-24,0.9221795049472368
2021-09-27,0.9170657140480011
2021-09-28,1.046460387179761
2021-09-29,1.0504345062435805
2021-09-30,1.0120815625507875
2021-10-01,1.029659231780814
2021-10-04,1.0445356664604168
2021-10-05,1.0439367553685994
2021-10-06,1.043998482967441
2021-10-07,1.0488607662835712
2021-10-08,1.057327517938462
2021-10-11,1.0422751810495166
2021-10-12,1.066062504970646
2021-10-13,1.1251908563126538
2021-10-14,1.147596879262468
2021-10-15,1.1217284141367738
2021-10-18,1.1549874267898765
2021-10-19,1.1377283854168212
2021-10-20,1.1577242055559755
2021-10-21,1.1570593768303
2021-10-22,1.1502836054138803
2021-10-25,1.157039360141635
2021-10-26,1.1557527710767377
2021-10-27,1.0985024457477421
2021-10-28,1.0690926975181314
2021-10-29,1.0753868368589556
2021-11-01,1.0822658695307836
2021-11-02,1.0793719775936401
2021-11-03,1.0730791401043704
2021-11-04,1.075096644658599
2021-11-05,1.0800763647595693
2021-11-08,1.0820365992442271
2021-11-09,1.0723598059828054
2021-11-10,1.0707347245250753
2021-11-11,1.0672396679369387
2021-11-12,1.0646060304729312
2021-11-15,1.0553428117807755
2021-11-16,1.0304743803338576
2021-11-17,1.024149439137275
2021-11-18,1.0308681666330624
2021-11-19,1.0411079602712312
2021-11-22,1.0451261352502967
2021-11-23,1.0480441767432211
2021-11-24,1.0516511078194157
2021-11-26,0.9566607829776542
2021-11-29,0.9478882774548143
2021-11-30,0.8832790388175913
2021-12-01,0.8925287931110573
2021-12-02,0.9121928412313185
2021-12-03,0.9253146650295435
2021-12-06,0.9172650339541607
2021-12-07,0.9627079854439665
2021-12-08,0.9733657269438839
2021-12-09,0.9798211513444188
2021-12-10,0.9802437439078905
2021-12-13,0.9483551973157367
2021-12-14,0.9663618424084404
2021-12-15,0.9616342204682428
2021-12-16,0.9386093334655321
2021-12-17,0.9755273187843605
2021-12-20,0.9907409558036305
2021-12-21,0.9637757935899356
2021-12-22,0.8924814379357389
2021-12-23,0.8833478536307346
2021-12-27,0.8907153673302239
2021-12-28,0.8756715102479988
2021-12-29,0.862211802622809
2021-12-30,0.8553399460380321
2021-12-31,0.8468892309787084
2022-01-03,0.8354823616668382
2022-01-04,0.8311361985598565
2022-01-05,0.890848901226243
2022-01-06,0.8978088516467949
2022-01-07,0.8823963147198057
2022-01-10,0.8694549541264338
2022-01-11,0.9085925161186376
2022-01-12,0.9079288369452901
2022-01-13,0.9211659886674222
2022-01-14,0.9207207778463212
2022-01-18,0.9600776445895649
2022-01-19,0.9338898161660532
2022-01-20,0.9312770225214444
2022-01-21,0.9310253464787763
2022-01-24,0.941774298936616
2022-01-25,0.9483036703792561
2022-01-26,0.9575973169820724
2022-01-27,0.9551021558668349
2022-01-28,0.9521084368144824
2022-01-31,0.9705464800507161
2022-02-01,0.9737998811726108
2022-02-02,0.9736411461088853
2022-02-03,1.0027180624136307
2022-02-04,1.0051071770375908
2022-02-07,1.0009779813915105
2022-02-08,0.9989197402751934
2022-02-09,0.9967990025928485
2022-02-10,1.0235497465393992
2022-02-11,0.9919855116908242
2022-02-14,0.9950297030108123
2022-02-15,0.965397803340178
2022-02-16,0.968547268791676
2022-02-17,0.9337465547366103
2022-02-18,0.9327718999026886
2022-02-22,0.9211188807899058
2022-02-23,0.9484205188216029
2022-02-24,0.9388260285537041
2022-02-25,0.9501811181051709
2022-02-28,0.9401529618639043
2022-03-01,0.9231311346296235
2022-03-02,0.8919227516325794
2022-03-03,0.8823345839526551
2022-03-04,0.8415766533167466
2022-03-07,0.8283478391380971
2022-03-08,0.8217358545463522
2022-03-09,0.7301763765620134
2022-03-10,0.7345557997007477
2022-03-11,0.7327128488937272
2022-03-14,0.7481398426346437
2022-03-15,0.7227008660859033
2022-03-16,0.7636191196663406
2022-03-17,0.7520094694949795
2022-03-18,0.7616920182842573
2022-03-21,0.7500077036127715
2022-03-22,0.7378408905988751
2022-03-23,0.7054215186033694
2022-03-24,0.6988368741468951
2022-03-25,0.6944001897470985
2022-03-28,0.6931555692008047
2022-03-29,0.7028256164840133
2022-03-30,0.6987194391526758
2022-03-31,0.6932943473947918
2022-04-01,0.6640235004251178
2022-04-04,0.6695163214896128
2022-04-05,0.6938842787500615
2022-04-06,0.6977191418482279
2022-04-07,0.6859187885953871
2022-04-08,0.6861385441456245
2022-04-11,0.6921951501135611
2022-04-12,0.692642326567514
2022-04-13,0.6794272025604754
2022-04-14,0.7037507337239566
2022-04-18,0.7018749447012035
2022-04-19,0.6794163791673145
2022-04-20,0.6795949434547505
2022-04-21,0.7002296854297702
2022-04-22,0.7355616085646554
2022-04-25,0.7317151825225127
2022-04-26,0.7438182739950643
2022-04-27,0.7220125409754462
2022-04-28,0.7345595374950725
2022-04-29,0.7668881495314603
2022-05-02,0.7373553280141424
2022-05-03,0.7400364422802163
2022-05-04,0.7818641011833267
2022-05-05,0.8330994575194047
2022-05-06,0.8290015512896627
2022-05-09,0.8337467947231403
2022-05-10,0.850928162062925
2022-05-11,0.8263509001467705
2022-05-12,0.8378339643661243
2022-05-13,0.8072924055713577
2022-05-16,0.8173241665429688
2022-05-17,0.8000773881397725
2022-05-18,0.785987670688835
2022-05-19,0.7800377940522848
2022-05-20,0.7832972008482272
2022-05-23,0.7720586827383504
2022-05-24,0.7631000623284737
2022-05-25,0.7679143703400626
2022-05-26,0.7698972118084626
2022-05-27,0.779362679188622
2022-05-31,0.792917459924777
2022-06-01,0.8010950092440124
2022-06-02,0.8091828047249323
2022-06-03,0.8573486111404239
2022-06-06,0.8568363100145789
2022-06-07,0.8609813861018354
2022-06-08,0.846850156351651
2022-06-09,0.859576489566876
2022-06-10,0.8121177854588426
2022-06-13,0.8835106211643724
2022-06-14,0.8789728767962866
2022-06-15,0.8986988641914428
2022-06-16,0.8708384383915565
2022-06-17,0.8870620492316039
2022-06-21,0.8635647856496612
2022-06-22,0.8716356047593695
2022-06-23,0.8709867103772853
2022-06-24,0.8442809654523621
2022-06-27,0.8488577429203306
2022-06-28,0.8477200781064227
2022-06-29,0.8475269575986515
2022-06-30,0.8424364535933968
2022-07-01,0.8329625768563469
2022-07-05,0.8279695118688094
2022-07-06,0.8238658102796876
2022-07-07,0.8180007940087491
2022-07-08,0.8152172907464539
2022-07-11,0.811470861408604
2022-07-12,0.8032165377517968
2022-07-13,0.7966222520774254
2022-07-14,0.7977462851991394
2022-07-15,0.8088916856523983
2022-07-18,0.8088848257324319
2022-07-19,0.7875459114082057
2022-07-20,0.7662976902302087
2022-07-21,0.7774036869087866
2022-07-22,0.757660087351337
2022-07-25,0.7588290221259604
2022-07-26,0.744575297618962
2022-07-27,0.7017532943175333
2022-07-28,0.7140337026208644
2022-07-29,0.7045076475478512
2022-08-01,0.6717151173246342
2022-08-02,0.6154018997405367
2022-08-03,0.6262214082374365
2022-08-04,0.5860338281882027
2022-08-05,0.58656733128188
2022-08-08,0.609486527287273
2022-08-09,0.6089949424795106
2022-08-10,0.621137067017145
2022-08-11,0.6263673137249416
2022-08-12,0.650058231730398
2022-08-15,0.653227876739547
2022-08-16,0.6619267535552895
2022-08-17,0.667350896493611
2022-08-18,0.6771218498636455
2022-08-19,0.7051650082465358
2022-08-22,0.7149569355946932
2022-08-23,0.7213100873775631
2022-08-24,0.7111197578324775
2022-08-25,0.7093998779390548
2022-08-26,0.6841438230309865
2022-08-29,0.6798960242570233
2022-08-30,0.6750917489017483
2022-08-31,0.6809154480167505
2022-09-01,0.6753595642081106
2022-09-02,0.6713654947548341
2022-09-06,0.6760074307511651
2022-09-07,0.7233921777181876
2022-09-08,0.5794347306768297
2022-09-09,0.5861354437120487
2022-09-12,0.5573271471380932
2022-09-13,0.6444196343976182
2022-09-14,0.6444110401822588
2022-09-15,0.6886736453950361
2022-09-16,0.6877896641443535
2022-09-19,0.6917164390321009
2022-09-20,0.725956603173071
2022-09-21,0.7035745178969856
2022-09-22,0.7211049832291585
2022-09-23,0.7445093023883577
2022-09-26,0.7678769825258025
2022-09-27,0.7679299615780665
2022-09-28,0.8539573628494993
2022-09-29,0.8581331775072055
2022-09-30,0.879715258796254
2022-10-03,0.9324754305933901
2022-10-04,0.9621907109473133
2022-10-05,0.9660698008970806
2022-10-06,0.9727038541961854
2022-10-07,0.9794839061248417
2022-10-10,0.9949199092310788
2022-10-11,0.992245172686129
2022-10-12,1.0298902168823034
2022-10-13,0.9942887204311479
2022-10-14,0.9830230755986019
2022-10-17,0.9733888424762882
2022-10-18,0.9736272066303128
2022-10-19,0.9885065472355539
2022-10-20,1.0227656001269922
2022-10-21,0.9992388454165223
2022-10-24,1.0050538190784881
2022-10-25,1.013765622604827
2022-10-26,1.004797017955532
2022-10-27,0.9934681186922799
2022-10-28,0.9440762781319344
2022-10-31,0.9455475443677229
2022-11-01,0.9420449622150592
2022-11-02,0.9431310775534929
2022-11-03,0.9585453214189611
2022-11-04,0.9774568249264929
2022-11-07,0.9704208875166414
2022-11-08,0.9810668926526929
2022-11-09,0.9707222027296282
2022-11-10,1.0035626281421721
2022-11-11,1.0020413408996358
2022-11-14,0.9930485881894708
2022-11-15,0.9926528766817871
2022-11-16,0.9833957183160376
2022-11-17,0.9847299023152059
2022-11-18,0.9789238792874723
2022-11-21,1.0182205278602658
2022-11-22,1.0193395971104395
2022-11-23,1.0260076274131111
2022-11-25,1.0228848630898735
2022-11-28,1.0145193083895092
2022-11-29,1.0195300410001276
2022-11-30,1.0084777512415393
2022-12-01,0.9974139003547521
2022-12-02,0.9995223850147376
2022-12-05,1.0012495440384657
2022-12-06,0.9976778987262844
2022-12-07,1.0113813854287679
2022-12-08,1.0100064296624982
2022-12-09,1.0079100605822042
2022-12-12,1.0000061127262188
2022-12-13,1.006290858639826
2022-12-14,0.9976323539651966
2022-12-15,1.019705920030682
2022-12-16,1.0096323882989047
2022-12-19,0.9976741015738846
2022-12-20,0.9824629703347785
2022-12-21,0.9750722234435535
2022-12-22,0.9380431342614375
2022-12-23,0.9368349363876568
2022-12-27,0.9294026795495887
2022-12-28,0.8962193479028328
2022-12-29,0.8869128438673892
2022-12-30,0.8868497800203572
2023-01-03,0.8806334716307647
2023-01-04,0.865460439651148
2023-01-05,0.8556840728537058
2023-01-06,0.8639031544158878
2023-01-09,0.866096833945711
2023-01-10,0.8961733229481267
2023-01-11,0.8838331024748991
2023-01-12,0.9114711833632402
2023-01-13,0.9146859179027959
2023-01-17,0.9029448660444687
2023-01-18,0.8842228299286031
2023-01-19,0.8959996847273887
2023-01-20,0.8797897472917078
2023-01-23,0.8652438296077677
2023-01-24,0.8722286950190852
2023-01-25,0.8771704226689714
2023-01-26,0.9230889440409598
2023-01-27,0.9169279297731873
2023-01-30,0.9173325467180886
2023-01-31,0.9058126638360828
2023-02-01,0.9103797693966834
2023-02-02,0.8657454895639324
2023-02-03,0.8877795530846482
2023-02-06,0.884342486503559
2023-02-07,0.8907214368181827
2023-02-08,0.793570262775524
2023-02-09,0.8112707808695868
2023-02-10,0.8139882999660286
2023-02-13,0.8139168968782545
2023-02-14,0.8358897200866492
2023-02-15,0.8275078596064822
2023-02-16,0.853910752815276
2023-02-17,0.8534149767650306
2023-02-21,0.8939048928969295
2023-02-22,0.8876356018433232
2023-02-23,0.8928001344625106
2023-02-24,0.9263159787360332
2023-02-27,0.9288532337142172
2023-02-28,0.9362858813072049
2023-03-01,0.9348735843279888
2023-03-02,0.9363222412620035
2023-03-03,0.9586181432047483
2023-03-06,0.9790062226526256
2023-03-07,1.0125206456705405
2023-03-08,1.0172062204350285
2023-03-09,1.0063454969957346
2023-03-10,0.980171411015277
2023-03-13,0.9567437032414133
2023-03-14,0.9354763736685244
2023-03-15,0.918179544873231
2023-03-16,0.9349306036152718
2023-03-17,0.9069898156731867
2023-03-20,0.9054180795749881
2023-03-21,0.896495340221311
2023-03-22,0.8395986123802779
2023-03-23,0.841098024587242
2023-03-24,0.8351528925746383
2023-03-27,0.8217792831442482
2023-03-28,0.7930947118085219
2023-03-29,0.7814024876252017
2023-03-30,0.7918038116200802
2023-03-31,0.7880649569409754
2023-04-03,0.7821580202436798
2023-04-04,0.7464444359755441
2023-04-05,0.744749825307813
2023-04-06,0.7460861674548809
2023-04-10,0.7443804654786953
2023-04-11,0.7317133194555681
2023-04-12,0.728159045610391
2023-04-13,0.7389803064545745
2023-04-14,0.7684214032353102
2023-04-17,0.7780623075800862
2023-04-18,0.8153508265120575
2023-04-19,0.8257309952300531
2023-04-20,0.8254678033471328
2023-04-21,0.8249753372294417
2023-04-24,0.8490520411816093
2023-04-25,0.844569384849076
2023-04-26,0.8517651463431987
2023-04-27,0.7958454178394462
2023-04-28,0.8006407824694389
2023-05-01,0.8583708750057271
2023-05-02,0.8268876417642973
2023-05-03,0.8274880443665297
2023-05-04,0.8392764582647109
2023-05-05,0.8590685651665955
2023-05-08,0.8401013701399671
2023-05-09,0.8433518117448999
2023-05-10,0.8447632233951208
2023-05-11,0.8440726036109198
2023-05-12,0.8552097832027292
2023-05-15,0.8223564814430754
2023-05-16,0.8437305002439318
2023-05-17,0.763267642174199
2023-05-18,0.7520203411680827
2023-05-19,0.7472010897222453
2023-05-22,0.707591260151043
2023-05-23,0.695907859036295
2023-05-24,0.7175393561677357
2023-05-25,0.7064280780665553
2023-05-26,0.727429333993964
2023-05-30,0.6779782378194915
2023-05-31,0.6600488856204543
2023-06-01,0.627865336021509
2023-06-02,0.6343210819999537
2023-06-05,0.5954847362796634
2023-06-06,0.6562605062493548
2023-06-07,0.6773277961647612
2023-06-08,0.7129475337494252
2023-06-09,0.7189539080824094
2023-06-12,0.6938079256573413
2023-06-13,0.7195373056425355
2023-06-14,0.7160705336225656
2023-06-15,0.7414710795243744
2023-06-16,0.811882959467906
2023-06-20,0.8155151901575884
2023-06-21,0.8133204602919495
2023-06-22,0.8160708765106286
2023-06-23,0.810282955124233
2023-06-26,0.8270543403605037
2023-06-27,0.7934060124917532
2023-06-28,0.7845877425495672
2023-06-29,0.753213810969265
2023-06-30,0.8023229138795567
2023-07-03,0.8068423135725721
2023-07-05,0.8161806444533173
2023-07-06,0.8556308097811459
2023-07-07,0.8522499554912885
2023-07-10,0.8574362928823072
2023-07-11,0.8482478290970124
2023-07-12,0.8687698925953794
2023-07-13,0.8756909876083578
2023-07-14,0.8800627380549852
2023-07-17,0.8781309747936514
2023-07-18,0.9008533391223671
2023-07-19,0.8993098201433674
2023-07-20,0.9205082906620868
2023-07-21,0.9395432720133768
2023-07-24,0.93601865833411
2023-07-25,1.0407641948658373
2023-07-26,1.00317786227421
2023-07-27,1.0874694045805848
2023-07-28,1.1308944709690234
2023-07-31,1.1340937939166573
2023-08-01,1.1380748843014872
2023-08-02,1.2181243634897283
2023-08-03,1.2226066004844374
2023-08-04,1.222567082173312
2023-08-07,1.2224281740967144
2023-08-08,1.2257259118696766
2023-08-09,1.2055070503955776
2023-08-10,1.2115847083334719
2023-08-11,1.1773265565185091
2023-08-14,1.1968671828688175
2023-08-15,1.2615456717475075
2023-08-16,1.2773453500894165
2023-08-17,1.2938536325067709
2023-08-18,1.3419247598435948
2023-08-21,1.319959426329737
2023-08-22,1.3374732321345595
2023-08-23,1.3880683432073702
2023-08-24,1.3984273293005125
2023-08-25,1.4525364484426209
2023-08-28,1.4256854646885126
2023-08-29,1.509358737416447
2023-08-30,1.5231192729461696
2023-08-31,1.5090540523724756
2023-09-01,1.5015771549981964
2023-09-05,1.499548663547912
2023-09-06,1.4999192730243376
2023-09-07,1.514608229010941
2023-09-08,1.5536482668654894
2023-09-11,1.5465639122728643
2023-09-12,1.5749409848792364
2023-09-13,1.5852629084801875
2023-09-14,1.5725515132347014
2023-09-15,1.5493423993889976
2023-09-18,1.5564721650646876
2023-09-19,1.5974187608004433
2023-09-20,1.5876773235356032
2023-09-21,1.7187151336981357
2023-09-22,1.7100542396649154
2023-09-25,1.7311892188110756
2023-09-26,1.7118460541217766
2023-09-27,1.7100030848694114
2023-09-28,1.6918929764489952
2023-09-29,1.6819947296760227
2023-10-02,1.6868503420521694
2023-10-03,1.7075740845182161
2023-10-04,1.7173858122787882
2023-10-05,1.677570762888923
2023-10-06,1.6743628372267159
2023-10-09,1.7109128999305876
2023-10-10,1.7051577546659737
2023-10-11,1.7170641714991766
2023-10-12,1.7300148304212835
2023-10-13,1.694870928735313
2023-10-16,1.6507264619386046
2023-10-17,1.6531835043045608
2023-10-18,1.6020939862683263
2023-10-19,1.5894095207945904
2023-10-20,1.5022591068755353
2023-10-23,1.4955619710816281
2023-10-24,1.505599627527358
2023-10-25,1.5148713893259773
2023-10-26,1.449008213014368
2023-10-27,1.444749032339827
2023-10-30,1.4235737121438752
2023-10-31,1.4161782001072103
2023-11-01,1.422450120566607
2023-11-02,1.4321646979892986
2023-11-03,1.4339409588721388
2023-11-06,1.433957314054376
2023-11-07,1.4391733497507349
2023-11-08,1.4265269863502865
2023-11-09,1.4272331859416516
2023-11-10,1.3742497377415537
2023-11-13,1.3726380008584618
2023-11-14,1.365092867522785
2023-11-15,1.3660271888974858
2023-11-16,1.3294436000841712
2023-11-17,1.3220068842384864
2023-11-20,1.3129444655959965
2023-11-21,1.3011661167651043
2023-11-22,1.2714491525862055
2023-11-24,1.2701172785911645
2023-11-27,1.2667202074943666
2023-11-28,1.2703371434804351
2023-11-29,1.2590652309577948
2023-11-30,1.2445987415389006
2023-12-01,1.2684720881882168
2023-12-04,1.2846123921970196
2023-12-05,1.2882936167059686
2023-12-06,1.2825640614020755
2023-12-07,1.2740304827653572
2023-12-08,1.272706959928257
2023-12-11,1.281596942430829
2023-12-12,1.2848303908426921
2023-12-13,1.332751798880674
2023-12-14,1.3490891690309
2023-12-15,1.286305193915552
2023-12-18,1.2904508604043916
2023-12-19,1.2994078265415778
2023-12-20,1.2877756192000704
2023-12-21,1.2803129320501143
2023-12-22,1.2866739419077189
2023-12-26,1.281379101512165
2023-12-27,1.2721286775346856
2023-12-28,1.2210344459939617
2023-12-29,1.224558506838346
2024-01-02,1.2251245236737922
2024-01-03,1.2550939123709424
2024-01-04,1.235371010514339
2024-01-05,1.2395753594906214
2024-01-08,1.2053618469424845
2024-01-09,1.175190819440211
2024-01-10,1.2042079123360807
2024-01-11,1.221059756802861
2024-01-12,1.2184661521604307
2024-01-16,1.2649300116243374
2024-01-17,1.2770461653272833
2024-01-18,1.321399488893453
2024-01-19,1.324356921520799
2024-01-22,1.3168993773325406
2024-01-23,1.2809078071028277
2024-01-24,1.3384766261871515
2024-01-25,1.3459182793810947
2024-01-26,1.361359937502458
2024-01-29,1.3708158866903213
2024-01-30,1.3416753088278468
2024-01-31,1.1662173664916122
2024-02-01,1.182129087098705
2024-02-02,1.165347777324408
2024-02-05,1.1683511079432372
2024-02-06,1.1714197463362321
2024-02-07,1.140400878605393
2024-02-08,1.1846040109177378
2024-02-09,1.179634439227022
2024-02-12,1.1741152145369327
2024-02-13,1.3082049016037598
2024-02-14,1.325674622234346
2024-02-15,1.3240290930811707
2024-02-16,1.3263599405487507
2024-02-20,1.3349646639154482
2024-02-21,1.342130736412259
2024-02-22,1.2670811656478795
2024-02-23,1.2786959900652464
2024-02-26,1.2873674145155436
2024-02-27,1.286995947271515
2024-02-28,1.2814362917979163
2024-02-29,1.25797347727565
2024-03-01,1.2537107416953914
2024-03-04,1.2476112233816776
2024-03-05,1.2112947636469713
2024-03-06,1.2235346927267692
2024-03-07,1.2327787542465076
2024-03-08,1.221364755222559
2024-03-11,1.2204464572061882
2024-03-12,1.0916383009333706
2024-03-13,1.0756940884731674
2024-03-14,1.0867691032439994
2024-03-15,1.094767387766781
2024-03-18,1.0941534442002103
2024-03-19,1.0754352857241811
2024-03-20,1.0898310144040961
2024-03-21,1.0880051835082098
2024-03-22,1.082969501397568
2024-03-25,1.0783193002224483
2024-03-26,1.066215797018293
2024-03-27,1.0734463119135451
2024-03-28,1.07031370210904
2024-04-01,1.026800266709767
2024-04-02,1.0115236126992795
2024-04-03,1.0115001642212988
2024-04-04,1.0253726582413785
2024-04-05,1.0574863742468992
2024-04-08,1.0641553506817296
2024-04-09,1.0660641456857431
2024-04-10,1.1067452665625443
2024-04-11,1.0808559103265618
2024-04-12,1.1191717831143162
2024-04-15,1.0540653690626294
2024-04-16,1.0678955429723775
2024-04-17,1.0645281760077785
2024-04-18,1.0652219757706376
2024-04-19,1.049975822516115
2024-04-22,0.9889872393298657
2024-04-23,0.9815115797971324
2024-04-24,0.9706476659670985
2024-04-25,0.9816334830268276
2024-04-26,1.0799467660566562
2024-04-29,1.0545742800187892
2024-04-30,1.1226674383076074
2024-05-01,1.1162004074404825
2024-05-02,1.1076105850462832
2024-05-03,1.1148942767947743
2024-05-06,1.1365404622499051
2024-05-07,1.144620753458516
2024-05-08,1.1458452031864657
2024-05-09,1.0604654033355805
2024-05-10,1.049742312387633
2024-05-13,1.048654807042304
2024-05-14,1.055671221617078
2024-05-15,1.0907474036430502
2024-05-16,1.0933700396239878
2024-05-17,1.1539821133445831
2024-05-20,1.153913881131546
2024-05-21,1.1484027884594517
2024-05-22,1.1688527610176902
2024-05-23,1.2062795010328458
2024-05-24,1.1902666767886376
2024-05-28,1.1639177076818243
2024-05-29,1.2067399844867677
2024-05-30,1.2159073214081852
2024-05-31,1.2047703951473774
2024-06-03,1.2025602373094224
2024-06-04,1.2195151655018674
2024-06-05,1.2513657159379075
2024-06-06,1.3271151287850003
2024-06-07,1.3461761959117398
2024-06-10,1.3287944250894843
2024-06-11,1.3278133028198666
2024-06-12,1.3322195675154702
2024-06-13,1.3328803564037837
2024-06-14,1.319814422807477
2024-06-17,1.293409147832679
2024-06-18,1.2972549377480083
2024-06-20,1.296697449749573
2024-06-21,1.3045742385494745
2024-06-24,1.2881514174161657
2024-06-25,1.2878155113915635
2024-06-26,1.2926534218941836
2024-06-27,1.3208287464541313
2024-06-28,1.342079352022794
2024-07-01,1.3785396060276376
2024-07-02,1.3450146419857831
2024-07-03,1.355484218134924
2024-07-05,1.3660328067796277
2024-07-08,1.3393711439561027
2024-07-09,1.3364030961518398
2024-07-10,1.2852210473772958
2024-07-11,1.3750135157422942
2024-07-12,1.3580038521173918
2024-07-15,1.36450605100392
2024-07-16,1.4077258306748353
2024-07-17,1.405781021472128
2024-07-18,1.508452275596492
2024-07-19,1.569371283654076
2024-07-22,1.4939532286831911
2024-07-23,1.4963968287198859
2024-07-24,1.073580672626617
2024-07-25,1.0676439482570814
2024-07-26,0.9522591703669526
2024-07-29,0.9588755860484909
2024-07-30,0.9433090028816884
2024-07-31,0.9835063941414441
2024-08-01,0.9638305073760417
2024-08-02,0.952150405347291
2024-08-05,1.014091542714394
2024-08-06,0.9729447243591905
2024-08-07,0.9910329441884115
2024-08-08,1.0503468684039587
2024-08-09,1.0693059421813222
2024-08-12,1.0416143064266559
2024-08-13,1.0680942467227557
2024-08-14,1.0714311641353396
2024-08-15,1.0556466631247639
2024-08-16,1.0587803060713672
2024-08-19,1.0488189756156125
2024-08-20,1.0281683193469782
2024-08-21,1.029891219470307
2024-08-22,1.0562157889208894
2024-08-23,1.0487311181721726
2024-08-26,1.0680036306951528
2024-08-27,1.0713775962686496
2024-08-28,1.0851972038525821
2024-08-29,1.0840896808205347
2024-08-30,1.0408438803684028
2024-09-03,1.164674811620644
2024-09-04,1.1546649072001753
2024-09-05,1.1462096996720235
2024-09-06,1.179999524587532
2024-09-09,1.1934577651697034
2024-09-10,1.1970175105534944
2024-09-11,1.1948202798337797
2024-09-12,1.2120956717665583
2024-09-13,1.2122952227670938
2024-09-16,1.213159032701556
2024-09-17,1.2111559397678315
2024-09-18,1.2184022200345397
2024-09-19,1.2233157568276185
2024-09-20,1.2184087545856501
2024-09-23,1.216535342951171
2024-09-24,1.2061338362570662
2024-09-25,1.2100510192579919
2024-09-26,1.209635983405947
2024-09-27,1.2079289537600424
2024-09-30,1.1984050776923485
2024-10-01,1.2013148453496707
2024-10-02,1.2009158675735987
2024-10-03,1.2055371029902664
2024-10-04,1.2134219111457905
2024-10-07,1.2340840643318447
2024-10-08,1.2339277118036602
2024-10-09,1.204461284611577
2024-10-10,1.2112915784786884
2024-10-11,1.2046149342521004
2024-10-14,1.1915953506582828
2024-10-15,1.2040919419694582
2024-10-16,1.2055577795092525
2024-10-17,1.3800833555756233
2024-10-18,1.3859930551948256
2024-10-21,1.4151129183330002
2024-10-22,1.4123017253643506
2024-10-23,1.415958709053158
2024-10-24,1.4076965003099027
2024-10-25,1.4328417010543686
2024-10-28,1.4861523034682111
2024-10-29,1.5609993803361595
2024-10-30,1.5851969646502928
2024-10-31,1.4465826585295194
2024-11-01,1.4314347555335765
2024-11-04,1.402890460274132
2024-11-05,1.4253397981642304
2024-11-06,1.1970216659225157
2024-11-07,1.209096918620344
2024-11-08,1.2306250413207889
2024-11-11,1.2229386202727421
2024-11-12,1.2351214896336666
2024-11-13,1.2392146841640383
2024-11-14,1.2261477938436023
2024-11-15,1.2110194112187809
2024-11-18,1.1897907685705071
2024-11-19,1.1932122117988875
2024-11-20,1.193630531196499
2024-11-21,1.1855931858590725
2024-11-22,1.1952519907191936
2024-11-25,1.2262132541438564
2024-11-26,1.0508392605003258
2024-11-27,1.03673146558531
2024-11-29,1.0698150098075614
2024-12-02,0.9954008814929676
2024-12-03,0.961072621277985
2024-12-04,0.9606592049559396
2024-12-05,0.9636995940820836
2024-12-06,0.9511061993726706
2024-12-09,0.9506001604944045
2024-12-10,0.9413418864258528
2024-12-11,0.9366693641490724
2024-12-12,0.9544140935100072
2024-12-13,0.9181189342590379
2024-12-16,0.9256536936193094
2024-12-17,0.9317112722194684
2024-12-18,1.2082278293699844
2024-12-19,1.2141917896129186
2024-12-20,1.1595250308031462
2024-12-23,1.1597343386288745
2024-12-24,1.1889136487960463
2024-12-26,1.1915033139487046
2024-12-27,1.2176368777556692
2024-12-30,1.1803015699933022
2024-12-31,1.1807147010716148
2025-01-02,1.1497505808926187
2025-01-03,1.1631131340421956
2025-01-06,1.1806943578216307
2025-01-07,1.1937100857628833
2025-01-08,1.1919845866432681
2025-01-10,1.1948003967686307
2025-01-13,1.2103673203349794
2025-01-14,1.2070758594268582
2025-01-15,1.2699160555770408
2025-01-16,1.2621026681556162
2025-01-17,1.2399903395799425
2025-01-21,1.2695230918096416
2025-01-22,1.2710069364000018
2025-01-23,1.2625145728025275
2025-01-24,1.2513268548469572
2025-01-27,1.2538667245834156
2025-01-28,1.2547869149245072
2025-01-29,1.2568314091317223
2025-01-30,1.3479617673242674
2025-01-31,1.3534334509394137
2025-02-03,1.3521732514150089
2025-02-04,1.3479100560103805
2025-02-05,1.5729503333744317
2025-02-06,1.5568418779020015
2025-02-07,1.5552280713039073
2025-02-10,1.573140937423359
2025-02-11,1.565320166446358
2025-02-12,1.567251769936109
2025-02-13,1.6043531414252528
2025-02-14,1.6085750731780397
2025-02-18,1.5972915245332675
2025-02-19,1.599362649340587
2025-02-20,1.5869551362465522
2025-02-21,1.5167677411864566
2025-02-24,1.4971462174019037
2025-02-25,1.4888143024559488
2025-02-26,1.4933769568498867
2025-02-27,1.5229728539551175
2025-02-28,1.500787922457435
2025-03-03,1.4626490090470121
2025-03-04,1.442179257481592
2025-03-05,1.4200305424384951
2025-03-06,1.3914354099916517
2025-03-07,1.3861128988292941
2025-03-10,1.293319398214094
2025-03-11,1.2884785170728725
2025-03-12,1.2971870682382425
2025-03-13,1.2478149663047646
2025-03-14,1.1880565276037085
2025-03-17,1.1931465253849731
2025-03-18,1.1769278090557667
2025-03-19,1.0437457172146103
2025-03-20,1.0401516046214105
2025-03-21,1.0802157636599474
2025-03-24,1.0413065623381952
2025-03-25,1.0264737895514158
2025-03-26,1.035365048549312
2025-03-27,1.0115752981022172
2025-03-28,0.9881988608701274
2025-03-31,0.9962553572664847
2025-04-01,0.9944863452764029
2025-04-02,0.9836053544490763
2025-04-03,1.1299557168754442
2025-04-04,1.0738685328920343
2025-04-07,1.0750281572960143
2025-04-08,1.0507071679539244
2025-04-09,0.7712910707044195
2025-04-10,0.708471888510491
2025-04-11,0.6935476389346271
2025-04-14,0.6846528358853055
2025-04-15,0.686152030592697
2025-04-16,0.6616929373185689
2025-04-17,0.6615331865897761
2025-04-21,0.6576626519360091
2025-04-22,0.6528586602102462
2025-04-23,0.6436678884653863
2025-04-24,0.656523760715564
2025-04-25,0.6574606638772102
2025-04-28,0.6563461331285466
2025-04-29,0.6561039001573487
2025-04-30,0.6541088177963568
2025-05-01,0.6467529844914143
2025-05-02,0.6455252806282011
2025-05-05,0.6434262626198912
2025-05-06,0.6379141148584212
2025-05-07,0.6345982429216949
2025-05-08,0.6305077801193958
2025-05-09,0.6298348676527602
2025-05-12,0.6083748737814538
2025-05-13,0.6079631651854311
2025-05-14,0.6070377666041142
2025-05-15,0.6091153961621869
2025-05-16,0.6082213629533628
2025-05-19,0.6068318858796555
2025-05-20,0.6068127227695199
2025-05-21,0.6141928707654793
2025-05-22,0.6141251345074809
2025-05-23,0.6012457987669819
2025-05-27,0.5939349604482204
2025-05-28,0.5907497928901518
2025-05-29,0.5908770750937498
2025-05-30,0.5906691263172893
2025-06-02,0.587480852311441
2025-06-03,0.5874564583245554
2025-06-04,0.5864472469545335
2025-06-05,0.5888037047541032
2025-06-06,0.5880774518252181
2025-06-09,0.5946258230601023
2025-06-10,0.5977509502267708
2025-06-11,0.5951757540101177
2025-06-12,0.5982439960631984
2025-06-13,0.5982718048565179
2025-06-16,0.5964581994278256
2025-06-17,0.5951466094041619
2025-06-18,0.5968914775943973
2025-06-20,0.597140755535889
2025-06-23,0.5932702039084018
2025-06-24,0.5952249455153293
2025-06-25,0.5984553566798895
2025-06-26,0.5951001842917131
2025-06-27,0.5931902711049856
2025-06-30,0.5942976960486861
2025-07-01,0.4869878872136871
2025-07-02,0.39535285096150113
2025-07-03,0.3850073504676306
2025-07-07,0.397603995532365
2025-07-08,0.34030375461675355
2025-07-09,0.4867863937885406
2025-07-10,0.4639484023870456
2025-07-11,0.49454443617203314
2025-07-14,0.4979093280627595
2025-07-15,0.5795714794305041
2025-07-16,0.5787995726421794
2025-07-17,0.5980891246717877
2025-07-18,0.6123869322296978
2025-07-21,0.6327104187059779
2025-07-22,0.5399063292826152
2025-07-23,0.5274504485694812
2025-07-24,0.5340726215669518
2025-07-25,0.5281855565481716
2025-07-28,0.5263631359474441
2025-07-29,0.5035385440514586
2025-07-30,0.5086077795031091
2025-07-31,0.5227778500015474
2025-08-01,0.610937015932682
2025-08-04,0.6829251964985122
2025-08-05,0.7090375616593048
2025-08-06,0.7176155737935904
2025-08-07,0.8905163323048696
2025-08-08,0.8993118929766635
2025-08-11,0.9032672896079134
2025-08-12,0.8802532225487258
2025-08-13,0.9014320967171557
2025-08-14,0.9102189786387234
2025-08-15,0.925776201671103
2025-08-18,0.8815640979904007
2025-08-19,0.8819605300844988
2025-08-20,0.894375650785868
2025-08-21,0.981479899096047
2025-08-22,1.0538216438917778
2025-08-25,1.0498541719026555
2025-08-26,1.0508852921564882
2025-08-27,1.0354816570987426
2025-08-28,1.0501697569068493
2025-08-29,1.0580136797018138
2025-09-02,1.023225228104706
2025-09-03,1.0568761033017244
2025-09-04,1.0596702705498162
2025-09-05,1.0508730340107508
2025-09-08,1.0631062392979371
2025-09-09,1.0574935860540688
2025-09-10,1.0451403590047972
2025-09-11,1.0925596646734181
2025-09-12,1.1224429401797589
2025-09-15,1.1261049381254264
2025-09-16,1.1217995421403264
2025-09-17,1.1391908398513757
2025-09-18,1.1315081217269227
2025-09-19,1.1398229495740568
2025-09-22,1.1784831072470694
2025-09-23,1.1889412668540804
2025-09-24,1.1871113836142604
2025-09-25,1.170592519767829
2025-09-26,1.1656098027096258
2025-09-29,1.1886163576691413
2025-09-30,1.1767390875220136
2025-10-01,1.174636711561917
2025-10-02,1.153448196223185
2025-10-03,1.1527525297191412
2025-10-06,1.1474523469143825
2025-10-07,1.146804998304717
2025-10-08,1.1461246648865002
2025-10-09,1.1723917084600937
2025-10-10,1.0473429616923036
2025-10-13,1.101243458796832
2025-10-14,1.1010574930804038
2025-10-15,1.1031280014290439
2025-10-16,1.1070305987050588
2025-10-17,1.0956525246265494
2025-10-20,1.1454352727156585
2025-10-21,1.1506853017344028
2025-10-22,1.1816339384103247
2025-10-23,1.1569195088108144
2025-10-24,1.1509644802040844
2025-10-27,1.0892246475279752
2025-10-28,1.0327868184450317
2025-10-29,1.0386873056571793
2025-10-30,1.0225400617981
2025-10-31,1.0154983424966932
2025-11-03,1.017447896887131
2025-11-04,1.0688662997206282
2025-11-05,1.0983591567272597
2025-11-06,1.1058892441470958
2025-11-07,1.1003953188216697
2025-11-10,1.1331908590020257
2025-11-11,1.1340711521237132
2025-11-12,1.1341473265038182
2025-11-13,1.192167868909292
2025-11-14,1.1886013368112096
2025-11-17,1.1636885200325695
2025-11-18,1.1608148812117678
2025-11-19,1.1601378332053316
2025-11-20,1.1171785032973802
2025-11-21,1.1170718171664966
2025-11-24,1.155930254731658
2025-11-25,1.1713049614234445
2025-11-26,1.1725169919834624
2025-11-28,1.167586162284547
2025-12-01,1.1715659117161903
2025-12-02,1.1664500641436035
2025-12-03,1.1656582303494583
2025-12-04,1.1639431793951804
2025-12-05,1.1629237401827122
2025-12-08,1.1660857041081005
2025-12-09,1.162580542271511
2025-12-10,1.1700860408639142
2025-12-11,1.1698246919561235
2025-12-12,1.1887227880105131
2025-12-15,1.1870901162276666
2025-12-16,1.1809701035283766
2025-12-17,1.1721149491747578
2025-12-18,1.169253112898811
2025-12-19,1.1668188224210387
2025-12-22,1.174995856832612
2025-12-23,1.1722016936447193
2025-12-24,1.1739568794477244
2025-12-26,1.174156618481742
2025-12-29,1.1758061367590527
2025-12-30,1.176686993893882
2025-12-31,1.1824783307294864
2026-01-02,1.187422182056116
2026-01-05,1.191645831751679
2026-01-06,1.1898160622528051
2026-01-07,1.3153474044000608
2026-01-08,1.27892940950082
2026-01-09,1.287380300444591
2026-01-12,1.2844572879937597
2026-01-13,1.3162397276602984
2026-01-14,1.3113401000026956
2026-01-15,1.268067296811485
2026-01-16,1.2649966906495693
2026-01-20,1.267303520291221
2026-01-21,1.3204337761559524
2026-01-22,1.3483800668420025
2026-01-23,1.3967844486929262
2026-01-26,1.403205638480134
2026-01-27,1.3946469873136573
2026-01-28,1.4136216058888167
2026-01-29,1.4231125916843101
2026-01-30,1.4665175248506317
2026-02-02,1.4144129600998454
2026-02-03,1.3777102310088591
2026-02-04,1.3812776261482587
2026-02-05,1.4101991802077387
2026-02-06,1.4391540829820473
2026-02-09,1.4418574550615606
2026-02-10,1.4362377948741898
2026-02-11,1.4150148980431387
2026-02-12,1.3672467473669192
2026-02-13,1.3605630792493808
2026-02-17,1.3620781129629906
2026-02-18,1.356923600495075
2026-02-19,1.4259497918162016
2026-02-20,1.4287628923669264
2026-02-23,1.3482709017914865
2026-02-24,1.344546805556809
2026-02-25,1.3328002622644426
2026-02-26,1.3405659499766263
2026-02-27,1.3307230867527648
2026-03-02,1.330535246821246
2026-03-03,1.392299543847104
2026-03-04,1.3963893499145428
2026-03-05,1.4060019156349988
2026-03-06,1.4587440206215967
2026-03-09,1.4912221544096003
2026-03-10,1.4987935871308882
2026-03-11,1.5013716172863456
2026-03-12,1.52685448159895
2026-03-13,1.53751169999872
2026-03-16,1.5661547524861141
2026-03-17,1.5996395732603095
2026-03-18,1.6461320718692491
2026-03-19,1.671115983376245
2026-03-20,1.755561472630752
2026-03-23,1.7369819258641914
2026-03-24,1.7405429547076123
2026-03-25,1.7631916239661094
2026-03-26,1.7940715057318086
2026-03-27,1.7626803134280982
2026-03-30,1.742798239978141
2026-03-31,1.6423295577595518
2026-04-01,1.6380057498174414
2026-04-02,1.6348865782652877
2026-04-06,1.632382703960999
2026-04-07,1.6311565133676094
2026-04-08,1.6374169726075893
2026-04-09,1.6365952496282148
2026-04-10,1.6371692647896088
2026-04-13,1.6333483121053842
2026-04-14,1.6311600997503144
2026-04-15,1.612347187459457
2026-04-16,1.6373163295767614
2026-04-17,1.616959011708978
2026-04-20,1.6118177654179677
2026-04-21,1.619833349415628
2026-04-22,1.6106820371656567
2026-04-23,1.6110503809026864
2026-04-24,1.6057630406779608
2026-04-27,1.608025938213898
2026-04-28,1.5770452729516486
2026-04-29,1.5906915426701953
2026-04-30,1.5899167914875716
2026-05-01,1.5895387240991614
2026-05-04,1.589178485372255
2026-05-05,1.5673218756703762
2026-05-06,1.58389855514201
2026-05-07,1.5858607715032165
2026-05-08,1.585254967144473
2026-05-11,1.635982589534195
2026-05-12,1.6348152598921493
2026-05-13,1.6277339562466768
2026-05-14,1.6254021869334692
2026-05-15,1.636899333360625
2026-05-18,1.6343354734050493
2026-05-19,1.6797925797286946
2026-05-20,1.6938671557908953
2026-05-21,1.6963913638596906
2026-05-22,1.7029235908344318
2026-05-26,1.7178353604237817
2026-05-27,1.716219925431923
2026-05-28,1.7008165504312733
2026-05-29,1.6980230907712839
2026-06-01,1.7010281393176916
2026-06-02,1.6843518468331546
2026-06-03,1.661770174031715
2026-06-04,1.6582346688876441
2026-06-05,1.6927211251841332
2026-06-08,1.7035388211020115
2026-06-09,1.6991047635614405
2026-06-10,1.6984378153176198
2026-06-11,1.7307980732642354
2026-06-12,1.715870900652046
2026-06-15,1.7225381971128548
2026-06-16,1.6465578447025042
2026-06-17,1.6424997530530485
2026-06-18,1.6353155933177166
2026-06-22,1.6281928121904268
2026-06-23,1.5938079783257502
2026-06-24,1.618031686413881
2026-06-25,1.647935561551335
2026-06-26,1.7109011167397346
2026-06-29,1.683709328349942
2026-06-30,1.6660070460648186
2026-07-01,1.6622104770682031
2026-07-02,1.6517422479525568
2026-07-06,1.6351327144667405
2026-07-07,1.6409822366464122
2026-07-08,1.6432254372450912
2026-07-09,1.6499660080485614
2026-07-10,1.649403168009103
2026-07-13,1.684631518256388
2026-07-14,1.689111804299772
2026-07-15,1.6938823231860998
2026-07-16,1.6975156451999645
2026-07-17,1.6614663637639329
2026-07-20,1.6695282143636259
2026-07-21,1.673997654078626
2026-07-22,1.6830740415506849
2026-07-23,1.690044665418933
2026-07-24,1.703633836853857
2026-07-27,1.6988168199125726
2026-07-28,1.7382230672288377
2026-07-29,1.7551186163011736
2026-07-30,1.708882890323279
2026-07-31,1.6940384194491815
2026-08-03,1.65699676918122
2026-08-04,1.6438526948105883
2026-08-05,1.626818149388285
2026-08-06,1.6275396424999025
2026-08-07,1.6325202163608354
2026-08-10,1.6428328842583522
2026-08-11,1.646818326800134
2026-08-12,1.6329277322030773
2026-08-13,1.6263094462962215
2026-08-14,1.6212242419259388
2026-08-17,1.611190338154149
2026-08-18,1.5961938690344017
2026-08-19,1.6104277216882326
2026-08-20,1.6067056352222704
