date,Original TLAQ,Beta>1.00; SVXY x0.75,Beta>1.00; SVXY x0.50,Beta>1.25; SVXY x0.75,Beta>1.25; SVXY x0.50,Beta>1.50; SVXY x0.75,Beta>1.50; SVXY x0.50,Beta>1.50; SVXY x0.00,Prior joint-down; SVXY x0.75,Prior joint-down; SVXY x0.50,Prior joint-down; SVXY x0.00
2012-01-05,0.006117458726101718,0.006117458726101718,0.006117458726101718,0.006117458726101718,0.006117458726101718,0.006117458726101718,0.006117458726101718,0.006117458726101718,0.006117458726101718,0.006117458726101718,0.006117458726101718
2012-01-06,0.0008552271497297035,0.0008552271497297035,0.0008552271497297035,0.0008552271497297035,0.0008552271497297035,0.0008552271497297035,0.0008552271497297035,0.0008552271497297035,0.0008552271497297035,0.0008552271497297035,0.0008552271497297035
2012-01-09,0.002365089661437933,0.002365089661437933,0.002365089661437933,0.002365089661437933,0.002365089661437933,0.002365089661437933,0.002365089661437933,0.002365089661437933,0.002365089661437933,0.002365089661437933,0.002365089661437933
2012-01-10,0.01665483588195902,0.01665483588195902,0.01665483588195902,0.01665483588195902,0.01665483588195902,0.01665483588195902,0.01665483588195902,0.01665483588195902,0.01665483588195902,0.01665483588195902,0.01665483588195902
2012-01-11,0.005783638492909051,0.005783638492909051,0.005783638492909051,0.005783638492909051,0.005783638492909051,0.005783638492909051,0.005783638492909051,0.005783638492909051,0.005783638492909051,0.005783638492909051,0.005783638492909051
2012-01-12,0.005036000279540211,0.005036000279540211,0.005036000279540211,0.005036000279540211,0.005036000279540211,0.005036000279540211,0.005036000279540211,0.005036000279540211,0.005036000279540211,0.005036000279540211,0.005036000279540211
2012-01-13,-0.005569131575666362,-0.005569131575666362,-0.005569131575666362,-0.005569131575666362,-0.005569131575666362,-0.005569131575666362,-0.005569131575666362,-0.005569131575666362,-0.005569131575666362,-0.005569131575666362,-0.005569131575666362
2012-01-17,0.00801778608142073,0.00801778608142073,0.00801778608142073,0.00801778608142073,0.00801778608142073,0.00801778608142073,0.00801778608142073,0.00801778608142073,0.00801778608142073,0.00801778608142073,0.00801778608142073
2012-01-18,0.009237231677300383,0.009237231677300383,0.009237231677300383,0.009237231677300383,0.009237231677300383,0.009237231677300383,0.009237231677300383,0.009237231677300383,0.009237231677300383,0.009237231677300383,0.009237231677300383
2012-01-19,0.0008297356637431668,0.0008297356637431668,0.0008297356637431668,0.0008297356637431668,0.0008297356637431668,0.0008297356637431668,0.0008297356637431668,0.0008297356637431668,0.0008297356637431668,0.0008297356637431668,0.0008297356637431668
2012-01-20,0.003240653033110654,0.003240653033110654,0.003240653033110654,0.003240653033110654,0.003240653033110654,0.003240653033110654,0.003240653033110654,0.003240653033110654,0.003240653033110654,0.003240653033110654,0.003240653033110654
2012-01-23,0.005222911649202643,0.005222911649202643,0.005222911649202643,0.005222911649202643,0.005222911649202643,0.005222911649202643,0.005222911649202643,0.005222911649202643,0.005222911649202643,0.005222911649202643,0.005222911649202643
2012-01-24,-0.00334470563655011,-0.00334470563655011,-0.00334470563655011,-0.00334470563655011,-0.00334470563655011,-0.00334470563655011,-0.00334470563655011,-0.00334470563655011,-0.00334470563655011,-0.00334470563655011,-0.00334470563655011
2012-01-25,0.023211734865417277,0.023211734865417277,0.023211734865417277,0.023211734865417277,0.023211734865417277,0.023211734865417277,0.023211734865417277,0.023211734865417277,0.023211734865417277,0.023211734865417277,0.023211734865417277
2012-01-26,0.008546245416926952,0.008546245416926952,0.008546245416926952,0.008546245416926952,0.008546245416926952,0.008546245416926952,0.008546245416926952,0.008546245416926952,0.008546245416926952,0.008546245416926952,0.008546245416926952
2012-01-27,0.010088590239830572,0.010088590239830572,0.010088590239830572,0.010088590239830572,0.010088590239830572,0.010088590239830572,0.010088590239830572,0.010088590239830572,0.010088590239830572,0.010088590239830572,0.010088590239830572
2012-01-30,0.0028936223930122055,0.0028936223930122055,0.0028936223930122055,0.0028936223930122055,0.0028936223930122055,0.0028936223930122055,0.0028936223930122055,0.0028936223930122055,0.0028936223930122055,0.0028936223930122055,0.0028936223930122055
2012-01-31,0.015004748302419473,0.015004748302419473,0.015004748302419473,0.015004748302419473,0.015004748302419473,0.015004748302419473,0.015004748302419473,0.015004748302419473,0.015004748302419473,0.015004748302419473,0.015004748302419473
2012-02-01,0.020023203752624345,0.020023203752624345,0.020023203752624345,0.020023203752624345,0.020023203752624345,0.020023203752624345,0.020023203752624345,0.020023203752624345,0.020023203752624345,0.020023203752624345,0.020023203752624345
2012-02-02,0.012281692100126442,0.012281692100126442,0.012281692100126442,0.012281692100126442,0.012281692100126442,0.012281692100126442,0.012281692100126442,0.012281692100126442,0.012281692100126442,0.012281692100126442,0.012281692100126442
2012-02-03,0.017282763526594327,0.017282763526594327,0.017282763526594327,0.017282763526594327,0.017282763526594327,0.017282763526594327,0.017282763526594327,0.017282763526594327,0.017282763526594327,0.017282763526594327,0.017282763526594327
2012-02-06,0.0005800023359313743,0.0005800023359313743,0.0005800023359313743,0.0005800023359313743,0.0005800023359313743,0.0005800023359313743,0.0005800023359313743,0.0005800023359313743,0.0005800023359313743,0.0005800023359313743,0.0005800023359313743
2012-02-07,0.006856760983720513,0.006856760983720513,0.006856760983720513,0.006856760983720513,0.006856760983720513,0.006856760983720513,0.006856760983720513,0.006856760983720513,0.006856760983720513,0.006856760983720513,0.006856760983720513
2012-02-08,-0.0033124504533926123,-0.0033124504533926123,-0.0033124504533926123,-0.0033124504533926123,-0.0033124504533926123,-0.0033124504533926123,-0.0033124504533926123,-0.0033124504533926123,-0.0033124504533926123,-0.0033124504533926123,-0.0033124504533926123
2012-02-09,-0.014265137322874825,-0.014265137322874825,-0.014265137322874825,-0.014265137322874825,-0.014265137322874825,-0.014265137322874825,-0.014265137322874825,-0.014265137322874825,-0.014265137322874825,-0.014265137322874825,-0.014265137322874825
2012-02-10,-0.015730995098951348,-0.015730995098951348,-0.015730995098951348,-0.015730995098951348,-0.015730995098951348,-0.015730995098951348,-0.015730995098951348,-0.015730995098951348,-0.015730995098951348,-0.015730995098951348,-0.015730995098951348
2012-02-13,0.021955217864548134,0.021955217864548134,0.021955217864548134,0.021955217864548134,0.021955217864548134,0.021955217864548134,0.021955217864548134,0.021955217864548134,0.021955217864548134,0.021955217864548134,0.021955217864548134
2012-02-14,-0.0052103041321342625,-0.0052103041321342625,-0.0052103041321342625,-0.0052103041321342625,-0.0052103041321342625,-0.0052103041321342625,-0.0052103041321342625,-0.0052103041321342625,-0.0052103041321342625,-0.0052103041321342625,-0.0052103041321342625
2012-02-15,-0.011168537333378293,-0.011168537333378293,-0.011168537333378293,-0.011168537333378293,-0.011168537333378293,-0.011168537333378293,-0.011168537333378293,-0.011168537333378293,-0.011168537333378293,-0.011168537333378293,-0.011168537333378293
2012-02-16,0.007846441828005266,0.007846441828005266,0.007846441828005266,0.007846441828005266,0.007846441828005266,0.007846441828005266,0.007846441828005266,0.007846441828005266,0.007846441828005266,0.007846441828005266,0.007846441828005266
2012-02-17,0.001485828574338908,0.001485828574338908,0.001485828574338908,0.001485828574338908,0.001485828574338908,0.001485828574338908,0.001485828574338908,0.001485828574338908,0.001485828574338908,0.001485828574338908,0.001485828574338908
2012-02-21,0.003988424485521117,0.003988424485521117,0.003988424485521117,0.003988424485521117,0.003988424485521117,0.003988424485521117,0.003988424485521117,0.003988424485521117,0.003988424485521117,0.003988424485521117,0.003988424485521117
2012-02-22,0.015033325254076909,0.015033325254076909,0.015033325254076909,0.015033325254076909,0.015033325254076909,0.015033325254076909,0.015033325254076909,0.015033325254076909,0.015033325254076909,0.015033325254076909,0.015033325254076909
2012-02-23,0.01507719029557735,0.01507719029557735,0.01507719029557735,0.01507719029557735,0.01507719029557735,0.01507719029557735,0.01507719029557735,0.01507719029557735,0.01507719029557735,0.01507719029557735,0.01507719029557735
2012-02-24,-0.006288051443297257,-0.006288051443297257,-0.006288051443297257,-0.006288051443297257,-0.006288051443297257,-0.006288051443297257,-0.006288051443297257,-0.006288051443297257,-0.006288051443297257,-0.006288051443297257,-0.006288051443297257
2012-02-27,0.001644342313547369,0.001644342313547369,0.001644342313547369,0.001644342313547369,0.001644342313547369,0.001644342313547369,0.001644342313547369,0.001644342313547369,0.001644342313547369,0.001644342313547369,0.001644342313547369
2012-02-28,0.0028140508357591895,0.0028140508357591895,0.0028140508357591895,0.0028140508357591895,0.0028140508357591895,0.0028140508357591895,0.0028140508357591895,0.0028140508357591895,0.0028140508357591895,0.0028140508357591895,0.0028140508357591895
2012-02-29,-0.02498443338002681,-0.02498443338002681,-0.02498443338002681,-0.02498443338002681,-0.02498443338002681,-0.02498443338002681,-0.02498443338002681,-0.02498443338002681,-0.02498443338002681,-0.02498443338002681,-0.02498443338002681
2012-03-01,0.017771676136122266,0.017771676136122266,0.017771676136122266,0.017771676136122266,0.017771676136122266,0.017771676136122266,0.017771676136122266,0.017771676136122266,0.017771676136122266,0.017771676136122266,0.017771676136122266
2012-03-02,-0.006715841524993512,-0.006715841524993512,-0.006715841524993512,-0.006715841524993512,-0.006715841524993512,-0.006715841524993512,-0.006715841524993512,-0.006715841524993512,-0.006461774970035147,-0.00620770841507678,-0.005699575305160048
2012-03-05,-0.00786283418487197,-0.00786283418487197,-0.00786283418487197,-0.00786283418487197,-0.00786283418487197,-0.00786283418487197,-0.00786283418487197,-0.00786283418487197,-0.00786283418487197,-0.00786283418487197,-0.00786283418487197
2012-03-06,-0.037936372454985996,-0.037936372454985996,-0.037936372454985996,-0.037936372454985996,-0.037936372454985996,-0.037936372454985996,-0.037936372454985996,-0.037936372454985996,-0.037936372454985996,-0.037936372454985996,-0.037936372454985996
2012-03-07,0.02083550463519321,0.02083550463519321,0.02083550463519321,0.02083550463519321,0.02083550463519321,0.02083550463519321,0.02083550463519321,0.02083550463519321,0.018820768288222184,0.016806031941251163,0.012776559247309114
2012-03-08,0.01560517076812825,0.01560517076812825,0.01560517076812825,0.01560517076812825,0.01560517076812825,0.01560517076812825,0.01560517076812825,0.01560517076812825,0.01560517076812825,0.01560517076812825,0.01560517076812825
2012-03-09,0.01151242245233124,0.01151242245233124,0.01151242245233124,0.01151242245233124,0.01151242245233124,0.01151242245233124,0.01151242245233124,0.01151242245233124,0.01151242245233124,0.01151242245233124,0.01151242245233124
2012-03-12,0.004347992802819705,0.004347992802819705,0.004347992802819705,0.004347992802819705,0.004347992802819705,0.004347992802819705,0.004347992802819705,0.004347992802819705,0.004347992802819705,0.004347992802819705,0.004347992802819705
2012-03-13,0.00434387230163042,0.00434387230163042,0.00434387230163042,0.00434387230163042,0.00434387230163042,0.00434387230163042,0.00434387230163042,0.00434387230163042,0.00434387230163042,0.00434387230163042,0.00434387230163042
2012-03-14,-0.029463164154478753,-0.029463164154478753,-0.029463164154478753,-0.029463164154478753,-0.029463164154478753,-0.029463164154478753,-0.029463164154478753,-0.029463164154478753,-0.02797219388185846,-0.026481223609238165,-0.023499283063997574
2012-03-15,0.011631463287724832,0.011631463287724832,0.011631463287724832,0.011631463287724832,0.011631463287724832,0.011631463287724832,0.011631463287724832,0.011631463287724832,0.011631463287724832,0.011631463287724832,0.011631463287724832
2012-03-16,0.0033295990286908625,0.0033295990286908625,0.0033295990286908625,0.0033295990286908625,0.0033295990286908625,0.0033295990286908625,0.0033295990286908625,0.0033295990286908625,0.00321062279674405,0.0030916465647972367,0.002853694100903611
2012-03-19,0.007173811497579405,0.007173811497579405,0.007173811497579405,0.007173811497579405,0.007173811497579405,0.007173811497579405,0.007173811497579405,0.007173811497579405,0.007173811497579405,0.007173811497579405,0.007173811497579405
2012-03-20,0.003942245890395186,0.003942245890395186,0.003942245890395186,0.003942245890395186,0.003942245890395186,0.003942245890395186,0.003942245890395186,0.003942245890395186,0.003942245890395186,0.003942245890395186,0.003942245890395186
2012-03-21,0.013866945589511988,0.011858185708786592,0.009849425828061194,0.013866945589511988,0.013866945589511988,0.013866945589511988,0.013866945589511988,0.013866945589511988,0.013866945589511988,0.013866945589511988,0.013866945589511988
2012-03-22,-0.008498489305734807,-0.007977999040371475,-0.00745750877500814,-0.008498489305734807,-0.008498489305734807,-0.008498489305734807,-0.008498489305734807,-0.008498489305734807,-0.008498489305734807,-0.008498489305734807,-0.008498489305734807
2012-03-23,0.025807143755000594,0.022697780416191724,0.019588417077382857,0.025807143755000594,0.025807143755000594,0.025807143755000594,0.025807143755000594,0.025807143755000594,0.025807143755000594,0.025807143755000594,0.025807143755000594
2012-03-26,0.027041501795850516,0.02262687213484381,0.018212242473837105,0.027041501795850516,0.027041501795850516,0.027041501795850516,0.027041501795850516,0.027041501795850516,0.027041501795850516,0.027041501795850516,0.027041501795850516
2012-03-27,-0.01320514278869882,-0.009252618037526509,-0.005300093286354194,-0.009252618037526509,-0.005300093286354194,-0.01320514278869882,-0.01320514278869882,-0.01320514278869882,-0.01320514278869882,-0.01320514278869882,-0.01320514278869882
2012-03-28,-0.008424883407061807,-0.008007243307644853,-0.007589603208227899,-0.008007243307644853,-0.007589603208227899,-0.008424883407061807,-0.008424883407061807,-0.008424883407061807,-0.008424883407061807,-0.008424883407061807,-0.008424883407061807
2012-03-29,0.008415593343697207,0.00821535615755195,0.008015118971406696,0.00821535615755195,0.008015118971406696,0.008415593343697207,0.008415593343697207,0.008415593343697207,0.008415593343697207,0.008415593343697207,0.008415593343697207
2012-03-30,-0.013657133401200765,-0.014437703722270042,-0.015218274043339319,-0.014437703722270042,-0.015218274043339319,-0.013657133401200765,-0.013657133401200765,-0.013657133401200765,-0.014437703722270042,-0.015218274043339319,-0.016779414685477875
2012-04-02,0.013685352995235081,0.013657585336294471,0.013629817677353861,0.013657585336294471,0.013629817677353861,0.013685352995235081,0.013685352995235081,0.013685352995235081,0.013685352995235081,0.013685352995235081,0.013685352995235081
2012-04-03,-0.016707178720336984,-0.016111385775145714,-0.015515592829954444,-0.016111385775145714,-0.015515592829954444,-0.016707178720336984,-0.016707178720336984,-0.016707178720336984,-0.016707178720336984,-0.016707178720336984,-0.016707178720336984
2012-04-04,-0.021797649964282104,-0.021007869676687087,-0.020218089389092073,-0.021007869676687087,-0.020218089389092073,-0.021797649964282104,-0.021797649964282104,-0.021797649964282104,-0.021797649964282104,-0.021797649964282104,-0.021797649964282104
2012-04-05,0.0003554872620131202,0.0011215719901103366,0.0018876567182075524,0.0011215719901103366,0.0018876567182075524,0.0003554872620131202,0.0003554872620131202,0.0003554872620131202,0.0011215719901103366,0.0018876567182075524,0.0034198261744019845
2012-04-09,-0.01564549929679487,-0.013654102130206701,-0.011662704963618532,-0.013654102130206701,-0.011662704963618532,-0.01564549929679487,-0.01564549929679487,-0.01564549929679487,-0.01564549929679487,-0.01564549929679487,-0.01564549929679487
2012-04-10,-0.022679847093031873,-0.020141998201163743,-0.017604149309295616,-0.020141998201163743,-0.017604149309295616,-0.022679847093031873,-0.022679847093031873,-0.022679847093031873,-0.022679847093031873,-0.022679847093031873,-0.022679847093031873
2012-04-11,0.004444732673541066,0.003428105456738724,0.002411478239936382,0.003428105456738724,0.002411478239936382,0.004444732673541066,0.004444732673541066,0.004444732673541066,0.004444732673541066,0.004444732673541066,0.004444732673541066
2012-04-12,0.030881227419239758,0.02720765143441863,0.023534075449597496,0.02720765143441863,0.023534075449597496,0.030881227419239758,0.030881227419239758,0.030881227419239758,0.030881227419239758,0.030881227419239758,0.030881227419239758
2012-04-13,-0.01824895679765008,-0.015526125877317557,-0.012803294956985033,-0.015526125877317557,-0.012803294956985033,-0.01824895679765008,-0.01824895679765008,-0.01824895679765008,-0.01824895679765008,-0.01824895679765008,-0.01824895679765008
2012-04-16,-0.0002636379161529939,-0.000921571561975915,-0.0015795052077988358,-0.000921571561975915,-0.0015795052077988358,-0.0002636379161529939,-0.0002636379161529939,-0.0002636379161529939,-0.0002636379161529939,-0.0002636379161529939,-0.0002636379161529939
2012-04-17,0.02191729891274398,0.019588612081996384,0.017259925251248788,0.019588612081996384,0.017259925251248788,0.02191729891274398,0.02191729891274398,0.02191729891274398,0.02191729891274398,0.02191729891274398,0.02191729891274398
2012-04-18,-0.007448357337275412,-0.00665971412827685,-0.005871070919278288,-0.00665971412827685,-0.005871070919278288,-0.00665971412827685,-0.005871070919278288,-0.004293784501281164,-0.00665971412827685,-0.005871070919278288,-0.004293784501281164
2012-04-19,-0.005024095203945414,-0.004700680770395474,-0.004377266336845534,-0.004700680770395474,-0.004377266336845534,-0.004700680770395474,-0.004377266336845534,-0.0037304374697456556,-0.005024095203945414,-0.005024095203945414,-0.005024095203945414
2012-04-20,0.0073463318213106065,0.005925753844574095,0.004505175867837585,0.005925753844574095,0.004505175867837585,0.005925753844574095,0.004505175867837585,0.001664019914364564,0.0073463318213106065,0.0073463318213106065,0.0073463318213106065
2012-04-23,-0.009425779816766826,-0.008108245492768718,-0.006790711168770608,-0.008108245492768718,-0.006790711168770608,-0.008108245492768718,-0.006790711168770608,-0.00415564252077439,-0.009425779816766826,-0.009425779816766826,-0.009425779816766826
2012-04-24,0.0027966334531280977,0.0019105282714239895,0.0010244230897198821,0.0019105282714239895,0.0010244230897198821,0.0027966334531280977,0.0027966334531280977,0.0027966334531280977,0.0027966334531280977,0.0027966334531280977,0.0027966334531280977
2012-04-25,0.021797735777889696,0.019767772516862195,0.01773780925583469,0.019767772516862195,0.01773780925583469,0.019767772516862195,0.01773780925583469,0.013677882733779689,0.021797735777889696,0.021797735777889696,0.021797735777889696
2012-04-26,0.018534384786673127,0.01739402840516563,0.016253672023658128,0.01739402840516563,0.016253672023658128,0.018534384786673127,0.018534384786673127,0.018534384786673127,0.018534384786673127,0.018534384786673127,0.018534384786673127
2012-04-27,0.003593937090651942,0.0035330832989588566,0.0034722295072657718,0.0035330832989588566,0.0034722295072657718,0.0035330832989588566,0.0034722295072657718,0.0033505219238796017,0.003593937090651942,0.003593937090651942,0.003593937090651942
2012-04-30,-0.006153987025840716,-0.005637255019907873,-0.005120523013975029,-0.005637255019907873,-0.005120523013975029,-0.005637255019907873,-0.005120523013975029,-0.004087059002109341,-0.006153987025840716,-0.006153987025840716,-0.006153987025840716
2012-05-01,0.00698664138385835,0.00575416170441495,0.00452168202497155,0.00575416170441495,0.00452168202497155,0.00575416170441495,0.00452168202497155,0.002056722666084751,0.00698664138385835,0.00698664138385835,0.00698664138385835
2012-05-02,-0.003942482704477433,-0.0036308743093560604,-0.003319265914234688,-0.0036308743093560604,-0.003319265914234688,-0.0036308743093560604,-0.003319265914234688,-0.0026960491239919433,-0.003942482704477433,-0.003942482704477433,-0.003942482704477433
2012-05-03,-0.01612902235924603,-0.015228733270234282,-0.014328444181222538,-0.015228733270234282,-0.014328444181222538,-0.015228733270234282,-0.014328444181222538,-0.012527866003199047,-0.01612902235924603,-0.01612902235924603,-0.01612902235924603
2012-05-04,-0.017492631756305523,-0.015607774366747113,-0.013722916977188703,-0.015607774366747113,-0.013722916977188703,-0.015607774366747113,-0.013722916977188703,-0.009953202198071885,-0.017492631756305523,-0.017492631756305523,-0.017492631756305523
2012-05-07,0.0015106432282007939,0.0009352983656977169,0.00035995350319463964,0.0009352983656977169,0.00035995350319463964,0.0009352983656977169,0.00035995350319463964,-0.0007907362218115145,0.0009352983656977169,0.00035995350319463964,-0.0007907362218115145
2012-05-08,-0.011488497454209063,-0.011138425512429478,-0.010788353570649892,-0.011138425512429478,-0.010788353570649892,-0.011138425512429478,-0.010788353570649892,-0.010088209687090722,-0.011488497454209063,-0.011488497454209063,-0.011488497454209063
2012-05-09,-0.016008418769406244,-0.014355763178216114,-0.012703107587025985,-0.014355763178216114,-0.012703107587025985,-0.014355763178216114,-0.012703107587025985,-0.009397796404645723,-0.016008418769406244,-0.016008418769406244,-0.016008418769406244
2012-05-10,0.006242996077164333,0.0049418121226127995,0.003640628168061267,0.0049418121226127995,0.003640628168061267,0.0049418121226127995,0.003640628168061267,0.001038260258958201,0.006242996077164333,0.006242996077164333,0.006242996077164333
2012-05-11,-0.0035890023069682702,-0.002919519272160485,-0.0022500362373526995,-0.002919519272160485,-0.0022500362373526995,-0.0035890023069682702,-0.0035890023069682702,-0.0035890023069682702,-0.0035890023069682702,-0.0035890023069682702,-0.0035890023069682702
2012-05-14,-0.0168487995251693,-0.01441893460849756,-0.01198906969182582,-0.01441893460849756,-0.01198906969182582,-0.0168487995251693,-0.0168487995251693,-0.0168487995251693,-0.0168487995251693,-0.0168487995251693,-0.0168487995251693
2012-05-15,-0.014696250724157983,-0.012786449984202006,-0.01087664924424603,-0.012786449984202006,-0.01087664924424603,-0.014696250724157983,-0.014696250724157983,-0.014696250724157983,-0.014696250724157983,-0.014696250724157983,-0.014696250724157983
2012-05-16,-0.00819347564852279,-0.006779666831706951,-0.005365858014891111,-0.006779666831706951,-0.005365858014891111,-0.006779666831706951,-0.005365858014891111,-0.0025382403812594326,-0.00819347564852279,-0.00819347564852279,-0.00819347564852279
2012-05-17,0.004850541385990484,0.006624738122092177,0.00839893485819387,0.006624738122092177,0.00839893485819387,0.006624738122092177,0.00839893485819387,0.011947328330397257,0.004850541385990484,0.004850541385990484,0.004850541385990484
2012-05-18,-0.01036178480337364,-0.007639296781132598,-0.004916808758891557,-0.007639296781132598,-0.004916808758891557,-0.007639296781132598,-0.004916808758891557,0.0005281672855905264,-0.01036178480337364,-0.01036178480337364,-0.01036178480337364
2012-05-21,0.029146134219840955,0.025001751747994176,0.020857369276147404,0.025001751747994176,0.020857369276147404,0.029146134219840955,0.029146134219840955,0.029146134219840955,0.029146134219840955,0.029146134219840955,0.029146134219840955
2012-05-22,-0.023670320167302143,-0.022012139299841933,-0.020353958432381726,-0.022012139299841933,-0.020353958432381726,-0.023670320167302143,-0.023670320167302143,-0.023670320167302143,-0.023670320167302143,-0.023670320167302143,-0.023670320167302143
2012-05-23,0.006959720923350122,0.006327279160987451,0.0056948373986247785,0.006327279160987451,0.0056948373986247785,0.006959720923350122,0.006959720923350122,0.006959720923350122,0.006959720923350122,0.006959720923350122,0.006959720923350122
2012-05-24,-0.0020169948039934532,-0.0017209043940721869,-0.0014248139841509205,-0.0017209043940721869,-0.0014248139841509205,-0.0020169948039934532,-0.0020169948039934532,-0.0020169948039934532,-0.0020169948039934532,-0.0020169948039934532,-0.0020169948039934532
2012-05-25,0.005669166834457301,0.005337390029638483,0.0050056132248196645,0.005337390029638483,0.0050056132248196645,0.005669166834457301,0.005669166834457301,0.005669166834457301,0.005669166834457301,0.005669166834457301,0.005669166834457301
2012-05-29,0.011078485302282672,0.010090284861334349,0.009102084420386028,0.010090284861334349,0.009102084420386028,0.011078485302282672,0.011078485302282672,0.011078485302282672,0.011078485302282672,0.011078485302282672,0.011078485302282672
2012-05-30,-0.002015657966320282,-0.0005040190658360307,0.0010076198346482199,-0.0005040190658360307,0.0010076198346482199,-0.002015657966320282,-0.002015657966320282,-0.002015657966320282,-0.002015657966320282,-0.002015657966320282,-0.002015657966320282
2012-05-31,0.0037643629492172073,0.004163270384722419,0.0045621778202276295,0.004163270384722419,0.0045621778202276295,0.0037643629492172073,0.0037643629492172073,0.0037643629492172073,0.0037643629492172073,0.0037643629492172073,0.0037643629492172073
2012-06-01,-0.0020339546022043967,0.0012139565825084672,0.004461867767221331,0.0012139565825084672,0.004461867767221331,-0.0020339546022043967,-0.0020339546022043967,-0.0020339546022043967,-0.0020339546022043967,-0.0020339546022043967,-0.0020339546022043967
2012-06-04,0.0037051316107347037,0.00215967169496843,0.0006142117792021561,0.0037051316107347037,0.0037051316107347037,0.0037051316107347037,0.0037051316107347037,0.0037051316107347037,0.0037051316107347037,0.0037051316107347037,0.0037051316107347037
2012-06-05,0.005273597133152771,0.00455989098945063,0.0038461848457484915,0.005273597133152771,0.005273597133152771,0.005273597133152771,0.005273597133152771,0.005273597133152771,0.005273597133152771,0.005273597133152771,0.005273597133152771
2012-06-06,0.024071453346290208,0.021257899879854054,0.018444346413417897,0.024071453346290208,0.024071453346290208,0.024071453346290208,0.024071453346290208,0.024071453346290208,0.021257899879854054,0.018444346413417897,0.012817239480545589
2012-06-07,-0.008944216435047144,-0.00935718519322365,-0.009770153951400155,-0.008944216435047144,-0.008944216435047144,-0.008944216435047144,-0.008944216435047144,-0.008944216435047144,-0.008944216435047144,-0.008944216435047144,-0.008944216435047144
2012-06-08,0.015454962021918041,0.013287280371759662,0.011119598721601282,0.015454962021918041,0.015454962021918041,0.015454962021918041,0.015454962021918041,0.015454962021918041,0.015454962021918041,0.015454962021918041,0.015454962021918041
2012-06-11,-0.01655132640003674,-0.0133559471409255,-0.010160567881814261,-0.01655132640003674,-0.01655132640003674,-0.01655132640003674,-0.01655132640003674,-0.01655132640003674,-0.01655132640003674,-0.01655132640003674,-0.01655132640003674
2012-06-12,0.0072937960138008354,0.006859820324255897,0.006425844634710959,0.0072937960138008354,0.0072937960138008354,0.0072937960138008354,0.0072937960138008354,0.0072937960138008354,0.0072937960138008354,0.0072937960138008354,0.0072937960138008354
2012-06-13,-0.003622249745404938,-0.0018296086650988904,-3.696758479284235e-05,-0.003622249745404938,-0.003622249745404938,-0.003622249745404938,-0.003622249745404938,-0.003622249745404938,-0.003622249745404938,-0.003622249745404938,-0.003622249745404938
2012-06-14,0.01649164041919216,0.014397322653939008,0.01230300488868586,0.01649164041919216,0.01649164041919216,0.01649164041919216,0.01649164041919216,0.01649164041919216,0.01649164041919216,0.01649164041919216,0.01649164041919216
2012-06-15,0.015378293627763964,0.014022612503822439,0.012666931379880918,0.015378293627763964,0.015378293627763964,0.015378293627763964,0.015378293627763964,0.015378293627763964,0.015378293627763964,0.015378293627763964,0.015378293627763964
2012-06-18,0.017135913092549537,0.014154141458688539,0.011172369824827543,0.017135913092549537,0.017135913092549537,0.017135913092549537,0.017135913092549537,0.017135913092549537,0.017135913092549537,0.017135913092549537,0.017135913092549537
2012-06-19,-0.0012563313999545645,-0.0018562475430484778,-0.002456163686142391,-0.0012563313999545645,-0.0012563313999545645,-0.0012563313999545645,-0.0012563313999545645,-0.0012563313999545645,-0.0012563313999545645,-0.0012563313999545645,-0.0012563313999545645
2012-06-20,0.003042189174921998,0.0016218362739256593,0.00020148337292932037,0.003042189174921998,0.003042189174921998,0.003042189174921998,0.003042189174921998,0.003042189174921998,0.003042189174921998,0.003042189174921998,0.003042189174921998
2012-06-21,-0.04207889305468951,-0.03780507009063693,-0.03353124712658435,-0.04207889305468951,-0.04207889305468951,-0.04207889305468951,-0.04207889305468951,-0.04207889305468951,-0.04207889305468951,-0.04207889305468951,-0.04207889305468951
2012-06-22,0.01335692953390548,0.009904332009092466,0.006451734484279448,0.01335692953390548,0.01335692953390548,0.01335692953390548,0.01335692953390548,0.01335692953390548,0.01335692953390548,0.01335692953390548,0.01335692953390548
2012-06-25,-0.0016318145753325495,0.0009929673067059532,0.0036177491887444567,-0.0016318145753325495,-0.0016318145753325495,-0.0016318145753325495,-0.0016318145753325495,-0.0016318145753325495,-0.0016318145753325495,-0.0016318145753325495,-0.0016318145753325495
2012-06-26,-0.0011635173208330042,-0.002235357024647243,-0.0033071967284614818,-0.0011635173208330042,-0.0011635173208330042,-0.0011635173208330042,-0.0011635173208330042,-0.0011635173208330042,-0.0011635173208330042,-0.0011635173208330042,-0.0011635173208330042
2012-06-27,0.0031047249692144267,0.0034198513517685477,0.003734977734322669,0.0031047249692144267,0.0031047249692144267,0.0031047249692144267,0.0031047249692144267,0.0031047249692144267,0.0031047249692144267,0.0031047249692144267,0.0031047249692144267
2012-06-28,0.00015677353108615576,-0.0007617428166354664,-0.0016802591643570886,0.00015677353108615576,0.00015677353108615576,0.00015677353108615576,0.00015677353108615576,0.00015677353108615576,0.00015677353108615576,0.00015677353108615576,0.00015677353108615576
2012-06-29,0.012121874274389979,0.010097183558256154,0.008072492842122329,0.012121874274389979,0.012121874274389979,0.012121874274389979,0.012121874274389979,0.012121874274389979,0.012121874274389979,0.012121874274389979,0.012121874274389979
2012-07-02,0.013902425935888856,0.011643970679899567,0.009385515423910277,0.013902425935888856,0.013902425935888856,0.013902425935888856,0.013902425935888856,0.013902425935888856,0.013902425935888856,0.013902425935888856,0.013902425935888856
2012-07-03,0.018389117811974498,0.018389117811974498,0.018389117811974498,0.018389117811974498,0.018389117811974498,0.018389117811974498,0.018389117811974498,0.018389117811974498,0.018389117811974498,0.018389117811974498,0.018389117811974498
2012-07-05,-0.015292184464896691,-0.015292184464896691,-0.015292184464896691,-0.015292184464896691,-0.015292184464896691,-0.015292184464896691,-0.015292184464896691,-0.015292184464896691,-0.015292184464896691,-0.015292184464896691,-0.015292184464896691
2012-07-06,-0.013924242051770626,-0.013924242051770626,-0.013924242051770626,-0.013924242051770626,-0.013924242051770626,-0.013924242051770626,-0.013924242051770626,-0.013924242051770626,-0.013924242051770626,-0.013924242051770626,-0.013924242051770626
2012-07-09,0.0023000899324210045,0.0023000899324210045,0.0023000899324210045,0.0023000899324210045,0.0023000899324210045,0.0023000899324210045,0.0023000899324210045,0.0023000899324210045,0.0023000899324210045,0.0023000899324210045,0.0023000899324210045
2012-07-10,-0.015345816716295884,-0.015345816716295884,-0.015345816716295884,-0.015345816716295884,-0.015345816716295884,-0.015345816716295884,-0.015345816716295884,-0.015345816716295884,-0.015345816716295884,-0.015345816716295884,-0.015345816716295884
2012-07-11,0.007870640279817077,0.007870640279817077,0.007870640279817077,0.007870640279817077,0.007870640279817077,0.007870640279817077,0.007870640279817077,0.007870640279817077,0.007870640279817077,0.007870640279817077,0.007870640279817077
2012-07-12,-0.00024149891870684208,-0.00024149891870684208,-0.00024149891870684208,-0.00024149891870684208,-0.00024149891870684208,-0.00024149891870684208,-0.00024149891870684208,-0.00024149891870684208,-0.00024149891870684208,-0.00024149891870684208,-0.00024149891870684208
2012-07-13,0.02149303565933766,0.02149303565933766,0.02149303565933766,0.02149303565933766,0.02149303565933766,0.02149303565933766,0.02149303565933766,0.02149303565933766,0.02149303565933766,0.02149303565933766,0.02149303565933766
2012-07-16,0.003687246970508498,0.003687246970508498,0.003687246970508498,0.003687246970508498,0.003687246970508498,0.003687246970508498,0.003687246970508498,0.003687246970508498,0.003687246970508498,0.003687246970508498,0.003687246970508498
2012-07-17,0.00040298561576111204,0.00040298561576111204,0.00040298561576111204,0.00040298561576111204,0.00040298561576111204,0.00040298561576111204,0.00040298561576111204,0.00040298561576111204,0.00040298561576111204,0.00040298561576111204,0.00040298561576111204
2012-07-18,0.0014483764716129602,0.0014483764716129602,0.0014483764716129602,0.0014483764716129602,0.0014483764716129602,0.0014483764716129602,0.0014483764716129602,0.0014483764716129602,0.0014483764716129602,0.0014483764716129602,0.0014483764716129602
2012-07-19,0.0035891236823414915,0.0035891236823414915,0.0035891236823414915,0.0035891236823414915,0.0035891236823414915,0.0035891236823414915,0.0035891236823414915,0.0035891236823414915,0.0035891236823414915,0.0035891236823414915,0.0035891236823414915
2012-07-20,-0.0033069618208996284,-0.0033069618208996284,-0.0033069618208996284,-0.0033069618208996284,-0.0033069618208996284,-0.0033069618208996284,-0.0033069618208996284,-0.0033069618208996284,-0.0033069618208996284,-0.0033069618208996284,-0.0033069618208996284
2012-07-23,-0.014098180142875626,-0.014098180142875626,-0.014098180142875626,-0.014098180142875626,-0.014098180142875626,-0.014098180142875626,-0.014098180142875626,-0.014098180142875626,-0.014098180142875626,-0.014098180142875626,-0.014098180142875626
2012-07-24,-0.002556823742366894,-0.002556823742366894,-0.002556823742366894,-0.002556823742366894,-0.002556823742366894,-0.002556823742366894,-0.002556823742366894,-0.002556823742366894,-0.002556823742366894,-0.002556823742366894,-0.002556823742366894
2012-07-25,0.009095410451463054,0.009095410451463054,0.009095410451463054,0.009095410451463054,0.009095410451463054,0.009095410451463054,0.009095410451463054,0.009095410451463054,0.009095410451463054,0.009095410451463054,0.009095410451463054
2012-07-26,0.019452398009795493,0.019452398009795493,0.019452398009795493,0.019452398009795493,0.019452398009795493,0.019452398009795493,0.019452398009795493,0.019452398009795493,0.019452398009795493,0.019452398009795493,0.019452398009795493
2012-07-27,0.0015196111686030735,0.0015196111686030735,0.0015196111686030735,0.0015196111686030735,0.0015196111686030735,0.0015196111686030735,0.0015196111686030735,0.0015196111686030735,0.0015196111686030735,0.0015196111686030735,0.0015196111686030735
2012-07-30,0.002700111887724274,0.002700111887724274,0.002700111887724274,0.002700111887724274,0.002700111887724274,0.002700111887724274,0.002700111887724274,0.002700111887724274,0.002700111887724274,0.002700111887724274,0.002700111887724274
2012-07-31,-0.007174512702775125,-0.007174512702775125,-0.007174512702775125,-0.007174512702775125,-0.007174512702775125,-0.007174512702775125,-0.007174512702775125,-0.007174512702775125,-0.007174512702775125,-0.007174512702775125,-0.007174512702775125
2012-08-01,-0.005214981987689432,-0.005214981987689432,-0.005214981987689432,-0.005214981987689432,-0.005214981987689432,-0.005214981987689432,-0.005214981987689432,-0.005214981987689432,-0.005214981987689432,-0.005214981987689432,-0.005214981987689432
2012-08-02,-0.003905685919387811,-0.003905685919387811,-0.003905685919387811,-0.003905685919387811,-0.003905685919387811,-0.003905685919387811,-0.003905685919387811,-0.003905685919387811,-0.003905685919387811,-0.003905685919387811,-0.003905685919387811
2012-08-03,0.025457842527755417,0.025457842527755417,0.025457842527755417,0.025457842527755417,0.025457842527755417,0.025457842527755417,0.025457842527755417,0.025457842527755417,0.022885827143741582,0.020313811759727747,0.015169780991700075
2012-08-06,0.007414376822642494,0.007414376822642494,0.007414376822642494,0.007414376822642494,0.007414376822642494,0.007414376822642494,0.007414376822642494,0.007414376822642494,0.007414376822642494,0.007414376822642494,0.007414376822642494
2012-08-07,-0.002484651499747714,-0.002484651499747714,-0.002484651499747714,-0.002484651499747714,-0.002484651499747714,-0.002484651499747714,-0.002484651499747714,-0.002484651499747714,-0.002484651499747714,-0.002484651499747714,-0.002484651499747714
2012-08-08,0.0035231402731775046,0.0035231402731775046,0.0035231402731775046,0.0035231402731775046,0.0035231402731775046,0.0035231402731775046,0.0035231402731775046,0.0035231402731775046,0.0035231402731775046,0.0035231402731775046,0.0035231402731775046
2012-08-09,0.0024459511163178148,0.0024459511163178148,0.0024459511163178148,0.0024459511163178148,0.0024459511163178148,0.0024459511163178148,0.0024459511163178148,0.0024459511163178148,0.0024459511163178148,0.0024459511163178148,0.0024459511163178148
2012-08-10,0.007586705829629064,0.007586705829629064,0.007586705829629064,0.007586705829629064,0.007586705829629064,0.007586705829629064,0.007586705829629064,0.007586705829629064,0.007586705829629064,0.007586705829629064,0.007586705829629064
2012-08-13,-0.0019881490006549672,-0.0019881490006549672,-0.0019881490006549672,-0.0019881490006549672,-0.0019881490006549672,-0.0019881490006549672,-0.0019881490006549672,-0.0019881490006549672,-0.0019881490006549672,-0.0019881490006549672,-0.0019881490006549672
2012-08-14,-0.01956983157282453,-0.01956983157282453,-0.01956983157282453,-0.01956983157282453,-0.01956983157282453,-0.01956983157282453,-0.01956983157282453,-0.01956983157282453,-0.01956983157282453,-0.01956983157282453,-0.01956983157282453
2012-08-15,-0.005915412182464896,-0.005915412182464896,-0.005915412182464896,-0.005915412182464896,-0.005915412182464896,-0.005915412182464896,-0.005915412182464896,-0.005915412182464896,-0.005921871999749335,-0.005928331817033775,-0.005941251451602654
2012-08-16,0.00537606558438072,0.00537606558438072,0.00537606558438072,0.00537606558438072,0.00537606558438072,0.00537606558438072,0.00537606558438072,0.00537606558438072,0.004663856600305459,0.003951647616230197,0.002527229648079674
2012-08-17,0.008664171389896419,0.008664171389896419,0.008664171389896419,0.008664171389896419,0.008664171389896419,0.008664171389896419,0.008664171389896419,0.008664171389896419,0.008664171389896419,0.008664171389896419,0.008664171389896419
2012-08-20,0.00332481985548542,0.00332481985548542,0.00332481985548542,0.00332481985548542,0.00332481985548542,0.00332481985548542,0.00332481985548542,0.00332481985548542,0.00332481985548542,0.00332481985548542,0.00332481985548542
2012-08-21,0.0037132866686354657,0.0037132866686354657,0.0037132866686354657,0.0037132866686354657,0.0037132866686354657,0.0037132866686354657,0.0037132866686354657,0.0037132866686354657,0.0037132866686354657,0.0037132866686354657,0.0037132866686354657
2012-08-22,0.01494990500296349,0.01494990500296349,0.01494990500296349,0.01494990500296349,0.01494990500296349,0.01494990500296349,0.01494990500296349,0.01494990500296349,0.01494990500296349,0.01494990500296349,0.01494990500296349
2012-08-23,0.004886173922555038,0.004886173922555038,0.004886173922555038,0.004886173922555038,0.004886173922555038,0.004886173922555038,0.004886173922555038,0.004886173922555038,0.004886173922555038,0.004886173922555038,0.004886173922555038
2012-08-24,0.004356383842114416,0.004356383842114416,0.004356383842114416,0.004356383842114416,0.004356383842114416,0.004356383842114416,0.004356383842114416,0.004356383842114416,0.004356383842114416,0.004356383842114416,0.004356383842114416
2012-08-27,0.00331826520866584,0.00331826520866584,0.00331826520866584,0.00331826520866584,0.00331826520866584,0.00331826520866584,0.00331826520866584,0.00331826520866584,0.00331826520866584,0.00331826520866584,0.00331826520866584
2012-08-28,0.0018244200714181617,0.0018244200714181617,0.0018244200714181617,0.0018244200714181617,0.0018244200714181617,0.0018244200714181617,0.0018244200714181617,0.0018244200714181617,0.0018244200714181617,0.0018244200714181617,0.0018244200714181617
2012-08-29,-0.00942322257487136,-0.00942322257487136,-0.00942322257487136,-0.00942322257487136,-0.00942322257487136,-0.00942322257487136,-0.00942322257487136,-0.00942322257487136,-0.00942322257487136,-0.00942322257487136,-0.00942322257487136
2012-08-30,0.0050601354750681605,0.0050601354750681605,0.0050601354750681605,0.0050601354750681605,0.0050601354750681605,0.0050601354750681605,0.0050601354750681605,0.0050601354750681605,0.0050601354750681605,0.0050601354750681605,0.0050601354750681605
2012-08-31,0.03134453096214748,0.03134453096214748,0.03134453096214748,0.03134453096214748,0.03134453096214748,0.03134453096214748,0.03134453096214748,0.03134453096214748,0.03134453096214748,0.03134453096214748,0.03134453096214748
2012-09-04,0.0010677286597613376,0.0010677286597613376,0.0010677286597613376,0.0010677286597613376,0.0010677286597613376,0.0010677286597613376,0.0010677286597613376,0.0010677286597613376,0.0010677286597613376,0.0010677286597613376,0.0010677286597613376
2012-09-05,0.0011240934460257316,0.0011240934460257316,0.0011240934460257316,0.0011240934460257316,0.0011240934460257316,0.0011240934460257316,0.0011240934460257316,0.0011240934460257316,0.0011240934460257316,0.0011240934460257316,0.0011240934460257316
2012-09-06,0.034124219185056405,0.034124219185056405,0.034124219185056405,0.034124219185056405,0.034124219185056405,0.034124219185056405,0.034124219185056405,0.034124219185056405,0.034124219185056405,0.034124219185056405,0.034124219185056405
2012-09-07,0.02044849504058048,0.02044849504058048,0.02044849504058048,0.02044849504058048,0.02044849504058048,0.02044849504058048,0.02044849504058048,0.02044849504058048,0.02044849504058048,0.02044849504058048,0.02044849504058048
2012-09-10,-0.014933086489982013,-0.014933086489982013,-0.014933086489982013,-0.014933086489982013,-0.014933086489982013,-0.014933086489982013,-0.014933086489982013,-0.014933086489982013,-0.014933086489982013,-0.014933086489982013,-0.014933086489982013
2012-09-11,0.0011583139676018888,0.0011583139676018888,0.0011583139676018888,0.0011583139676018888,0.0011583139676018888,0.0011583139676018888,0.0011583139676018888,0.0011583139676018888,0.0011583139676018888,0.0011583139676018888,0.0011583139676018888
2012-09-12,-0.0022754762622413265,-0.0022754762622413265,-0.0022754762622413265,-0.0022754762622413265,-0.0022754762622413265,-0.0022754762622413265,-0.0022754762622413265,-0.0022754762622413265,-0.0022754762622413265,-0.0022754762622413265,-0.0022754762622413265
2012-09-13,0.026889278336513892,0.026889278336513892,0.026889278336513892,0.026889278336513892,0.026889278336513892,0.026889278336513892,0.026889278336513892,0.026889278336513892,0.026889278336513892,0.026889278336513892,0.026889278336513892
2012-09-14,-0.015070028169922173,-0.015070028169922173,-0.015070028169922173,-0.015070028169922173,-0.015070028169922173,-0.015070028169922173,-0.015070028169922173,-0.015070028169922173,-0.015070028169922173,-0.015070028169922173,-0.015070028169922173
2012-09-17,0.0004057786296242273,0.00026528409659640244,0.00012478956356857764,0.0004057786296242273,0.0004057786296242273,0.0004057786296242273,0.0004057786296242273,0.0004057786296242273,0.0004057786296242273,0.0004057786296242273,0.0004057786296242273
2012-09-18,0.009467993024176571,0.009467993024176571,0.009467993024176571,0.009467993024176571,0.009467993024176571,0.009467993024176571,0.009467993024176571,0.009467993024176571,0.009467993024176571,0.009467993024176571,0.009467993024176571
2012-09-19,0.004669895661759839,0.004669895661759839,0.004669895661759839,0.004669895661759839,0.004669895661759839,0.004669895661759839,0.004669895661759839,0.004669895661759839,0.004669895661759839,0.004669895661759839,0.004669895661759839
2012-09-20,0.000894077793173102,0.000894077793173102,0.000894077793173102,0.000894077793173102,0.000894077793173102,0.000894077793173102,0.000894077793173102,0.000894077793173102,0.000894077793173102,0.000894077793173102,0.000894077793173102
2012-09-21,0.0032100282079696087,0.0032100282079696087,0.0032100282079696087,0.0032100282079696087,0.0032100282079696087,0.0032100282079696087,0.0032100282079696087,0.0032100282079696087,0.0032100282079696087,0.0032100282079696087,0.0032100282079696087
2012-09-24,0.0018301803921026095,0.0018301803921026095,0.0018301803921026095,0.0018301803921026095,0.0018301803921026095,0.0018301803921026095,0.0018301803921026095,0.0018301803921026095,0.0018301803921026095,0.0018301803921026095,0.0018301803921026095
2012-09-25,-0.00949283711386659,-0.00949283711386659,-0.00949283711386659,-0.00949283711386659,-0.00949283711386659,-0.00949283711386659,-0.00949283711386659,-0.00949283711386659,-0.00949283711386659,-0.00949283711386659,-0.00949283711386659
2012-09-26,-0.0028162955031579484,-0.0028162955031579484,-0.0028162955031579484,-0.0028162955031579484,-0.0028162955031579484,-0.0028162955031579484,-0.0028162955031579484,-0.0028162955031579484,-0.0028162955031579484,-0.0028162955031579484,-0.0028162955031579484
2012-09-27,0.018313559005400784,0.015425728428441168,0.012537897851481551,0.018313559005400784,0.018313559005400784,0.018313559005400784,0.018313559005400784,0.018313559005400784,0.018313559005400784,0.018313559005400784,0.018313559005400784
2012-09-28,-0.005381394936627456,-0.004537389942744646,-0.003693384948861836,-0.005381394936627456,-0.005381394936627456,-0.005381394936627456,-0.005381394936627456,-0.005381394936627456,-0.005381394936627456,-0.005381394936627456,-0.005381394936627456
2012-10-01,0.0030684577183073374,0.003326578324304099,0.0035846989303008605,0.0030684577183073374,0.0030684577183073374,0.0030684577183073374,0.0030684577183073374,0.0030684577183073374,0.0030684577183073374,0.0030684577183073374,0.0030684577183073374
2012-10-02,0.0028294637205974163,0.002293089424322212,0.0017567151280470084,0.0028294637205974163,0.0028294637205974163,0.0028294637205974163,0.0028294637205974163,0.0028294637205974163,0.0028294637205974163,0.0028294637205974163,0.0028294637205974163
2012-10-03,0.005501739117533576,0.005501739117533576,0.005501739117533576,0.005501739117533576,0.005501739117533576,0.005501739117533576,0.005501739117533576,0.005501739117533576,0.005501739117533576,0.005501739117533576,0.005501739117533576
2012-10-04,0.011991156181849724,0.011991156181849724,0.011991156181849724,0.011991156181849724,0.011991156181849724,0.011991156181849724,0.011991156181849724,0.011991156181849724,0.011991156181849724,0.011991156181849724,0.011991156181849724
2012-10-05,-0.004997333780497501,-0.004997333780497501,-0.004997333780497501,-0.004997333780497501,-0.004997333780497501,-0.004997333780497501,-0.004997333780497501,-0.004997333780497501,-0.004997333780497501,-0.004997333780497501,-0.004997333780497501
2012-10-08,-0.0027633506463370897,-0.0027633506463370897,-0.0027633506463370897,-0.0027633506463370897,-0.0027633506463370897,-0.0027633506463370897,-0.0027633506463370897,-0.0027633506463370897,-0.0027633506463370897,-0.0027633506463370897,-0.0027633506463370897
2012-10-09,-0.016188869523354462,-0.016188869523354462,-0.016188869523354462,-0.016188869523354462,-0.016188869523354462,-0.016188869523354462,-0.016188869523354462,-0.016188869523354462,-0.01507710283431123,-0.013965336145267997,-0.011741802767181533
2012-10-10,0.0005028710404818354,0.0005028710404818354,0.0005028710404818354,0.0005028710404818354,0.0005028710404818354,0.0005028710404818354,0.0005028710404818354,0.0005028710404818354,0.0005028710404818354,0.0005028710404818354,0.0005028710404818354
2012-10-11,0.007653372088836022,0.007653372088836022,0.007653372088836022,0.007653372088836022,0.007653372088836022,0.007653372088836022,0.007653372088836022,0.007653372088836022,0.007412660442148339,0.007171948795460657,0.006690525502085291
2012-10-12,-0.0070765352915879935,-0.0070765352915879935,-0.0070765352915879935,-0.0070765352915879935,-0.0070765352915879935,-0.0070765352915879935,-0.0070765352915879935,-0.0070765352915879935,-0.0070765352915879935,-0.0070765352915879935,-0.0070765352915879935
2012-10-15,0.0008386376396798041,-2.006894962864941e-05,-0.0008787755389371027,0.0008386376396798041,0.0008386376396798041,0.0008386376396798041,0.0008386376396798041,0.0008386376396798041,0.0008386376396798041,0.0008386376396798041,0.0008386376396798041
2012-10-16,0.005756571788852612,0.005175951242711518,0.0045953306965704245,0.005756571788852612,0.005756571788852612,0.005756571788852612,0.005756571788852612,0.005756571788852612,0.005756571788852612,0.005756571788852612,0.005756571788852612
2012-10-17,-9.283771481174421e-06,-0.00036228084225706225,-0.00071527791303295,-9.283771481174421e-06,-9.283771481174421e-06,-9.283771481174421e-06,-9.283771481174421e-06,-9.283771481174421e-06,-9.283771481174421e-06,-9.283771481174421e-06,-9.283771481174421e-06
2012-10-18,-0.007436177221529802,-0.007436177221529802,-0.007436177221529802,-0.007436177221529802,-0.007436177221529802,-0.007436177221529802,-0.007436177221529802,-0.007436177221529802,-0.007436177221529802,-0.007436177221529802,-0.007436177221529802
2012-10-19,-0.01153457464591314,-0.01153457464591314,-0.01153457464591314,-0.01153457464591314,-0.01153457464591314,-0.01153457464591314,-0.01153457464591314,-0.01153457464591314,-0.01153457464591314,-0.01153457464591314,-0.01153457464591314
2012-10-22,-0.0011215489507831976,-0.0011215489507831976,-0.0011215489507831976,-0.0011215489507831976,-0.0011215489507831976,-0.0011215489507831976,-0.0011215489507831976,-0.0011215489507831976,-0.0011215489507831976,-0.0011215489507831976,-0.0011215489507831976
2012-10-23,-0.019948425150075295,-0.019948425150075295,-0.019948425150075295,-0.019948425150075295,-0.019948425150075295,-0.019948425150075295,-0.019948425150075295,-0.019948425150075295,-0.019948425150075295,-0.019948425150075295,-0.019948425150075295
2012-10-24,-0.009703347362255614,-0.009529920337850044,-0.009356493313444472,-0.009703347362255614,-0.009703347362255614,-0.009703347362255614,-0.009703347362255614,-0.009703347362255614,-0.009703347362255614,-0.009703347362255614,-0.009703347362255614
2012-10-25,0.002592525620369811,0.002592525620369811,0.002592525620369811,0.002592525620369811,0.002592525620369811,0.002592525620369811,0.002592525620369811,0.002592525620369811,0.002592525620369811,0.002592525620369811,0.002592525620369811
2012-10-26,0.007171892253237656,0.007171892253237656,0.007171892253237656,0.007171892253237656,0.007171892253237656,0.007171892253237656,0.007171892253237656,0.007171892253237656,0.007171892253237656,0.007171892253237656,0.007171892253237656
2012-10-31,0.004803835135618135,0.005152974685124893,0.00550211423463165,0.004803835135618135,0.004803835135618135,0.004803835135618135,0.004803835135618135,0.004803835135618135,0.004803835135618135,0.004803835135618135,0.004803835135618135
2012-11-01,0.016870861795007724,0.01420345958888146,0.011536057382755196,0.016870861795007724,0.016870861795007724,0.016870861795007724,0.016870861795007724,0.016870861795007724,0.016870861795007724,0.016870861795007724,0.016870861795007724
2012-11-02,-0.025571109625585956,-0.025571109625585956,-0.025571109625585956,-0.025571109625585956,-0.025571109625585956,-0.025571109625585956,-0.025571109625585956,-0.025571109625585956,-0.025571109625585956,-0.025571109625585956,-0.025571109625585956
2012-11-05,0.004381452847799451,0.005024321002921323,0.005667189158043194,0.004381452847799451,0.004381452847799451,0.004381452847799451,0.004381452847799451,0.004381452847799451,0.004381452847799451,0.004381452847799451,0.004381452847799451
2012-11-06,0.024139602051472496,0.02301328832789251,0.021886974604312534,0.024139602051472496,0.024139602051472496,0.024139602051472496,0.024139602051472496,0.024139602051472496,0.02301328832789251,0.021886974604312534,0.019634347157152572
2012-11-07,-0.014303993737002044,-0.014303993737002044,-0.014303993737002044,-0.014303993737002044,-0.014303993737002044,-0.014303993737002044,-0.014303993737002044,-0.014303993737002044,-0.014303993737002044,-0.014303993737002044,-0.014303993737002044
2012-11-08,0.003275718343821636,0.003275718343821636,0.003275718343821636,0.003275718343821636,0.003275718343821636,0.003275718343821636,0.003275718343821636,0.003275718343821636,0.003275718343821636,0.003275718343821636,0.003275718343821636
2012-11-09,0.0007270337684715249,0.0007270337684715249,0.0007270337684715249,0.0007270337684715249,0.0007270337684715249,0.0007270337684715249,0.0007270337684715249,0.0007270337684715249,0.0007270337684715249,0.0007270337684715249,0.0007270337684715249
2012-11-12,0.007758827834971768,0.005820754571680178,0.003882681308388588,0.007758827834971768,0.007758827834971768,0.007758827834971768,0.007758827834971768,0.007758827834971768,0.007758827834971768,0.007758827834971768,0.007758827834971768
2012-11-13,-0.0024652336939891134,-0.0023979233789200465,-0.0023306130638509797,-0.0024652336939891134,-0.0024652336939891134,-0.0024652336939891134,-0.0024652336939891134,-0.0024652336939891134,-0.0024652336939891134,-0.0024652336939891134,-0.0024652336939891134
2012-11-14,-0.013991838357667487,-0.01291703154624416,-0.011842224734820831,-0.013991838357667487,-0.013991838357667487,-0.013991838357667487,-0.013991838357667487,-0.013991838357667487,-0.013991838357667487,-0.013991838357667487,-0.013991838357667487
2012-11-15,-0.008398388928580898,-0.00806110618033863,-0.0077238234320963625,-0.008398388928580898,-0.008398388928580898,-0.008398388928580898,-0.008398388928580898,-0.008398388928580898,-0.008398388928580898,-0.008398388928580898,-0.008398388928580898
2012-11-16,0.008464708267517355,0.007030207442123886,0.005595706616730416,0.008464708267517355,0.008464708267517355,0.008464708267517355,0.008464708267517355,0.008464708267517355,0.008464708267517355,0.008464708267517355,0.008464708267517355
2012-11-19,0.03058534575340637,0.027828412746057855,0.025071479738709337,0.03058534575340637,0.03058534575340637,0.03058534575340637,0.03058534575340637,0.03058534575340637,0.027828412746057855,0.025071479738709337,0.019557613724012303
2012-11-20,-0.004738275598969973,-0.0052377236874253,-0.005737171775880629,-0.004738275598969973,-0.004738275598969973,-0.004738275598969973,-0.004738275598969973,-0.004738275598969973,-0.004738275598969973,-0.004738275598969973,-0.004738275598969973
2012-11-21,0.0011479418554188022,0.0013555939427706276,0.0015632460301224535,0.0011479418554188022,0.0011479418554188022,0.0011479418554188022,0.0011479418554188022,0.0011479418554188022,0.0011479418554188022,0.0011479418554188022,0.0011479418554188022
2012-11-23,0.021067431615261166,0.019706277318004384,0.018345123020747603,0.021067431615261166,0.021067431615261166,0.021067431615261166,0.021067431615261166,0.021067431615261166,0.021067431615261166,0.021067431615261166,0.021067431615261166
2012-11-26,0.0014562052048711603,0.0012481342487540622,0.0010400632926369645,0.0014562052048711603,0.0014562052048711603,0.0014562052048711603,0.0014562052048711603,0.0014562052048711603,0.0014562052048711603,0.0014562052048711603,0.0014562052048711603
2012-11-27,-0.006980269651796711,-0.006417284302578421,-0.00585429895336013,-0.006980269651796711,-0.006980269651796711,-0.006980269651796711,-0.006980269651796711,-0.006980269651796711,-0.006980269651796711,-0.006980269651796711,-0.006980269651796711
2012-11-28,0.0014436735305316981,0.0008549616431008123,0.0002662497556699266,0.0014436735305316981,0.0014436735305316981,0.0014436735305316981,0.0014436735305316981,0.0014436735305316981,0.0014436735305316981,0.0014436735305316981,0.0014436735305316981
2012-11-29,0.007433401043342999,0.0071793411761329855,0.0069252813089229716,0.007433401043342999,0.007433401043342999,0.007433401043342999,0.007433401043342999,0.007433401043342999,0.007433401043342999,0.007433401043342999,0.007433401043342999
2012-11-30,-0.005930912204112043,-0.005561203697182,-0.005191495190251957,-0.005930912204112043,-0.005930912204112043,-0.005930912204112043,-0.005930912204112043,-0.005930912204112043,-0.005930912204112043,-0.005930912204112043,-0.005930912204112043
2012-12-03,-0.006243409370481832,-0.005509743371207498,-0.004776077371933163,-0.006243409370481832,-0.006243409370481832,-0.006243409370481832,-0.006243409370481832,-0.006243409370481832,-0.006243409370481832,-0.006243409370481832,-0.006243409370481832
2012-12-04,-0.011470702459911148,-0.010737663100792546,-0.010004623741673943,-0.011470702459911148,-0.011470702459911148,-0.011470702459911148,-0.011470702459911148,-0.011470702459911148,-0.010737663100792546,-0.010004623741673943,-0.00853854502343674
2012-12-05,0.0027940395533826903,0.0021531324526301507,0.001512225351877611,0.0027940395533826903,0.0027940395533826903,0.0027940395533826903,0.0027940395533826903,0.0027940395533826903,0.0027940395533826903,0.0027940395533826903,0.0027940395533826903
2012-12-06,0.002839055721092755,0.003293307273583101,0.0037475588260734464,0.002839055721092755,0.002839055721092755,0.002839055721092755,0.002839055721092755,0.002839055721092755,0.002839055721092755,0.002839055721092755,0.002839055721092755
2012-12-07,0.009951027881845629,0.008623733455986297,0.007296439030126967,0.009951027881845629,0.009951027881845629,0.009951027881845629,0.009951027881845629,0.009951027881845629,0.009951027881845629,0.009951027881845629,0.009951027881845629
2012-12-10,0.004439106680300679,0.004810297740013783,0.005181488799726887,0.004439106680300679,0.004439106680300679,0.004439106680300679,0.004439106680300679,0.004439106680300679,0.004439106680300679,0.004439106680300679,0.004439106680300679
2012-12-11,0.0028181839476924247,0.0018300378175902863,0.000841891687488148,0.0028181839476924247,0.0028181839476924247,0.0028181839476924247,0.0028181839476924247,0.0028181839476924247,0.0028181839476924247,0.0028181839476924247,0.0028181839476924247
2012-12-12,-0.009130911964245394,-0.008361843337122876,-0.007592774710000359,-0.009130911964245394,-0.009130911964245394,-0.009130911964245394,-0.009130911964245394,-0.009130911964245394,-0.009130911964245394,-0.009130911964245394,-0.009130911964245394
2012-12-13,-0.011138243261680336,-0.010556126534751941,-0.009974009807823547,-0.011138243261680336,-0.011138243261680336,-0.011138243261680336,-0.011138243261680336,-0.011138243261680336,-0.011138243261680336,-0.011138243261680336,-0.011138243261680336
2012-12-14,-6.060533683178266e-05,0.0001397071789437591,0.0003400196947193008,-6.060533683178266e-05,-6.060533683178266e-05,-6.060533683178266e-05,-6.060533683178266e-05,-6.060533683178266e-05,-6.060533683178266e-05,-6.060533683178266e-05,-6.060533683178266e-05
2012-12-17,0.004380026033590904,0.0033661379761078985,0.002352249918624894,0.004380026033590904,0.004380026033590904,0.004380026033590904,0.004380026033590904,0.004380026033590904,0.004380026033590904,0.004380026033590904,0.004380026033590904
2012-12-18,-0.0032958999038688284,-0.0044519019410011835,-0.0056079039781335395,-0.0032958999038688284,-0.0032958999038688284,-0.0032958999038688284,-0.0032958999038688284,-0.0032958999038688284,-0.0032958999038688284,-0.0032958999038688284,-0.0032958999038688284
2012-12-19,-0.011341784264401201,-0.009430523837901768,-0.007519263411402337,-0.011341784264401201,-0.011341784264401201,-0.011341784264401201,-0.011341784264401201,-0.011341784264401201,-0.011341784264401201,-0.011341784264401201,-0.011341784264401201
2012-12-20,-0.0043064760965712025,-0.0043064760965712025,-0.0043064760965712025,-0.0043064760965712025,-0.0043064760965712025,-0.0043064760965712025,-0.0043064760965712025,-0.0043064760965712025,-0.0043064760965712025,-0.0043064760965712025,-0.0043064760965712025
2012-12-21,0.008950213646302323,0.008950213646302323,0.008950213646302323,0.008950213646302323,0.008950213646302323,0.008950213646302323,0.008950213646302323,0.008950213646302323,0.008950213646302323,0.008950213646302323,0.008950213646302323
2012-12-24,-0.0036102717550911276,-0.0036102717550911276,-0.0036102717550911276,-0.0036102717550911276,-0.0036102717550911276,-0.0036102717550911276,-0.0036102717550911276,-0.0036102717550911276,-0.0036102717550911276,-0.0036102717550911276,-0.0036102717550911276
2012-12-26,-0.005101167571734814,-0.005101167571734814,-0.005101167571734814,-0.005101167571734814,-0.005101167571734814,-0.005101167571734814,-0.005101167571734814,-0.005101167571734814,-0.005101167571734814,-0.005101167571734814,-0.005101167571734814
2012-12-27,0.0048345438324661864,0.0048345438324661864,0.0048345438324661864,0.0048345438324661864,0.0048345438324661864,0.0048345438324661864,0.0048345438324661864,0.0048345438324661864,0.0048345438324661864,0.0048345438324661864,0.0048345438324661864
2012-12-28,0.004364851948233338,0.004364851948233338,0.004364851948233338,0.004364851948233338,0.004364851948233338,0.004364851948233338,0.004364851948233338,0.004364851948233338,0.004364851948233338,0.004364851948233338,0.004364851948233338
2012-12-31,-0.016739612021939146,-0.016739612021939146,-0.016739612021939146,-0.016739612021939146,-0.016739612021939146,-0.016739612021939146,-0.016739612021939146,-0.016739612021939146,-0.016739612021939146,-0.016739612021939146,-0.016739612021939146
2013-01-02,0.03258532677770983,0.03258532677770983,0.03258532677770983,0.03258532677770983,0.03258532677770983,0.03258532677770983,0.03258532677770983,0.03258532677770983,0.03258532677770983,0.03258532677770983,0.03258532677770983
2013-01-03,-0.01150295650730667,-0.01150295650730667,-0.01150295650730667,-0.01150295650730667,-0.01150295650730667,-0.01150295650730667,-0.01150295650730667,-0.01150295650730667,-0.01150295650730667,-0.01150295650730667,-0.01150295650730667
2013-01-04,0.005066396401230476,0.005066396401230476,0.005066396401230476,0.005066396401230476,0.005066396401230476,0.005066396401230476,0.005066396401230476,0.005066396401230476,0.005066396401230476,0.005066396401230476,0.005066396401230476
2013-01-07,-0.007054840032983845,-0.007054840032983845,-0.007054840032983845,-0.007054840032983845,-0.007054840032983845,-0.007054840032983845,-0.007054840032983845,-0.007054840032983845,-0.00704231975537977,-0.007029799477775695,-0.007004758922567543
2013-01-08,0.004954990903363498,0.004954990903363498,0.004954990903363498,0.004954990903363498,0.004954990903363498,0.004954990903363498,0.004954990903363498,0.004954990903363498,0.004954990903363498,0.004954990903363498,0.004954990903363498
2013-01-09,0.001570025756449144,0.001570025756449144,0.001570025756449144,0.001570025756449144,0.001570025756449144,0.001570025756449144,0.001570025756449144,0.001570025756449144,0.001570025756449144,0.001570025756449144,0.001570025756449144
2013-01-10,0.011398570672638705,0.011398570672638705,0.011398570672638705,0.011398570672638705,0.011398570672638705,0.011398570672638705,0.011398570672638705,0.011398570672638705,0.011398570672638705,0.011398570672638705,0.011398570672638705
2013-01-11,0.0019944313220088537,0.0019944313220088537,0.0019944313220088537,0.0019944313220088537,0.0019944313220088537,0.0019944313220088537,0.0019944313220088537,0.0019944313220088537,0.0019944313220088537,0.0019944313220088537,0.0019944313220088537
2013-01-14,0.0018880276659925693,0.0018880276659925693,0.0018880276659925693,0.0018880276659925693,0.0018880276659925693,0.0018880276659925693,0.0018880276659925693,0.0018880276659925693,0.0018880276659925693,0.0018880276659925693,0.0018880276659925693
2013-01-15,0.007910915915232438,0.007910915915232438,0.007910915915232438,0.007910915915232438,0.007910915915232438,0.007910915915232438,0.007910915915232438,0.007910915915232438,0.007910915915232438,0.007910915915232438,0.007910915915232438
2013-01-16,0.003994448494575149,0.003994448494575149,0.003994448494575149,0.003994448494575149,0.003994448494575149,0.003994448494575149,0.003994448494575149,0.003994448494575149,0.003994448494575149,0.003994448494575149,0.003994448494575149
2013-01-17,-0.00029747986949646204,-0.00029747986949646204,-0.00029747986949646204,-0.00029747986949646204,-0.00029747986949646204,-0.00029747986949646204,-0.00029747986949646204,-0.00029747986949646204,-0.00029747986949646204,-0.00029747986949646204,-0.00029747986949646204
2013-01-18,0.01294393133855271,0.01294393133855271,0.01294393133855271,0.01294393133855271,0.01294393133855271,0.01294393133855271,0.01294393133855271,0.01294393133855271,0.01294393133855271,0.01294393133855271,0.01294393133855271
2013-01-22,0.009808696508887651,0.009808696508887651,0.009808696508887651,0.009808696508887651,0.009808696508887651,0.009808696508887651,0.009808696508887651,0.009808696508887651,0.009808696508887651,0.009808696508887651,0.009808696508887651
2013-01-23,0.001018123753129894,0.001018123753129894,0.001018123753129894,0.001018123753129894,0.001018123753129894,0.001018123753129894,0.001018123753129894,0.001018123753129894,0.001018123753129894,0.001018123753129894,0.001018123753129894
2013-01-24,-0.009249355592955357,-0.009249355592955357,-0.009249355592955357,-0.009249355592955357,-0.009249355592955357,-0.009249355592955357,-0.009249355592955357,-0.009249355592955357,-0.009249355592955357,-0.009249355592955357,-0.009249355592955357
2013-01-25,-0.013824594434848337,-0.013824594434848337,-0.013824594434848337,-0.013824594434848337,-0.013824594434848337,-0.013824594434848337,-0.013824594434848337,-0.013824594434848337,-0.013824594434848337,-0.013824594434848337,-0.013824594434848337
2013-01-28,-0.004902687646796298,-0.004902687646796298,-0.004902687646796298,-0.004902687646796298,-0.004902687646796298,-0.004902687646796298,-0.004902687646796298,-0.004902687646796298,-0.004902687646796298,-0.004902687646796298,-0.004902687646796298
2013-01-29,-0.002572012431634881,-0.002572012431634881,-0.002572012431634881,-0.002572012431634881,-0.002572012431634881,-0.002572012431634881,-0.002572012431634881,-0.002572012431634881,-0.002572012431634881,-0.002572012431634881,-0.002572012431634881
2013-01-30,0.0017780431643403634,0.0017780431643403634,0.0017780431643403634,0.0017780431643403634,0.0017780431643403634,0.0017780431643403634,0.0017780431643403634,0.0017780431643403634,0.0017780431643403634,0.0017780431643403634,0.0017780431643403634
2013-01-31,0.002292885123379714,0.002292885123379714,0.002292885123379714,0.002292885123379714,0.002292885123379714,0.002292885123379714,0.002292885123379714,0.002292885123379714,0.002292885123379714,0.002292885123379714,0.002292885123379714
2013-02-01,0.008833222981720052,0.008833222981720052,0.008833222981720052,0.008833222981720052,0.008833222981720052,0.008833222981720052,0.008833222981720052,0.008833222981720052,0.008833222981720052,0.008833222981720052,0.008833222981720052
2013-02-04,-0.007078521575377285,-0.007078521575377285,-0.007078521575377285,-0.007078521575377285,-0.007078521575377285,-0.007078521575377285,-0.007078521575377285,-0.007078521575377285,-0.007078521575377285,-0.007078521575377285,-0.007078521575377285
2013-02-05,0.010693168934726304,0.010693168934726304,0.010693168934726304,0.010693168934726304,0.010693168934726304,0.010693168934726304,0.010693168934726304,0.010693168934726304,0.010693168934726304,0.010693168934726304,0.010693168934726304
2013-02-06,0.004899179532379582,0.004899179532379582,0.004899179532379582,0.004899179532379582,0.004899179532379582,0.004899179532379582,0.004899179532379582,0.004899179532379582,0.004899179532379582,0.004899179532379582,0.004899179532379582
2013-02-07,-0.0038809442123938697,-0.0038809442123938697,-0.0038809442123938697,-0.0038809442123938697,-0.0038809442123938697,-0.0038809442123938697,-0.0038809442123938697,-0.0038809442123938697,-0.0038809442123938697,-0.0038809442123938697,-0.0038809442123938697
2013-02-08,0.007976313347560543,0.007976313347560543,0.007976313347560543,0.007976313347560543,0.007976313347560543,0.007976313347560543,0.007976313347560543,0.007976313347560543,0.007976313347560543,0.007976313347560543,0.007976313347560543
2013-02-11,-0.007260254611455777,-0.007260254611455777,-0.007260254611455777,-0.007260254611455777,-0.007260254611455777,-0.007260254611455777,-0.007260254611455777,-0.007260254611455777,-0.007626162468876574,-0.00799207032629737,-0.008723886041138964
2013-02-12,0.00028357306407692873,0.00028357306407692873,0.00028357306407692873,0.00028357306407692873,0.00028357306407692873,0.00028357306407692873,0.00028357306407692873,0.00028357306407692873,0.00028357306407692873,0.00028357306407692873,0.00028357306407692873
2013-02-13,-0.00765693199938375,-0.00765693199938375,-0.00765693199938375,-0.00765693199938375,-0.00765693199938375,-0.00765693199938375,-0.00765693199938375,-0.00765693199938375,-0.00765693199938375,-0.00765693199938375,-0.00765693199938375
2013-02-14,0.003124027346880892,0.003124027346880892,0.003124027346880892,0.003124027346880892,0.003124027346880892,0.003124027346880892,0.003124027346880892,0.003124027346880892,0.003124027346880892,0.003124027346880892,0.003124027346880892
2013-02-15,-0.013563745578527544,-0.013563745578527544,-0.013563745578527544,-0.013563745578527544,-0.013563745578527544,-0.013563745578527544,-0.013563745578527544,-0.013563745578527544,-0.013563745578527544,-0.013563745578527544,-0.013563745578527544
2013-02-19,-0.0007947813262189588,-0.0007947813262189588,-0.0007947813262189588,-0.0007947813262189588,-0.0007947813262189588,-0.0007947813262189588,-0.0007947813262189588,-0.0007947813262189588,-0.0007947813262189588,-0.0007947813262189588,-0.0007947813262189588
2013-02-20,-0.02398459317974498,-0.02398459317974498,-0.02398459317974498,-0.02398459317974498,-0.02398459317974498,-0.02398459317974498,-0.02398459317974498,-0.02398459317974498,-0.02398459317974498,-0.02398459317974498,-0.02398459317974498
2013-02-21,0.004355423008156488,0.004355423008156488,0.004355423008156488,0.004355423008156488,0.004355423008156488,0.004355423008156488,0.004355423008156488,0.004355423008156488,0.004355423008156488,0.004355423008156488,0.004355423008156488
2013-02-22,0.008407183635015227,0.008407183635015227,0.008407183635015227,0.008407183635015227,0.008407183635015227,0.008407183635015227,0.008407183635015227,0.008407183635015227,0.008407183635015227,0.008407183635015227,0.008407183635015227
2013-02-25,0.005937117173914118,0.005937117173914118,0.005937117173914118,0.005937117173914118,0.005937117173914118,0.005937117173914118,0.005937117173914118,0.005937117173914118,0.005937117173914118,0.005937117173914118,0.005937117173914118
2013-02-26,0.007232971823712175,0.007232971823712175,0.007232971823712175,0.007232971823712175,0.007232971823712175,0.007232971823712175,0.007232971823712175,0.007232971823712175,0.007232971823712175,0.007232971823712175,0.007232971823712175
2013-02-27,-0.009716198290838515,-0.009716198290838515,-0.009716198290838515,-0.009716198290838515,-0.009716198290838515,-0.009716198290838515,-0.009716198290838515,-0.009716198290838515,-0.009716198290838515,-0.009716198290838515,-0.009716198290838515
2013-02-28,-0.005353113692171926,-0.005353113692171926,-0.005353113692171926,-0.005353113692171926,-0.005353113692171926,-0.005353113692171926,-0.005353113692171926,-0.005353113692171926,-0.005353113692171926,-0.005353113692171926,-0.005353113692171926
2013-03-01,0.0011685267004098135,0.0011685267004098135,0.0011685267004098135,0.0011685267004098135,0.0011685267004098135,0.0011685267004098135,0.0011685267004098135,0.0011685267004098135,0.0011685267004098135,0.0011685267004098135,0.0011685267004098135
2013-03-04,0.003315801428995575,0.003315801428995575,0.003315801428995575,0.003315801428995575,0.003315801428995575,0.003315801428995575,0.003315801428995575,0.003315801428995575,0.003315801428995575,0.003315801428995575,0.003315801428995575
2013-03-05,0.010945138019267055,0.010945138019267055,0.010945138019267055,0.010945138019267055,0.010945138019267055,0.010945138019267055,0.010945138019267055,0.010945138019267055,0.010945138019267055,0.010945138019267055,0.010945138019267055
2013-03-06,0.0036214927217545745,0.0036214927217545745,0.0036214927217545745,0.0036214927217545745,0.0036214927217545745,0.0036214927217545745,0.0036214927217545745,0.0036214927217545745,0.0036214927217545745,0.0036214927217545745,0.0036214927217545745
2013-03-07,-0.0011861832138821977,-0.0011861832138821977,-0.0011861832138821977,-0.0011861832138821977,-0.0011861832138821977,-0.0011861832138821977,-0.0011861832138821977,-0.0011861832138821977,-0.0011861832138821977,-0.0011861832138821977,-0.0011861832138821977
2013-03-08,-0.0007457252585033352,-0.0007457252585033352,-0.0007457252585033352,-0.0007457252585033352,-0.0007457252585033352,-0.0007457252585033352,-0.0007457252585033352,-0.0007457252585033352,-0.0007457252585033352,-0.0007457252585033352,-0.0007457252585033352
2013-03-11,0.003749630489484881,0.003749630489484881,0.003749630489484881,0.003749630489484881,0.003749630489484881,0.003749630489484881,0.003749630489484881,0.003749630489484881,0.003749630489484881,0.003749630489484881,0.003749630489484881
2013-03-12,0.008664858709614844,0.008664858709614844,0.008664858709614844,0.008664858709614844,0.008664858709614844,0.008664858709614844,0.008664858709614844,0.008664858709614844,0.008664858709614844,0.008664858709614844,0.008664858709614844
2013-03-13,-0.0010781736664761338,-0.0010781736664761338,-0.0010781736664761338,-0.0010781736664761338,-0.0010781736664761338,-0.0010781736664761338,-0.0010781736664761338,-0.0010781736664761338,-0.0010781736664761338,-0.0010781736664761338,-0.0010781736664761338
2013-03-14,0.004126493026136381,0.004126493026136381,0.004126493026136381,0.004126493026136381,0.004126493026136381,0.004126493026136381,0.004126493026136381,0.004126493026136381,0.004126493026136381,0.004126493026136381,0.004126493026136381
2013-03-15,0.00368704378996268,0.00368704378996268,0.00368704378996268,0.00368704378996268,0.00368704378996268,0.00368704378996268,0.00368704378996268,0.00368704378996268,0.00368704378996268,0.00368704378996268,0.00368704378996268
2013-03-18,0.0008625240581774767,0.0008625240581774767,0.0008625240581774767,0.0008625240581774767,0.0008625240581774767,0.0008625240581774767,0.0008625240581774767,0.0008625240581774767,0.0008625240581774767,0.0008625240581774767,0.0008625240581774767
2013-03-19,0.005003482260705114,0.005003482260705114,0.005003482260705114,0.005003482260705114,0.005003482260705114,0.005003482260705114,0.005003482260705114,0.005003482260705114,0.005003482260705114,0.005003482260705114,0.005003482260705114
2013-03-20,0.0015247012186372564,0.0015247012186372564,0.0015247012186372564,0.0015247012186372564,0.0015247012186372564,0.0015247012186372564,0.0015247012186372564,0.0015247012186372564,0.0015247012186372564,0.0015247012186372564,0.0015247012186372564
2013-03-21,0.004134271178156152,0.004134271178156152,0.004134271178156152,0.004134271178156152,0.004134271178156152,0.004134271178156152,0.004134271178156152,0.004134271178156152,0.004134271178156152,0.004134271178156152,0.004134271178156152
2013-03-22,0.002093824578091212,0.002093824578091212,0.002093824578091212,0.002093824578091212,0.002093824578091212,0.002093824578091212,0.002093824578091212,0.002093824578091212,0.002093824578091212,0.002093824578091212,0.002093824578091212
2013-03-25,-0.0031988522990431044,-0.0031988522990431044,-0.0031988522990431044,-0.0031988522990431044,-0.0031988522990431044,-0.0031988522990431044,-0.0031988522990431044,-0.0031988522990431044,-0.0031988522990431044,-0.0031988522990431044,-0.0031988522990431044
2013-03-26,0.0038353086622879965,0.0038353086622879965,0.0038353086622879965,0.0038353086622879965,0.0038353086622879965,0.0038353086622879965,0.0038353086622879965,0.0038353086622879965,0.0038353086622879965,0.0038353086622879965,0.0038353086622879965
2013-03-27,0.01031878937584632,0.01031878937584632,0.01031878937584632,0.01031878937584632,0.01031878937584632,0.01031878937584632,0.01031878937584632,0.01031878937584632,0.010555750182164217,0.010792710988482113,0.011266632601117906
2013-03-28,-0.009968147095932463,-0.009968147095932463,-0.009968147095932463,-0.009968147095932463,-0.009968147095932463,-0.009968147095932463,-0.009968147095932463,-0.009968147095932463,-0.009968147095932463,-0.009968147095932463,-0.009968147095932463
2013-04-01,-0.005026147961120093,-0.005026147961120093,-0.005026147961120093,-0.005026147961120093,-0.005026147961120093,-0.005026147961120093,-0.005026147961120093,-0.005026147961120093,-0.005026147961120093,-0.005026147961120093,-0.005026147961120093
2013-04-02,-0.005771917507238241,-0.005771917507238241,-0.005771917507238241,-0.005771917507238241,-0.005771917507238241,-0.005771917507238241,-0.005771917507238241,-0.005771917507238241,-0.005771917507238241,-0.005771917507238241,-0.005771917507238241
2013-04-03,-0.023519479121102492,-0.023519479121102492,-0.023519479121102492,-0.023519479121102492,-0.023519479121102492,-0.023519479121102492,-0.023519479121102492,-0.023519479121102492,-0.023519479121102492,-0.023519479121102492,-0.023519479121102492
2013-04-04,0.004138658350440431,0.004138658350440431,0.004138658350440431,0.004138658350440431,0.004138658350440431,0.004138658350440431,0.004138658350440431,0.004138658350440431,0.004138658350440431,0.004138658350440431,0.004138658350440431
2013-04-05,0.008461600164499586,0.008461600164499586,0.008461600164499586,0.008461600164499586,0.008461600164499586,0.008461600164499586,0.008461600164499586,0.008461600164499586,0.008461600164499586,0.008461600164499586,0.008461600164499586
2013-04-08,-0.0005357833450523087,-0.0005357833450523087,-0.0005357833450523087,-0.0005357833450523087,-0.0005357833450523087,-0.0005357833450523087,-0.0005357833450523087,-0.0005357833450523087,-0.0005357833450523087,-0.0005357833450523087,-0.0005357833450523087
2013-04-09,0.0040086491301921535,0.0040086491301921535,0.0040086491301921535,0.0040086491301921535,0.0040086491301921535,0.0040086491301921535,0.0040086491301921535,0.0040086491301921535,0.0040086491301921535,0.0040086491301921535,0.0040086491301921535
2013-04-10,-0.010881108184110465,-0.010881108184110465,-0.010881108184110465,-0.010881108184110465,-0.010881108184110465,-0.010881108184110465,-0.010881108184110465,-0.010881108184110465,-0.010881108184110465,-0.010881108184110465,-0.010881108184110465
2013-04-11,0.004904213905712175,0.004904213905712175,0.004904213905712175,0.004904213905712175,0.004904213905712175,0.004904213905712175,0.004904213905712175,0.004904213905712175,0.004904213905712175,0.004904213905712175,0.004904213905712175
2013-04-12,-0.023598629326349114,-0.023598629326349114,-0.023598629326349114,-0.023598629326349114,-0.023598629326349114,-0.023598629326349114,-0.023598629326349114,-0.023598629326349114,-0.023598629326349114,-0.023598629326349114,-0.023598629326349114
2013-04-15,-0.05428948125917517,-0.05428948125917517,-0.05428948125917517,-0.05428948125917517,-0.05428948125917517,-0.05428948125917517,-0.05428948125917517,-0.05428948125917517,-0.05428948125917517,-0.05428948125917517,-0.05428948125917517
2013-04-16,0.014085033408360793,0.014085033408360793,0.014085033408360793,0.014085033408360793,0.014085033408360793,0.014085033408360793,0.014085033408360793,0.014085033408360793,0.014085033408360793,0.014085033408360793,0.014085033408360793
2013-04-17,-0.008083129977673681,-0.008083129977673681,-0.008083129977673681,-0.008083129977673681,-0.008083129977673681,-0.008083129977673681,-0.008083129977673681,-0.008083129977673681,-0.008083129977673681,-0.008083129977673681,-0.008083129977673681
2013-04-18,0.001100310930413457,0.001100310930413457,0.001100310930413457,0.001100310930413457,0.001100310930413457,0.001100310930413457,0.001100310930413457,0.001100310930413457,0.001100310930413457,0.001100310930413457,0.001100310930413457
2013-04-19,0.01086201996127683,0.01086201996127683,0.01086201996127683,0.01086201996127683,0.01086201996127683,0.01086201996127683,0.01086201996127683,0.01086201996127683,0.01086201996127683,0.01086201996127683,0.01086201996127683
2013-04-22,0.012497174309150674,0.012497174309150674,0.012497174309150674,0.012497174309150674,0.012497174309150674,0.012497174309150674,0.012497174309150674,0.012497174309150674,0.012497174309150674,0.012497174309150674,0.012497174309150674
2013-04-23,0.007199776040260446,0.007199776040260446,0.007199776040260446,0.007199776040260446,0.007199776040260446,0.007199776040260446,0.007199776040260446,0.007199776040260446,0.007199776040260446,0.007199776040260446,0.007199776040260446
2013-04-24,0.0071620578633701535,0.0071620578633701535,0.0071620578633701535,0.0071620578633701535,0.0071620578633701535,0.0071620578633701535,0.0071620578633701535,0.0071620578633701535,0.0071620578633701535,0.0071620578633701535,0.0071620578633701535
2013-04-25,0.006588993663535878,0.006588993663535878,0.006588993663535878,0.006588993663535878,0.006588993663535878,0.006588993663535878,0.006588993663535878,0.006588993663535878,0.006588993663535878,0.006588993663535878,0.006588993663535878
2013-04-26,0.004017910702926883,0.004017910702926883,0.004017910702926883,0.004017910702926883,0.004017910702926883,0.004017910702926883,0.004017910702926883,0.004017910702926883,0.004017910702926883,0.004017910702926883,0.004017910702926883
2013-04-29,0.006319061078817862,0.006319061078817862,0.006319061078817862,0.006319061078817862,0.006319061078817862,0.006319061078817862,0.006319061078817862,0.006319061078817862,0.006319061078817862,0.006319061078817862,0.006319061078817862
2013-04-30,0.004481199430137982,0.004481199430137982,0.004481199430137982,0.004481199430137982,0.004481199430137982,0.004481199430137982,0.004481199430137982,0.004481199430137982,0.004481199430137982,0.004481199430137982,0.004481199430137982
2013-05-01,-0.010067375389194888,-0.010067375389194888,-0.010067375389194888,-0.010067375389194888,-0.010067375389194888,-0.010067375389194888,-0.010067375389194888,-0.010067375389194888,-0.010067375389194888,-0.010067375389194888,-0.010067375389194888
2013-05-02,0.010611012685388086,0.010611012685388086,0.010611012685388086,0.010611012685388086,0.010611012685388086,0.010611012685388086,0.010611012685388086,0.010611012685388086,0.010611012685388086,0.010611012685388086,0.010611012685388086
2013-05-03,0.0008766630968416534,0.0008766630968416534,0.0008766630968416534,0.0008766630968416534,0.0008766630968416534,0.0008766630968416534,0.0008766630968416534,0.0008766630968416534,0.0008766630968416534,0.0008766630968416534,0.0008766630968416534
2013-05-06,0.0026410390824894337,0.0026410390824894337,0.0026410390824894337,0.0026410390824894337,0.0026410390824894337,0.0026410390824894337,0.0026410390824894337,0.0026410390824894337,0.0026410390824894337,0.0026410390824894337,0.0026410390824894337
2013-05-07,-0.00180934414935216,-0.00180934414935216,-0.00180934414935216,-0.00180934414935216,-0.00180934414935216,-0.00180934414935216,-0.00180934414935216,-0.00180934414935216,-0.00180934414935216,-0.00180934414935216,-0.00180934414935216
2013-05-08,0.011129960824587098,0.011129960824587098,0.011129960824587098,0.011129960824587098,0.011129960824587098,0.011129960824587098,0.011129960824587098,0.011129960824587098,0.011129960824587098,0.011129960824587098,0.011129960824587098
2013-05-09,-0.0094737455795854,-0.0094737455795854,-0.0094737455795854,-0.0094737455795854,-0.0094737455795854,-0.0094737455795854,-0.0094737455795854,-0.0094737455795854,-0.0094737455795854,-0.0094737455795854,-0.0094737455795854
2013-05-10,-0.008169495286951736,-0.008169495286951736,-0.008169495286951736,-0.008169495286951736,-0.008169495286951736,-0.008169495286951736,-0.008169495286951736,-0.008169495286951736,-0.008169495286951736,-0.008169495286951736,-0.008169495286951736
2013-05-13,-0.009157473817757528,-0.009157473817757528,-0.009157473817757528,-0.009157473817757528,-0.009157473817757528,-0.009157473817757528,-0.009157473817757528,-0.009157473817757528,-0.009157473817757528,-0.009157473817757528,-0.009157473817757528
2013-05-14,-0.0014260395459546552,-0.0014260395459546552,-0.0014260395459546552,-0.0014260395459546552,-0.0014260395459546552,-0.0014260395459546552,-0.0014260395459546552,-0.0014260395459546552,-0.0014260395459546552,-0.0014260395459546552,-0.0014260395459546552
2013-05-15,-0.0019843671721632905,-0.0019843671721632905,-0.0019843671721632905,-0.0019843671721632905,-0.0019843671721632905,-0.0019843671721632905,-0.0019843671721632905,-0.0019843671721632905,-0.0019843671721632905,-0.0019843671721632905,-0.0019843671721632905
2013-05-16,0.003426572428433934,0.003426572428433934,0.003426572428433934,0.003426572428433934,0.003426572428433934,0.003426572428433934,0.003426572428433934,0.003426572428433934,0.003426572428433934,0.003426572428433934,0.003426572428433934
2013-05-17,-0.006278650776750019,-0.006278650776750019,-0.006278650776750019,-0.006278650776750019,-0.006278650776750019,-0.006278650776750019,-0.006278650776750019,-0.006278650776750019,-0.006278650776750019,-0.006278650776750019,-0.006278650776750019
2013-05-20,0.008317714971804889,0.008317714971804889,0.008317714971804889,0.008317714971804889,0.008317714971804889,0.008317714971804889,0.008317714971804889,0.008317714971804889,0.008317714971804889,0.008317714971804889,0.008317714971804889
2013-05-21,-0.0010350576097405237,-0.0010350576097405237,-0.0010350576097405237,-0.0010350576097405237,-0.0010350576097405237,-0.0010350576097405237,-0.0010350576097405237,-0.0010350576097405237,-0.0010350576097405237,-0.0010350576097405237,-0.0010350576097405237
2013-05-22,-0.022932831637389323,-0.022932831637389323,-0.022932831637389323,-0.022932831637389323,-0.022932831637389323,-0.022932831637389323,-0.022932831637389323,-0.022932831637389323,-0.022932831637389323,-0.022932831637389323,-0.022932831637389323
2013-05-23,0.009451545651363375,0.009451545651363375,0.009451545651363375,0.009451545651363375,0.009451545651363375,0.009451545651363375,0.009451545651363375,0.009451545651363375,0.009451545651363375,0.009451545651363375,0.009451545651363375
2013-05-24,-0.0013182630685524682,-0.0013182630685524682,-0.0013182630685524682,-0.0013182630685524682,-0.0013182630685524682,-0.0013182630685524682,-0.0013182630685524682,-0.0013182630685524682,-0.001368578315292419,-0.0014188935620323695,-0.001519524055512271
2013-05-28,-0.02748475229486798,-0.02748475229486798,-0.02748475229486798,-0.02748475229486798,-0.02748475229486798,-0.02748475229486798,-0.02748475229486798,-0.02748475229486798,-0.02748475229486798,-0.02748475229486798,-0.02748475229486798
2013-05-29,0.01718927860122791,0.01718927860122791,0.01718927860122791,0.01718927860122791,0.01718927860122791,0.01718927860122791,0.01718927860122791,0.01718927860122791,0.01718927860122791,0.01718927860122791,0.01718927860122791
2013-05-30,0.0009399465402975619,0.0009399465402975619,0.0009399465402975619,0.0009399465402975619,0.0009399465402975619,0.0009399465402975619,0.0009399465402975619,0.0009399465402975619,0.0009399465402975619,0.0009399465402975619,0.0009399465402975619
2013-05-31,-0.007267473347538901,-0.007267473347538901,-0.007267473347538901,-0.007267473347538901,-0.007267473347538901,-0.007267473347538901,-0.007267473347538901,-0.007267473347538901,-0.007267473347538901,-0.007267473347538901,-0.007267473347538901
2013-06-03,0.011864145911708476,0.011864145911708476,0.011864145911708476,0.011864145911708476,0.011864145911708476,0.011864145911708476,0.011864145911708476,0.011864145911708476,0.011864145911708476,0.011864145911708476,0.011864145911708476
2013-06-04,-0.009359756329663646,-0.009359756329663646,-0.009359756329663646,-0.009359756329663646,-0.009359756329663646,-0.009359756329663646,-0.009359756329663646,-0.009359756329663646,-0.009359756329663646,-0.009359756329663646,-0.009359756329663646
2013-06-05,-0.021894289571241475,-0.021894289571241475,-0.021894289571241475,-0.021894289571241475,-0.021894289571241475,-0.021894289571241475,-0.021894289571241475,-0.021894289571241475,-0.021894289571241475,-0.021894289571241475,-0.021894289571241475
2013-06-06,0.016323786333524704,0.016323786333524704,0.016323786333524704,0.016323786333524704,0.016323786333524704,0.016323786333524704,0.016323786333524704,0.016323786333524704,0.015864731486627207,0.015405676639729709,0.01448756694593471
2013-06-07,0.003560362577945567,0.003560362577945567,0.003560362577945567,0.003560362577945567,0.003560362577945567,0.003560362577945567,0.003560362577945567,0.003560362577945567,0.003560362577945567,0.003560362577945567,0.003560362577945567
2013-06-10,0.0008199538945635758,0.0008199538945635758,0.0008199538945635758,0.0008199538945635758,0.0008199538945635758,0.0008199538945635758,0.0008199538945635758,0.0008199538945635758,0.0008199538945635758,0.0008199538945635758,0.0008199538945635758
2013-06-11,-0.001944917753333334,-0.001944917753333334,-0.001944917753333334,-0.001944917753333334,-0.001944917753333334,-0.001944917753333334,-0.001944917753333334,-0.001944917753333334,-0.001944917753333334,-0.001944917753333334,-0.001944917753333334
2013-06-12,-0.014120141715010831,-0.014120141715010831,-0.014120141715010831,-0.014120141715010831,-0.014120141715010831,-0.014120141715010831,-0.014120141715010831,-0.014120141715010831,-0.014120141715010831,-0.014120141715010831,-0.014120141715010831
2013-06-13,0.022165668268397817,0.022165668268397817,0.022165668268397817,0.022165668268397817,0.022165668268397817,0.022165668268397817,0.022165668268397817,0.022165668268397817,0.022165668268397817,0.022165668268397817,0.022165668268397817
2013-06-14,-0.004380861146129319,-0.004380861146129319,-0.004380861146129319,-0.004380861146129319,-0.004380861146129319,-0.004380861146129319,-0.004380861146129319,-0.004380861146129319,-0.004380861146129319,-0.004380861146129319,-0.004380861146129319
2013-06-17,0.0033510870847834016,0.0033510870847834016,0.0033510870847834016,0.0033510870847834016,0.0033510870847834016,0.0033510870847834016,0.0033510870847834016,0.0033510870847834016,0.0033510870847834016,0.0033510870847834016,0.0033510870847834016
2013-06-18,0.005407598002087071,0.005407598002087071,0.005407598002087071,0.005407598002087071,0.005407598002087071,0.005407598002087071,0.005407598002087071,0.005407598002087071,0.005407598002087071,0.005407598002087071,0.005407598002087071
2013-06-19,-0.022251599481446366,-0.022251599481446366,-0.022251599481446366,-0.022251599481446366,-0.022251599481446366,-0.022251599481446366,-0.022251599481446366,-0.022251599481446366,-0.022251599481446366,-0.022251599481446366,-0.022251599481446366
2013-06-20,-0.07570018785934744,-0.07570018785934744,-0.07570018785934744,-0.07570018785934744,-0.07570018785934744,-0.07570018785934744,-0.07570018785934744,-0.07570018785934744,-0.07570018785934744,-0.07570018785934744,-0.07570018785934744
2013-06-21,0.0019945376955563116,0.0019945376955563116,0.0019945376955563116,0.0019945376955563116,0.0019945376955563116,0.0019945376955563116,0.0019945376955563116,0.0019945376955563116,-1.0639443047812638e-05,-0.0020158165816519377,-0.006026170858860187
2013-06-24,-0.010310845947912038,-0.010310845947912038,-0.010310845947912038,-0.010310845947912038,-0.010310845947912038,-0.010310845947912038,-0.010310845947912038,-0.010310845947912038,-0.010310845947912038,-0.010310845947912038,-0.010310845947912038
2013-06-25,0.004940124721597358,0.004940124721597358,0.004940124721597358,0.004940124721597358,0.004940124721597358,0.004940124721597358,0.004940124721597358,0.004940124721597358,0.004940124721597358,0.004940124721597358,0.004940124721597358
2013-06-26,0.005860643220831298,0.004631607705446546,0.003402572190061794,0.005860643220831298,0.005860643220831298,0.005860643220831298,0.005860643220831298,0.005860643220831298,0.005860643220831298,0.005860643220831298,0.005860643220831298
2013-06-27,0.017002164182409036,0.015179190256264042,0.013356216330119044,0.017002164182409036,0.017002164182409036,0.017002164182409036,0.017002164182409036,0.017002164182409036,0.017002164182409036,0.017002164182409036,0.017002164182409036
2013-06-28,0.009738654996219816,0.009526109329312932,0.009313563662406047,0.009738654996219816,0.009738654996219816,0.009738654996219816,0.009738654996219816,0.009738654996219816,0.009738654996219816,0.009738654996219816,0.009738654996219816
2013-07-01,0.023129095330753354,0.021193643241805414,0.019258191152857467,0.023129095330753354,0.023129095330753354,0.023129095330753354,0.023129095330753354,0.023129095330753354,0.023129095330753354,0.023129095330753354,0.023129095330753354
2013-07-02,-0.00824187819731079,-0.007237822676722256,-0.0062337671561337234,-0.00824187819731079,-0.00824187819731079,-0.00824187819731079,-0.00824187819731079,-0.00824187819731079,-0.00824187819731079,-0.00824187819731079,-0.00824187819731079
2013-07-03,0.006348259123187795,0.005475247878452226,0.0046022366337166555,0.006348259123187795,0.006348259123187795,0.006348259123187795,0.006348259123187795,0.006348259123187795,0.006348259123187795,0.006348259123187795,0.006348259123187795
2013-07-05,0.008475350195790274,0.0054500207578419314,0.002424691319893587,0.008475350195790274,0.008475350195790274,0.008475350195790274,0.008475350195790274,0.008475350195790274,0.0054500207578419314,0.002424691319893587,-0.0036259675560031002
2013-07-08,0.022398374713055304,0.019803276863535696,0.017208179014016084,0.022398374713055304,0.022398374713055304,0.022398374713055304,0.022398374713055304,0.022398374713055304,0.022398374713055304,0.022398374713055304,0.022398374713055304
2013-07-09,0.013746831309352241,0.012703316188290766,0.011659801067229292,0.012703316188290766,0.011659801067229292,0.013746831309352241,0.013746831309352241,0.013746831309352241,0.013746831309352241,0.013746831309352241,0.013746831309352241
2013-07-10,-0.0034106077900563692,-0.0034106077900563692,-0.0034106077900563692,-0.0034106077900563692,-0.0034106077900563692,-0.0034106077900563692,-0.0034106077900563692,-0.0034106077900563692,-0.0034106077900563692,-0.0034106077900563692,-0.0034106077900563692
2013-07-11,0.024468390659198605,0.024468390659198605,0.024468390659198605,0.024468390659198605,0.024468390659198605,0.024468390659198605,0.024468390659198605,0.024468390659198605,0.024468390659198605,0.024468390659198605,0.024468390659198605
2013-07-12,-0.0001479297263055005,-0.0001479297263055005,-0.0001479297263055005,-0.0001479297263055005,-0.0001479297263055005,-0.0001479297263055005,-0.0001479297263055005,-0.0001479297263055005,-0.0001479297263055005,-0.0001479297263055005,-0.0001479297263055005
2013-07-15,0.005613699864491637,0.005613699864491637,0.005613699864491637,0.005613699864491637,0.005613699864491637,0.005613699864491637,0.005613699864491637,0.005613699864491637,0.005613699864491637,0.005613699864491637,0.005613699864491637
2013-07-16,-0.004801191379436465,-0.003329007987288576,-0.001856824595140688,-0.004801191379436465,-0.004801191379436465,-0.004801191379436465,-0.004801191379436465,-0.004801191379436465,-0.004801191379436465,-0.004801191379436465,-0.004801191379436465
2013-07-17,0.005539705832322374,0.003791978295012868,0.0020442507577033632,0.003791978295012868,0.0020442507577033632,0.005539705832322374,0.005539705832322374,0.005539705832322374,0.005539705832322374,0.005539705832322374,0.005539705832322374
2013-07-18,-0.001456219831627606,-0.001456219831627606,-0.001456219831627606,-0.001456219831627606,-0.001456219831627606,-0.001456219831627606,-0.001456219831627606,-0.001456219831627606,-0.001456219831627606,-0.001456219831627606,-0.001456219831627606
2013-07-19,0.0176311194785059,0.016492364145988484,0.01535360881347107,0.016492364145988484,0.01535360881347107,0.0176311194785059,0.0176311194785059,0.0176311194785059,0.0176311194785059,0.0176311194785059,0.0176311194785059
2013-07-22,0.017931120865238827,0.016671541260474723,0.01541196165571062,0.016671541260474723,0.01541196165571062,0.017931120865238827,0.017931120865238827,0.017931120865238827,0.017931120865238827,0.017931120865238827,0.017931120865238827
2013-07-23,-0.0001149413020601284,-0.00035392254773150897,-0.0005929037934028897,-0.00035392254773150897,-0.0005929037934028897,-0.0001149413020601284,-0.0001149413020601284,-0.0001149413020601284,-0.0001149413020601284,-0.0001149413020601284,-0.0001149413020601284
2013-07-24,-0.015787470939101184,-0.015160736968388698,-0.014534002997676211,-0.015160736968388698,-0.014534002997676211,-0.015787470939101184,-0.015787470939101184,-0.015787470939101184,-0.015787470939101184,-0.015787470939101184,-0.015787470939101184
2013-07-25,0.0032206183951604033,0.0032206183951604033,0.0032206183951604033,0.0032206183951604033,0.0032206183951604033,0.0032206183951604033,0.0032206183951604033,0.0032206183951604033,0.0032206183951604033,0.0032206183951604033,0.0032206183951604033
2013-07-26,0.006286220170099631,0.006163413201139489,0.0060406062321793465,0.006163413201139489,0.0060406062321793465,0.006286220170099631,0.006286220170099631,0.006286220170099631,0.006163413201139489,0.0060406062321793465,0.005794992294259062
2013-07-29,-0.011204843332163292,-0.010578726097850603,-0.009952608863537913,-0.010578726097850603,-0.009952608863537913,-0.011204843332163292,-0.011204843332163292,-0.011204843332163292,-0.011204843332163292,-0.011204843332163292,-0.011204843332163292
2013-07-30,-0.0014840870105161,-0.0014840870105161,-0.0014840870105161,-0.0014840870105161,-0.0014840870105161,-0.0014840870105161,-0.0014840870105161,-0.0014840870105161,-0.0014840870105161,-0.0014840870105161,-0.0014840870105161
2013-07-31,0.008159198492386803,0.007000266458557206,0.005841334424727609,0.007000266458557206,0.005841334424727609,0.008159198492386803,0.008159198492386803,0.008159198492386803,0.007000266458557206,0.005841334424727609,0.0035234703570684142
2013-08-01,0.012703915716695767,0.012703915716695767,0.012703915716695767,0.012703915716695767,0.012703915716695767,0.012703915716695767,0.012703915716695767,0.012703915716695767,0.012703915716695767,0.012703915716695767,0.012703915716695767
2013-08-02,0.0017872941253261195,0.0017872941253261195,0.0017872941253261195,0.0017872941253261195,0.0017872941253261195,0.0017872941253261195,0.0017872941253261195,0.0017872941253261195,0.0017872941253261195,0.0017872941253261195,0.0017872941253261195
2013-08-05,-0.0029099502441150117,-0.0029099502441150117,-0.0029099502441150117,-0.0029099502441150117,-0.0029099502441150117,-0.0029099502441150117,-0.0029099502441150117,-0.0029099502441150117,-0.0029099502441150117,-0.0029099502441150117,-0.0029099502441150117
2013-08-06,-0.013598314348965017,-0.013598314348965017,-0.013598314348965017,-0.013598314348965017,-0.013598314348965017,-0.013598314348965017,-0.013598314348965017,-0.013598314348965017,-0.013598314348965017,-0.013598314348965017,-0.013598314348965017
2013-08-07,-0.004813641202414267,-0.004813641202414267,-0.004813641202414267,-0.004813641202414267,-0.004813641202414267,-0.004813641202414267,-0.004813641202414267,-0.004813641202414267,-0.004813641202414267,-0.004813641202414267,-0.004813641202414267
2013-08-08,0.01281369012084733,0.01281369012084733,0.01281369012084733,0.01281369012084733,0.01281369012084733,0.01281369012084733,0.01281369012084733,0.01281369012084733,0.01281369012084733,0.01281369012084733,0.01281369012084733
2013-08-09,-0.0010447209306127113,-0.0010447209306127113,-0.0010447209306127113,-0.0010447209306127113,-0.0010447209306127113,-0.0010447209306127113,-0.0010447209306127113,-0.0010447209306127113,-0.0010447209306127113,-0.0010447209306127113,-0.0010447209306127113
2013-08-12,0.0024765205741882367,0.0024765205741882367,0.0024765205741882367,0.0024765205741882367,0.0024765205741882367,0.0024765205741882367,0.0024765205741882367,0.0024765205741882367,0.0024765205741882367,0.0024765205741882367,0.0024765205741882367
2013-08-13,-0.008443860536268994,-0.009155682010836969,-0.009867503485404943,-0.009155682010836969,-0.009867503485404943,-0.008443860536268994,-0.008443860536268994,-0.008443860536268994,-0.008443860536268994,-0.008443860536268994,-0.008443860536268994
2013-08-14,-0.0022078650506873144,-0.0014842843851101736,-0.0007607037195330323,-0.0014842843851101736,-0.0007607037195330323,-0.0022078650506873144,-0.0022078650506873144,-0.0022078650506873144,-0.0022078650506873144,-0.0022078650506873144,-0.0022078650506873144
2013-08-15,-0.024176931939836135,-0.020996410322775726,-0.017815888705715315,-0.020996410322775726,-0.017815888705715315,-0.024176931939836135,-0.024176931939836135,-0.024176931939836135,-0.024176931939836135,-0.024176931939836135,-0.024176931939836135
2013-08-16,0.002598905904573313,0.0014871084458265176,0.000375310987079723,0.0014871084458265176,0.000375310987079723,0.002598905904573313,0.002598905904573313,0.002598905904573313,0.002598905904573313,0.002598905904573313,0.002598905904573313
2013-08-19,-0.012509260068866823,-0.012509260068866823,-0.012509260068866823,-0.012509260068866823,-0.012509260068866823,-0.012509260068866823,-0.012509260068866823,-0.012509260068866823,-0.012509260068866823,-0.012509260068866823,-0.012509260068866823
2013-08-20,0.011407216352850403,0.011407216352850403,0.011407216352850403,0.011407216352850403,0.011407216352850403,0.011407216352850403,0.011407216352850403,0.011407216352850403,0.011407216352850403,0.011407216352850403,0.011407216352850403
2013-08-21,-0.012488283211256928,-0.012488283211256928,-0.012488283211256928,-0.012488283211256928,-0.012488283211256928,-0.012488283211256928,-0.012488283211256928,-0.012488283211256928,-0.012488283211256928,-0.012488283211256928,-0.012488283211256928
2013-08-22,0.01575179607798233,0.01575179607798233,0.01575179607798233,0.01575179607798233,0.01575179607798233,0.01575179607798233,0.01575179607798233,0.01575179607798233,0.01575179607798233,0.01575179607798233,0.01575179607798233
2013-08-23,0.015404399043404066,0.015404399043404066,0.015404399043404066,0.015404399043404066,0.015404399043404066,0.015404399043404066,0.015404399043404066,0.015404399043404066,0.015404399043404066,0.015404399043404066,0.015404399043404066
2013-08-26,0.00043794233356572276,0.00043794233356572276,0.00043794233356572276,0.00043794233356572276,0.00043794233356572276,0.00043794233356572276,0.00043794233356572276,0.00043794233356572276,0.00043794233356572276,0.00043794233356572276,0.00043794233356572276
2013-08-27,-0.018806580734908353,-0.015623231148044979,-0.012439881561181601,-0.015623231148044979,-0.012439881561181601,-0.015623231148044979,-0.012439881561181601,-0.00607318238745485,-0.018806580734908353,-0.018806580734908353,-0.018806580734908353
2013-08-28,-0.004011838007744094,-0.004011838007744094,-0.004011838007744094,-0.004011838007744094,-0.004011838007744094,-0.004011838007744094,-0.004011838007744094,-0.004011838007744094,-0.004011838007744094,-0.004011838007744094,-0.004011838007744094
2013-08-29,0.005096438744977571,0.005792082938164536,0.006487727131351501,0.005792082938164536,0.006487727131351501,0.005792082938164536,0.006487727131351501,0.007879015517725432,0.005096438744977571,0.005096438744977571,0.005096438744977571
2013-08-30,-0.009817612704031252,-0.009404636896873746,-0.008991661089716243,-0.009404636896873746,-0.008991661089716243,-0.009404636896873746,-0.008991661089716243,-0.008165709475401236,-0.009817612704031252,-0.009817612704031252,-0.009817612704031252
2013-09-03,0.017212971391032922,0.015213513810142947,0.013214056229252976,0.015213513810142947,0.013214056229252976,0.015213513810142947,0.013214056229252976,0.00921514106747303,0.017212971391032922,0.017212971391032922,0.017212971391032922
2013-09-04,0.006657679054874277,0.006500911547460255,0.006344144040046232,0.006500911547460255,0.006344144040046232,0.006500911547460255,0.006344144040046232,0.006030609025218189,0.006500911547460255,0.006344144040046232,0.006030609025218189
2013-09-05,-0.0012083698853487352,-0.002585987637159253,-0.00396360538896977,-0.002585987637159253,-0.00396360538896977,-0.002585987637159253,-0.00396360538896977,-0.006718840892590804,-0.0012083698853487352,-0.0012083698853487352,-0.0012083698853487352
2013-09-06,0.005004086644679286,0.005453853309110231,0.005903619973541177,0.005453853309110231,0.005903619973541177,0.005453853309110231,0.005903619973541177,0.006803153302403067,0.005004086644679286,0.005004086644679286,0.005004086644679286
2013-09-09,0.021918758749671453,0.019776595221165684,0.017634431692659915,0.019776595221165684,0.017634431692659915,0.019776595221165684,0.017634431692659915,0.013350104635648369,0.021918758749671453,0.021918758749671453,0.021918758749671453
2013-09-10,0.006667105970249255,0.005071613156454877,0.003476120342660499,0.005071613156454877,0.003476120342660499,0.005071613156454877,0.003476120342660499,0.0002851347150717428,0.006667105970249255,0.006667105970249255,0.006667105970249255
2013-09-11,0.007387682803260439,0.007387682803260439,0.007387682803260439,0.007387682803260439,0.007387682803260439,0.007387682803260439,0.007387682803260439,0.007387682803260439,0.007387682803260439,0.007387682803260439,0.007387682803260439
2013-09-12,-0.015471292013256201,-0.015471292013256201,-0.015471292013256201,-0.015471292013256201,-0.015471292013256201,-0.015471292013256201,-0.015471292013256201,-0.015471292013256201,-0.015471292013256201,-0.015471292013256201,-0.015471292013256201
2013-09-13,0.008840929220248655,0.007753694579086764,0.006666459937924872,0.007753694579086764,0.006666459937924872,0.007753694579086764,0.006666459937924872,0.004491990655601088,0.008840929220248655,0.008840929220248655,0.008840929220248655
2013-09-16,-0.0038055629012285408,-0.0038055629012285408,-0.0038055629012285408,-0.0038055629012285408,-0.0038055629012285408,-0.0038055629012285408,-0.0038055629012285408,-0.0038055629012285408,-0.0038055629012285408,-0.0038055629012285408,-0.0038055629012285408
2013-09-17,0.0094660973795832,0.0094660973795832,0.0094660973795832,0.0094660973795832,0.0094660973795832,0.0094660973795832,0.0094660973795832,0.0094660973795832,0.0094660973795832,0.0094660973795832,0.0094660973795832
2013-09-18,0.033579660032553596,0.033579660032553596,0.033579660032553596,0.033579660032553596,0.033579660032553596,0.033579660032553596,0.033579660032553596,0.033579660032553596,0.033579660032553596,0.033579660032553596,0.033579660032553596
2013-09-19,-0.005569317672866971,-0.005569317672866971,-0.005569317672866971,-0.005569317672866971,-0.005569317672866971,-0.005569317672866971,-0.005569317672866971,-0.005569317672866971,-0.005569317672866971,-0.005569317672866971,-0.005569317672866971
2013-09-20,-0.01635799957341967,-0.01524737507254902,-0.014136750571678371,-0.01524737507254902,-0.014136750571678371,-0.01635799957341967,-0.01635799957341967,-0.01635799957341967,-0.01635799957341967,-0.01635799957341967,-0.01635799957341967
2013-09-23,-0.002828425954542759,-0.002283345984480551,-0.0017382660144183426,-0.002283345984480551,-0.0017382660144183426,-0.002283345984480551,-0.0017382660144183426,-0.0006481060742939266,-0.002283345984480551,-0.0017382660144183426,-0.0006481060742939266
2013-09-24,0.005034685162062878,0.0049907598535573775,0.004946834545051877,0.0049907598535573775,0.004946834545051877,0.0049907598535573775,0.004946834545051877,0.004858983928040875,0.005034685162062878,0.005034685162062878,0.005034685162062878
2013-09-25,0.006040508163004852,0.0056384691693255745,0.005236430175646297,0.0056384691693255745,0.005236430175646297,0.0056384691693255745,0.005236430175646297,0.004432352188287743,0.006040508163004852,0.006040508163004852,0.006040508163004852
2013-09-26,-0.006535603446894164,-0.006535603446894164,-0.006535603446894164,-0.006535603446894164,-0.006535603446894164,-0.006535603446894164,-0.006535603446894164,-0.006535603446894164,-0.006535603446894164,-0.006535603446894164,-0.006535603446894164
2013-09-27,0.0054168653001418435,0.0054168653001418435,0.0054168653001418435,0.0054168653001418435,0.0054168653001418435,0.0054168653001418435,0.0054168653001418435,0.0054168653001418435,0.0054168653001418435,0.0054168653001418435,0.0054168653001418435
2013-09-30,-0.004867734581201045,-0.004867734581201045,-0.004867734581201045,-0.004867734581201045,-0.004867734581201045,-0.004867734581201045,-0.004867734581201045,-0.004867734581201045,-0.004867734581201045,-0.004867734581201045,-0.004867734581201045
2013-10-01,0.002731918420539331,0.002731918420539331,0.002731918420539331,0.002731918420539331,0.002731918420539331,0.002731918420539331,0.002731918420539331,0.002731918420539331,0.002731918420539331,0.002731918420539331,0.002731918420539331
2013-10-02,0.004567228087043288,0.004567228087043288,0.004567228087043288,0.004567228087043288,0.004567228087043288,0.004567228087043288,0.004567228087043288,0.004567228087043288,0.004567228087043288,0.004567228087043288,0.004567228087043288
2013-10-03,-0.012926716427776786,-0.012926716427776786,-0.012926716427776786,-0.012926716427776786,-0.012926716427776786,-0.012926716427776786,-0.012926716427776786,-0.012926716427776786,-0.012926716427776786,-0.012926716427776786,-0.012926716427776786
2013-10-04,0.009301615655870699,0.009301615655870699,0.009301615655870699,0.009301615655870699,0.009301615655870699,0.009301615655870699,0.009301615655870699,0.009301615655870699,0.009301615655870699,0.009301615655870699,0.009301615655870699
2013-10-07,-0.010209177326234827,-0.010209177326234827,-0.010209177326234827,-0.010209177326234827,-0.010209177326234827,-0.010209177326234827,-0.010209177326234827,-0.010209177326234827,-0.010209177326234827,-0.010209177326234827,-0.010209177326234827
2013-10-08,-0.01639534078046686,-0.01639534078046686,-0.01639534078046686,-0.01639534078046686,-0.01639534078046686,-0.01639534078046686,-0.01639534078046686,-0.01639534078046686,-0.01639534078046686,-0.01639534078046686,-0.01639534078046686
2013-10-09,-0.010516064804178219,-0.010516064804178219,-0.010516064804178219,-0.010516064804178219,-0.010516064804178219,-0.010516064804178219,-0.010516064804178219,-0.010516064804178219,-0.010516064804178219,-0.010516064804178219,-0.010516064804178219
2013-10-10,0.016075604782234437,0.016075604782234437,0.016075604782234437,0.016075604782234437,0.016075604782234437,0.016075604782234437,0.016075604782234437,0.016075604782234437,0.016075604782234437,0.016075604782234437,0.016075604782234437
2013-10-11,0.0009156455253704614,0.0009156455253704614,0.0009156455253704614,0.0009156455253704614,0.0009156455253704614,0.0009156455253704614,0.0009156455253704614,0.0009156455253704614,0.0009156455253704614,0.0009156455253704614,0.0009156455253704614
2013-10-14,-0.0010219442946362931,-0.0010219442946362931,-0.0010219442946362931,-0.0010219442946362931,-0.0010219442946362931,-0.0010219442946362931,-0.0010219442946362931,-0.0010219442946362931,-0.0010219442946362931,-0.0010219442946362931,-0.0010219442946362931
2013-10-15,-0.00408948514547652,-0.00408948514547652,-0.00408948514547652,-0.00408948514547652,-0.00408948514547652,-0.00408948514547652,-0.00408948514547652,-0.00408948514547652,-0.00408948514547652,-0.00408948514547652,-0.00408948514547652
2013-10-16,0.020089133332977863,0.020089133332977863,0.020089133332977863,0.020089133332977863,0.020089133332977863,0.020089133332977863,0.020089133332977863,0.020089133332977863,0.020089133332977863,0.020089133332977863,0.020089133332977863
2013-10-17,0.025001266918681847,0.025001266918681847,0.025001266918681847,0.025001266918681847,0.025001266918681847,0.025001266918681847,0.025001266918681847,0.025001266918681847,0.025001266918681847,0.025001266918681847,0.025001266918681847
2013-10-18,0.005598054600941295,0.005598054600941295,0.005598054600941295,0.005598054600941295,0.005598054600941295,0.005598054600941295,0.005598054600941295,0.005598054600941295,0.005598054600941295,0.005598054600941295,0.005598054600941295
2013-10-21,-0.0034339602808980737,-0.0031053274914454973,-0.002776694701992921,-0.0031053274914454973,-0.002776694701992921,-0.0034339602808980737,-0.0034339602808980737,-0.0034339602808980737,-0.0034339602808980737,-0.0034339602808980737,-0.0034339602808980737
2013-10-22,0.019343661185024574,0.019343661185024574,0.019343661185024574,0.019343661185024574,0.019343661185024574,0.019343661185024574,0.019343661185024574,0.019343661185024574,0.019343661185024574,0.019343661185024574,0.019343661185024574
2013-10-23,-0.0026991009029983144,-0.002172500080000237,-0.0016458992570021595,-0.002172500080000237,-0.0016458992570021595,-0.0026991009029983144,-0.0026991009029983144,-0.0026991009029983144,-0.0026991009029983144,-0.0026991009029983144,-0.0026991009029983144
2013-10-24,0.006417261471771906,0.005387610735694117,0.004357959999616328,0.005387610735694117,0.004357959999616328,0.006417261471771906,0.006417261471771906,0.006417261471771906,0.006417261471771906,0.006417261471771906,0.006417261471771906
2013-10-25,0.007296858798923201,0.00707428506425999,0.0068517113295967795,0.00707428506425999,0.0068517113295967795,0.007296858798923201,0.007296858798923201,0.007296858798923201,0.007296858798923201,0.007296858798923201,0.007296858798923201
2013-10-28,-0.004538983328793533,-0.004538983328793533,-0.004538983328793533,-0.004538983328793533,-0.004538983328793533,-0.004538983328793533,-0.004538983328793533,-0.004538983328793533,-0.004538983328793533,-0.004538983328793533,-0.004538983328793533
2013-10-29,0.0010410239320678965,0.0010410239320678965,0.0010410239320678965,0.0010410239320678965,0.0010410239320678965,0.0010410239320678965,0.0010410239320678965,0.0010410239320678965,0.0010410239320678965,0.0010410239320678965,0.0010410239320678965
2013-10-30,-0.010060039776248617,-0.010060039776248617,-0.010060039776248617,-0.010060039776248617,-0.010060039776248617,-0.010060039776248617,-0.010060039776248617,-0.010060039776248617,-0.010060039776248617,-0.010060039776248617,-0.010060039776248617
2013-10-31,-0.0002020734597071313,-0.00043152442322659404,-0.0006609753867460567,-0.00043152442322659404,-0.0006609753867460567,-0.0002020734597071313,-0.0002020734597071313,-0.0002020734597071313,-0.0002020734597071313,-0.0002020734597071313,-0.0002020734597071313
2013-11-01,-0.001931292640988284,-0.001931292640988284,-0.001931292640988284,-0.001931292640988284,-0.001931292640988284,-0.001931292640988284,-0.001931292640988284,-0.001931292640988284,-0.001931292640988284,-0.001931292640988284,-0.001931292640988284
2013-11-04,0.006126085169542653,0.006126085169542653,0.006126085169542653,0.006126085169542653,0.006126085169542653,0.006126085169542653,0.006126085169542653,0.006126085169542653,0.006126085169542653,0.006126085169542653,0.006126085169542653
2013-11-05,-0.004854459104806439,-0.005092460469421502,-0.005330461834036564,-0.005092460469421502,-0.005330461834036564,-0.004854459104806439,-0.004854459104806439,-0.004854459104806439,-0.004854459104806439,-0.004854459104806439,-0.004854459104806439
2013-11-06,0.006008444966815795,0.006008444966815795,0.006008444966815795,0.006008444966815795,0.006008444966815795,0.006008444966815795,0.006008444966815795,0.006008444966815795,0.006008444966815795,0.006008444966815795,0.006008444966815795
2013-11-07,-0.020793208167251834,-0.020793208167251834,-0.020793208167251834,-0.020793208167251834,-0.020793208167251834,-0.020793208167251834,-0.020793208167251834,-0.020793208167251834,-0.020793208167251834,-0.020793208167251834,-0.020793208167251834
2013-11-08,-0.004574482458202262,-0.004574482458202262,-0.004574482458202262,-0.004574482458202262,-0.004574482458202262,-0.004574482458202262,-0.004574482458202262,-0.004574482458202262,-0.004574482458202262,-0.004574482458202262,-0.004574482458202262
2013-11-11,-0.003995487325174463,-0.003995487325174463,-0.003995487325174463,-0.003995487325174463,-0.003995487325174463,-0.003995487325174463,-0.003995487325174463,-0.003995487325174463,-0.003995487325174463,-0.003995487325174463,-0.003995487325174463
2013-11-12,-0.0025651408477230762,-0.0025651408477230762,-0.0025651408477230762,-0.0025651408477230762,-0.0025651408477230762,-0.0025651408477230762,-0.0025651408477230762,-0.0025651408477230762,-0.0025651408477230762,-0.0025651408477230762,-0.0025651408477230762
2013-11-13,0.011164267086437878,0.011164267086437878,0.011164267086437878,0.011164267086437878,0.011164267086437878,0.011164267086437878,0.011164267086437878,0.011164267086437878,0.011164267086437878,0.011164267086437878,0.011164267086437878
2013-11-14,0.013770351000030311,0.013770351000030311,0.013770351000030311,0.013770351000030311,0.013770351000030311,0.013770351000030311,0.013770351000030311,0.013770351000030311,0.013770351000030311,0.013770351000030311,0.013770351000030311
2013-11-15,0.008037886695375179,0.007161925175837434,0.00628596365629969,0.008037886695375179,0.008037886695375179,0.008037886695375179,0.008037886695375179,0.008037886695375179,0.008037886695375179,0.008037886695375179,0.008037886695375179
2013-11-18,-0.004121993064337606,-0.0040260324380362285,-0.003930071811734852,-0.004121993064337606,-0.004121993064337606,-0.004121993064337606,-0.004121993064337606,-0.004121993064337606,-0.004121993064337606,-0.004121993064337606,-0.004121993064337606
2013-11-19,-0.010096481274452767,-0.00929349950331643,-0.008490517732180096,-0.010096481274452767,-0.010096481274452767,-0.010096481274452767,-0.010096481274452767,-0.010096481274452767,-0.010096481274452767,-0.010096481274452767,-0.010096481274452767
2013-11-20,-0.025856625795548073,-0.025856625795548073,-0.025856625795548073,-0.025856625795548073,-0.025856625795548073,-0.025856625795548073,-0.025856625795548073,-0.025856625795548073,-0.025856625795548073,-0.025856625795548073,-0.025856625795548073
2013-11-21,0.016511739646780696,0.014104179871250481,0.011696620095720265,0.016511739646780696,0.016511739646780696,0.016511739646780696,0.016511739646780696,0.016511739646780696,0.016511739646780696,0.016511739646780696,0.016511739646780696
2013-11-22,0.011103829729725186,0.011103829729725186,0.011103829729725186,0.011103829729725186,0.011103829729725186,0.011103829729725186,0.011103829729725186,0.011103829729725186,0.011103829729725186,0.011103829729725186,0.011103829729725186
2013-11-25,0.004335449944478868,0.004335449944478868,0.004335449944478868,0.004335449944478868,0.004335449944478868,0.004335449944478868,0.004335449944478868,0.004335449944478868,0.004335449944478868,0.004335449944478868,0.004335449944478868
2013-11-26,0.0009533611362536262,0.0009533611362536262,0.0009533611362536262,0.0009533611362536262,0.0009533611362536262,0.0009533611362536262,0.0009533611362536262,0.0009533611362536262,0.0009533611362536262,0.0009533611362536262,0.0009533611362536262
2013-11-27,-0.0033226252061014892,-0.0033226252061014892,-0.0033226252061014892,-0.0033226252061014892,-0.0033226252061014892,-0.0033226252061014892,-0.0033226252061014892,-0.0033226252061014892,-0.0033226252061014892,-0.0033226252061014892,-0.0033226252061014892
2013-11-29,0.0042963141456382236,0.0042963141456382236,0.0042963141456382236,0.0042963141456382236,0.0042963141456382236,0.0042963141456382236,0.0042963141456382236,0.0042963141456382236,0.0042963141456382236,0.0042963141456382236,0.0042963141456382236
2013-12-02,-0.015431550514723657,-0.015431550514723657,-0.015431550514723657,-0.015431550514723657,-0.015431550514723657,-0.015431550514723657,-0.015431550514723657,-0.015431550514723657,-0.015431550514723657,-0.015431550514723657,-0.015431550514723657
2013-12-03,-0.002870150585442585,-0.002870150585442585,-0.002870150585442585,-0.002870150585442585,-0.002870150585442585,-0.002870150585442585,-0.002870150585442585,-0.002870150585442585,-0.002870150585442585,-0.002870150585442585,-0.002870150585442585
2013-12-04,0.0020860181833049886,0.0020860181833049886,0.0020860181833049886,0.0020860181833049886,0.0020860181833049886,0.0020860181833049886,0.0020860181833049886,0.0020860181833049886,0.0020860181833049886,0.0020860181833049886,0.0020860181833049886
2013-12-05,-0.010330626556413484,-0.010330626556413484,-0.010330626556413484,-0.010330626556413484,-0.010330626556413484,-0.010330626556413484,-0.010330626556413484,-0.010330626556413484,-0.010330626556413484,-0.010330626556413484,-0.010330626556413484
2013-12-06,0.016276525238930764,0.016276525238930764,0.016276525238930764,0.016276525238930764,0.016276525238930764,0.016276525238930764,0.016276525238930764,0.016276525238930764,0.016276525238930764,0.016276525238930764,0.016276525238930764
2013-12-09,0.0069018190171665555,0.0069018190171665555,0.0069018190171665555,0.0069018190171665555,0.0069018190171665555,0.0069018190171665555,0.0069018190171665555,0.0069018190171665555,0.0069018190171665555,0.0069018190171665555,0.0069018190171665555
2013-12-10,0.010148380997755505,0.010148380997755505,0.010148380997755505,0.010148380997755505,0.010148380997755505,0.010148380997755505,0.010148380997755505,0.010148380997755505,0.010148380997755505,0.010148380997755505,0.010148380997755505
2013-12-11,-0.0192256972522614,-0.0192256972522614,-0.0192256972522614,-0.0192256972522614,-0.0192256972522614,-0.0192256972522614,-0.0192256972522614,-0.0192256972522614,-0.0192256972522614,-0.0192256972522614,-0.0192256972522614
2013-12-12,-0.013452454945916924,-0.013452454945916924,-0.013452454945916924,-0.013452454945916924,-0.013452454945916924,-0.013452454945916924,-0.013452454945916924,-0.013452454945916924,-0.013452454945916924,-0.013452454945916924,-0.013452454945916924
2013-12-13,0.007987142482951284,0.007987142482951284,0.007987142482951284,0.007987142482951284,0.007987142482951284,0.007987142482951284,0.007987142482951284,0.007987142482951284,0.007987142482951284,0.007987142482951284,0.007987142482951284
2013-12-16,0.003921641040954218,0.003921641040954218,0.003921641040954218,0.003921641040954218,0.003921641040954218,0.003921641040954218,0.003921641040954218,0.003921641040954218,0.003921641040954218,0.003921641040954218,0.003921641040954218
2013-12-17,-0.0026191530107530156,-0.0026191530107530156,-0.0026191530107530156,-0.0026191530107530156,-0.0026191530107530156,-0.0026191530107530156,-0.0026191530107530156,-0.0026191530107530156,-0.0026191530107530156,-0.0026191530107530156,-0.0026191530107530156
2013-12-18,0.005611150179852339,0.005611150179852339,0.005611150179852339,0.005611150179852339,0.005611150179852339,0.005611150179852339,0.005611150179852339,0.005611150179852339,0.005611150179852339,0.005611150179852339,0.005611150179852339
2013-12-19,-0.012965756563803695,-0.012965756563803695,-0.012965756563803695,-0.012965756563803695,-0.012965756563803695,-0.012965756563803695,-0.012965756563803695,-0.012965756563803695,-0.012965756563803695,-0.012965756563803695,-0.012965756563803695
2013-12-20,0.022134002929244445,0.022134002929244445,0.022134002929244445,0.022134002929244445,0.022134002929244445,0.022134002929244445,0.022134002929244445,0.022134002929244445,0.022134002929244445,0.022134002929244445,0.022134002929244445
2013-12-23,-0.0010165138554930632,-0.0010165138554930632,-0.0010165138554930632,-0.0010165138554930632,-0.0010165138554930632,-0.0010165138554930632,-0.0010165138554930632,-0.0010165138554930632,-0.0010165138554930632,-0.0010165138554930632,-0.0010165138554930632
2013-12-24,-0.004498833031913629,-0.004498833031913629,-0.004498833031913629,-0.004498833031913629,-0.004498833031913629,-0.004498833031913629,-0.004498833031913629,-0.004498833031913629,-0.004498833031913629,-0.004498833031913629,-0.004498833031913629
2013-12-26,-9.122784473435716e-06,-9.122784473435716e-06,-9.122784473435716e-06,-9.122784473435716e-06,-9.122784473435716e-06,-9.122784473435716e-06,-9.122784473435716e-06,-9.122784473435716e-06,-9.122784473435716e-06,-9.122784473435716e-06,-9.122784473435716e-06
2013-12-27,-0.0025518313012510107,-0.0025518313012510107,-0.0025518313012510107,-0.0025518313012510107,-0.0025518313012510107,-0.0025518313012510107,-0.0025518313012510107,-0.0025518313012510107,-0.0025518313012510107,-0.0025518313012510107,-0.0025518313012510107
2013-12-30,0.0044163654066820554,0.0044163654066820554,0.0044163654066820554,0.0044163654066820554,0.0044163654066820554,0.0044163654066820554,0.0044163654066820554,0.0044163654066820554,0.0044163654066820554,0.0044163654066820554,0.0044163654066820554
2013-12-31,-0.0066317738079734265,-0.0066317738079734265,-0.0066317738079734265,-0.0066317738079734265,-0.0066317738079734265,-0.0066317738079734265,-0.0066317738079734265,-0.0066317738079734265,-0.0066317738079734265,-0.0066317738079734265,-0.0066317738079734265
2014-01-02,-0.004042106197623759,-0.004042106197623759,-0.004042106197623759,-0.004042106197623759,-0.004042106197623759,-0.004042106197623759,-0.004042106197623759,-0.004042106197623759,-0.004042106197623759,-0.004042106197623759,-0.004042106197623759
2014-01-03,0.004847541272090783,0.004847541272090783,0.004847541272090783,0.004847541272090783,0.004847541272090783,0.004847541272090783,0.004847541272090783,0.004847541272090783,0.004847541272090783,0.004847541272090783,0.004847541272090783
2014-01-06,-0.002025027928207971,-0.002025027928207971,-0.002025027928207971,-0.002025027928207971,-0.002025027928207971,-0.002025027928207971,-0.002025027928207971,-0.002025027928207971,-0.002025027928207971,-0.002025027928207971,-0.002025027928207971
2014-01-07,0.006461815352437753,0.006461815352437753,0.006461815352437753,0.006461815352437753,0.006461815352437753,0.006461815352437753,0.006461815352437753,0.006461815352437753,0.006461815352437753,0.006461815352437753,0.006461815352437753
2014-01-08,-0.0021524115666841466,-0.0021524115666841466,-0.0021524115666841466,-0.0021524115666841466,-0.0021524115666841466,-0.0021524115666841466,-0.0021524115666841466,-0.0021524115666841466,-0.0021524115666841466,-0.0021524115666841466,-0.0021524115666841466
2014-01-09,0.004967329031280765,0.004967329031280765,0.004967329031280765,0.004967329031280765,0.004967329031280765,0.004967329031280765,0.004967329031280765,0.004967329031280765,0.004967329031280765,0.004967329031280765,0.004967329031280765
2014-01-10,0.009183695930547745,0.009183695930547745,0.009183695930547745,0.009183695930547745,0.009183695930547745,0.009183695930547745,0.009183695930547745,0.009183695930547745,0.009183695930547745,0.009183695930547745,0.009183695930547745
2014-01-13,0.0048198191923157566,0.0048198191923157566,0.0048198191923157566,0.0048198191923157566,0.0048198191923157566,0.0048198191923157566,0.0048198191923157566,0.0048198191923157566,0.0048198191923157566,0.0048198191923157566,0.0048198191923157566
2014-01-14,-0.008707510758282584,-0.008707510758282584,-0.008707510758282584,-0.008707510758282584,-0.008707510758282584,-0.008707510758282584,-0.008707510758282584,-0.008707510758282584,-0.008707510758282584,-0.008707510758282584,-0.008707510758282584
2014-01-15,0.003579156118880944,0.003579156118880944,0.003579156118880944,0.003579156118880944,0.003579156118880944,0.003579156118880944,0.003579156118880944,0.003579156118880944,0.003579156118880944,0.003579156118880944,0.003579156118880944
2014-01-16,0.0025795949043705994,0.0025795949043705994,0.0025795949043705994,0.0025795949043705994,0.0025795949043705994,0.0025795949043705994,0.0025795949043705994,0.0025795949043705994,0.0025795949043705994,0.0025795949043705994,0.0025795949043705994
2014-01-17,0.0029580729039847585,0.0029580729039847585,0.0029580729039847585,0.0029580729039847585,0.0029580729039847585,0.0029580729039847585,0.0029580729039847585,0.0029580729039847585,0.0029580729039847585,0.0029580729039847585,0.0029580729039847585
2014-01-21,-0.003993119049314509,-0.003993119049314509,-0.003993119049314509,-0.003993119049314509,-0.003993119049314509,-0.003993119049314509,-0.003993119049314509,-0.003993119049314509,-0.003993119049314509,-0.003993119049314509,-0.003993119049314509
2014-01-22,-0.005324896890962581,-0.005324896890962581,-0.005324896890962581,-0.005324896890962581,-0.005324896890962581,-0.005324896890962581,-0.005324896890962581,-0.005324896890962581,-0.005324896890962581,-0.005324896890962581,-0.005324896890962581
2014-01-23,0.016909642471401545,0.016909642471401545,0.016909642471401545,0.016909642471401545,0.016909642471401545,0.016909642471401545,0.016909642471401545,0.016909642471401545,0.016909642471401545,0.016909642471401545,0.016909642471401545
2014-01-24,0.01210855411277591,0.01210855411277591,0.01210855411277591,0.01210855411277591,0.01210855411277591,0.01210855411277591,0.01210855411277591,0.01210855411277591,0.01210855411277591,0.01210855411277591,0.01210855411277591
2014-01-27,-0.009720379357581547,-0.009720379357581547,-0.009720379357581547,-0.009720379357581547,-0.009720379357581547,-0.009720379357581547,-0.009720379357581547,-0.009720379357581547,-0.009720379357581547,-0.009720379357581547,-0.009720379357581547
2014-01-28,-0.0003252329758604002,-0.0003252329758604002,-0.0003252329758604002,-0.0003252329758604002,-0.0003252329758604002,-0.0003252329758604002,-0.0003252329758604002,-0.0003252329758604002,-0.0003252329758604002,-0.0003252329758604002,-0.0003252329758604002
2014-01-29,0.013251860798983607,0.013251860798983607,0.013251860798983607,0.013251860798983607,0.013251860798983607,0.013251860798983607,0.013251860798983607,0.013251860798983607,0.013251860798983607,0.013251860798983607,0.013251860798983607
2014-01-30,0.0034370115564625646,0.0034370115564625646,0.0034370115564625646,0.0034370115564625646,0.0034370115564625646,0.0034370115564625646,0.0034370115564625646,0.0034370115564625646,0.0034370115564625646,0.0034370115564625646,0.0034370115564625646
2014-01-31,-0.0007025110544842132,-0.0007025110544842132,-0.0007025110544842132,-0.0007025110544842132,-0.0007025110544842132,-0.0007025110544842132,-0.0007025110544842132,-0.0007025110544842132,-0.0007025110544842132,-0.0007025110544842132,-0.0007025110544842132
2014-02-03,-0.015188980930780329,-0.015188980930780329,-0.015188980930780329,-0.015188980930780329,-0.015188980930780329,-0.015188980930780329,-0.015188980930780329,-0.015188980930780329,-0.015188980930780329,-0.015188980930780329,-0.015188980930780329
2014-02-04,0.0047517497996379795,0.0047517497996379795,0.0047517497996379795,0.0047517497996379795,0.0047517497996379795,0.0047517497996379795,0.0047517497996379795,0.0047517497996379795,0.0047517497996379795,0.0047517497996379795,0.0047517497996379795
2014-02-05,-0.0008768824380205803,-0.0008768824380205803,-0.0008768824380205803,-0.0008768824380205803,-0.0008768824380205803,-0.0008768824380205803,-0.0008768824380205803,-0.0008768824380205803,-0.0008768824380205803,-0.0008768824380205803,-0.0008768824380205803
2014-02-06,0.009254183606546174,0.009254183606546174,0.009254183606546174,0.009254183606546174,0.009254183606546174,0.009254183606546174,0.009254183606546174,0.009254183606546174,0.009254183606546174,0.009254183606546174,0.009254183606546174
2014-02-07,0.015732363168439373,0.015732363168439373,0.015732363168439373,0.015732363168439373,0.015732363168439373,0.015732363168439373,0.015732363168439373,0.015732363168439373,0.015732363168439373,0.015732363168439373,0.015732363168439373
2014-02-10,0.006021568992661307,0.006021568992661307,0.006021568992661307,0.006021568992661307,0.006021568992661307,0.006021568992661307,0.006021568992661307,0.006021568992661307,0.006021568992661307,0.006021568992661307,0.006021568992661307
2014-02-11,0.009773952825162292,0.009773952825162292,0.009773952825162292,0.009773952825162292,0.009773952825162292,0.009773952825162292,0.009773952825162292,0.009773952825162292,0.009773952825162292,0.009773952825162292,0.009773952825162292
2014-02-12,-0.002517125498121842,-0.002517125498121842,-0.002517125498121842,-0.002517125498121842,-0.002517125498121842,-0.002517125498121842,-0.002517125498121842,-0.002517125498121842,-0.002517125498121842,-0.002517125498121842,-0.002517125498121842
2014-02-13,0.012853372767156621,0.012853372767156621,0.012853372767156621,0.012853372767156621,0.012853372767156621,0.012853372767156621,0.012853372767156621,0.012853372767156621,0.012853372767156621,0.012853372767156621,0.012853372767156621
2014-02-14,0.010497555838643254,0.010497555838643254,0.010497555838643254,0.010497555838643254,0.010497555838643254,0.010497555838643254,0.010497555838643254,0.010497555838643254,0.010497555838643254,0.010497555838643254,0.010497555838643254
2014-02-18,0.004682474404778752,0.004682474404778752,0.004682474404778752,0.004682474404778752,0.004682474404778752,0.004682474404778752,0.004682474404778752,0.004682474404778752,0.004682474404778752,0.004682474404778752,0.004682474404778752
2014-02-19,-0.028119369270604662,-0.028119369270604662,-0.028119369270604662,-0.028119369270604662,-0.028119369270604662,-0.028119369270604662,-0.028119369270604662,-0.028119369270604662,-0.028119369270604662,-0.028119369270604662,-0.028119369270604662
2014-02-20,0.0078024960809104215,0.0078024960809104215,0.0078024960809104215,0.0078024960809104215,0.0078024960809104215,0.0078024960809104215,0.0078024960809104215,0.0078024960809104215,0.0078024960809104215,0.0078024960809104215,0.0078024960809104215
2014-02-21,0.003203364543553785,0.003203364543553785,0.003203364543553785,0.003203364543553785,0.003203364543553785,0.003203364543553785,0.003203364543553785,0.003203364543553785,0.003203364543553785,0.003203364543553785,0.003203364543553785
2014-02-24,0.0073124104659676135,0.0073124104659676135,0.0073124104659676135,0.0073124104659676135,0.0073124104659676135,0.0073124104659676135,0.0073124104659676135,0.0073124104659676135,0.0073124104659676135,0.0073124104659676135,0.0073124104659676135
2014-02-25,0.006974160355002452,0.006974160355002452,0.006974160355002452,0.006974160355002452,0.006974160355002452,0.006974160355002452,0.006974160355002452,0.006974160355002452,0.006974160355002452,0.006974160355002452,0.006974160355002452
2014-02-26,0.0007844764920945234,0.0007844764920945234,0.0007844764920945234,0.0007844764920945234,0.0007844764920945234,0.0007844764920945234,0.0007844764920945234,0.0007844764920945234,0.0007844764920945234,0.0007844764920945234,0.0007844764920945234
2014-02-27,0.007160431018546167,0.007160431018546167,0.007160431018546167,0.007160431018546167,0.007160431018546167,0.007160431018546167,0.007160431018546167,0.007160431018546167,0.007160431018546167,0.007160431018546167,0.007160431018546167
2014-02-28,-0.0009593093145231526,-0.0009593093145231526,-0.0009593093145231526,-0.0009593093145231526,-0.0009593093145231526,-0.0009593093145231526,-0.0009593093145231526,-0.0009593093145231526,-0.0009593093145231526,-0.0009593093145231526,-0.0009593093145231526
2014-03-03,-0.012748851363711528,-0.012748851363711528,-0.012748851363711528,-0.012748851363711528,-0.012748851363711528,-0.012748851363711528,-0.012748851363711528,-0.012748851363711528,-0.012748851363711528,-0.012748851363711528,-0.012748851363711528
2014-03-04,0.023627181368567153,0.023627181368567153,0.023627181368567153,0.023627181368567153,0.023627181368567153,0.023627181368567153,0.023627181368567153,0.023627181368567153,0.023627181368567153,0.023627181368567153,0.023627181368567153
2014-03-05,0.0016451605193611406,0.0016451605193611406,0.0016451605193611406,0.0016451605193611406,0.0016451605193611406,0.0016451605193611406,0.0016451605193611406,0.0016451605193611406,0.0016451605193611406,0.0016451605193611406,0.0016451605193611406
2014-03-06,0.005530422197029276,0.005530422197029276,0.005530422197029276,0.005530422197029276,0.005530422197029276,0.005530422197029276,0.005530422197029276,0.005530422197029276,0.005530422197029276,0.005530422197029276,0.005530422197029276
2014-03-07,-0.011607045174477764,-0.011607045174477764,-0.011607045174477764,-0.011607045174477764,-0.011607045174477764,-0.011607045174477764,-0.011607045174477764,-0.011607045174477764,-0.011607045174477764,-0.011607045174477764,-0.011607045174477764
2014-03-10,0.0012947523019210996,0.0012947523019210996,0.0012947523019210996,0.0012947523019210996,0.0012947523019210996,0.0012947523019210996,0.0012947523019210996,0.0012947523019210996,0.0012947523019210996,0.0012947523019210996,0.0012947523019210996
2014-03-11,-0.0025980096137756307,-0.0025980096137756307,-0.0025980096137756307,-0.0025980096137756307,-0.0025980096137756307,-0.0025980096137756307,-0.0025980096137756307,-0.0025980096137756307,-0.0016740216518606812,-0.000750033689945732,0.0010979422338841666
2014-03-12,0.012259825053472853,0.012259825053472853,0.012259825053472853,0.012259825053472853,0.012259825053472853,0.012259825053472853,0.012259825053472853,0.012259825053472853,0.012259825053472853,0.012259825053472853,0.012259825053472853
2014-03-13,0.004859574954153808,0.004859574954153808,0.004859574954153808,0.004859574954153808,0.004859574954153808,0.004859574954153808,0.004859574954153808,0.004859574954153808,0.004859574954153808,0.004859574954153808,0.004859574954153808
2014-03-14,-0.0045899290608383695,-0.0045899290608383695,-0.0045899290608383695,-0.0045899290608383695,-0.0045899290608383695,-0.0045899290608383695,-0.0045899290608383695,-0.0045899290608383695,-0.0045899290608383695,-0.0045899290608383695,-0.0045899290608383695
2014-03-17,0.005676797208187664,0.005676797208187664,0.005676797208187664,0.005676797208187664,0.005676797208187664,0.005676797208187664,0.005676797208187664,0.005676797208187664,0.005676797208187664,0.005676797208187664,0.005676797208187664
2014-03-18,0.004227177315562271,0.004227177315562271,0.004227177315562271,0.004227177315562271,0.004227177315562271,0.004227177315562271,0.004227177315562271,0.004227177315562271,0.004227177315562271,0.004227177315562271,0.004227177315562271
2014-03-19,-0.019912445888027788,-0.019912445888027788,-0.019912445888027788,-0.019912445888027788,-0.019912445888027788,-0.019912445888027788,-0.019912445888027788,-0.019912445888027788,-0.019912445888027788,-0.019912445888027788,-0.019912445888027788
2014-03-20,0.0025809510594621394,0.0025809510594621394,0.0025809510594621394,0.0025809510594621394,0.0025809510594621394,0.0025809510594621394,0.0025809510594621394,0.0025809510594621394,0.0025809510594621394,0.0025809510594621394,0.0025809510594621394
2014-03-21,0.008421212885107643,0.008421212885107643,0.008421212885107643,0.008421212885107643,0.008421212885107643,0.008421212885107643,0.008421212885107643,0.008421212885107643,0.008421212885107643,0.008421212885107643,0.008421212885107643
2014-03-24,-0.007652492610941845,-0.007652492610941845,-0.007652492610941845,-0.007652492610941845,-0.007652492610941845,-0.007652492610941845,-0.007652492610941845,-0.007652492610941845,-0.007652492610941845,-0.007652492610941845,-0.007652492610941845
2014-03-25,-0.0022851354392264844,-0.0022851354392264844,-0.0022851354392264844,-0.0022851354392264844,-0.0022851354392264844,-0.0022851354392264844,-0.0022851354392264844,-0.0022851354392264844,-0.0022851354392264844,-0.0022851354392264844,-0.0022851354392264844
2014-03-26,0.0017178555278317045,0.0017178555278317045,0.0017178555278317045,0.0017178555278317045,0.0017178555278317045,0.0017178555278317045,0.0017178555278317045,0.0017178555278317045,0.0017178555278317045,0.0017178555278317045,0.0017178555278317045
2014-03-27,0.0030256516365937333,0.0030256516365937333,0.0030256516365937333,0.0030256516365937333,0.0030256516365937333,0.0030256516365937333,0.0030256516365937333,0.0030256516365937333,0.0030256516365937333,0.0030256516365937333,0.0030256516365937333
2014-03-28,-0.003458348544862694,-0.003458348544862694,-0.003458348544862694,-0.003458348544862694,-0.003458348544862694,-0.003458348544862694,-0.003458348544862694,-0.003458348544862694,-0.003458348544862694,-0.003458348544862694,-0.003458348544862694
2014-03-31,-0.0004927335171251551,-0.0004927335171251551,-0.0004927335171251551,-0.0004927335171251551,-0.0004927335171251551,-0.0004927335171251551,-0.0004927335171251551,-0.0004927335171251551,-0.0004927335171251551,-0.0004927335171251551,-0.0004927335171251551
2014-04-01,0.0018936234549124153,0.0018936234549124153,0.0018936234549124153,0.0018936234549124153,0.0018936234549124153,0.0018936234549124153,0.0018936234549124153,0.0018936234549124153,0.0018936234549124153,0.0018936234549124153,0.0018936234549124153
2014-04-02,0.005414898168871302,0.005414898168871302,0.005414898168871302,0.005414898168871302,0.005414898168871302,0.005414898168871302,0.005414898168871302,0.005414898168871302,0.005414898168871302,0.005414898168871302,0.005414898168871302
2014-04-03,-0.002734391924239925,-0.002734391924239925,-0.002734391924239925,-0.002734391924239925,-0.002734391924239925,-0.002734391924239925,-0.002734391924239925,-0.002734391924239925,-0.002734391924239925,-0.002734391924239925,-0.002734391924239925
2014-04-04,-0.0003242347208200127,-0.0003242347208200127,-0.0003242347208200127,-0.0003242347208200127,-0.0003242347208200127,-0.0003242347208200127,-0.0003242347208200127,-0.0003242347208200127,-0.0003242347208200127,-0.0003242347208200127,-0.0003242347208200127
2014-04-07,-0.011393893888487551,-0.011393893888487551,-0.011393893888487551,-0.011393893888487551,-0.011393893888487551,-0.011393893888487551,-0.011393893888487551,-0.011393893888487551,-0.011393893888487551,-0.011393893888487551,-0.011393893888487551
2014-04-08,0.010074005147642458,0.010074005147642458,0.010074005147642458,0.010074005147642458,0.010074005147642458,0.010074005147642458,0.010074005147642458,0.010074005147642458,0.010074005147642458,0.010074005147642458,0.010074005147642458
2014-04-09,0.004996351355950833,0.004996351355950833,0.004996351355950833,0.004996351355950833,0.004996351355950833,0.004996351355950833,0.004996351355950833,0.004996351355950833,0.004996351355950833,0.004996351355950833,0.004996351355950833
2014-04-10,-0.00428877718168779,-0.00428877718168779,-0.00428877718168779,-0.00428877718168779,-0.00428877718168779,-0.00428877718168779,-0.00428877718168779,-0.00428877718168779,-0.00428877718168779,-0.00428877718168779,-0.00428877718168779
2014-04-11,-0.0003688938362317168,-0.0003688938362317168,-0.0003688938362317168,-0.0003688938362317168,-0.0003688938362317168,-0.0003688938362317168,-0.0003688938362317168,-0.0003688938362317168,-0.0003688938362317168,-0.0003688938362317168,-0.0003688938362317168
2014-04-14,0.006359292437604665,0.006359292437604665,0.006359292437604665,0.006359292437604665,0.006359292437604665,0.006359292437604665,0.006359292437604665,0.006359292437604665,0.006359292437604665,0.006359292437604665,0.006359292437604665
2014-04-15,-0.0010261129301185785,-0.0010261129301185785,-0.0010261129301185785,-0.0010261129301185785,-0.0010261129301185785,-0.0010261129301185785,-0.0010261129301185785,-0.0010261129301185785,-0.0010261129301185785,-0.0010261129301185785,-0.0010261129301185785
2014-04-16,0.008028287396049206,0.008028287396049206,0.008028287396049206,0.008028287396049206,0.008028287396049206,0.008028287396049206,0.008028287396049206,0.008028287396049206,0.008028287396049206,0.008028287396049206,0.008028287396049206
2014-04-17,-0.010838040293121291,-0.010838040293121291,-0.010838040293121291,-0.010838040293121291,-0.010838040293121291,-0.010838040293121291,-0.010838040293121291,-0.010838040293121291,-0.010838040293121291,-0.010838040293121291,-0.010838040293121291
2014-04-21,-0.0002479638481091692,-0.0002479638481091692,-0.0002479638481091692,-0.0002479638481091692,-0.0002479638481091692,-0.0002479638481091692,-0.0002479638481091692,-0.0002479638481091692,-0.0002479638481091692,-0.0002479638481091692,-0.0002479638481091692
2014-04-22,0.004048924165397653,0.004048924165397653,0.004048924165397653,0.004048924165397653,0.004048924165397653,0.004048924165397653,0.004048924165397653,0.004048924165397653,0.004048924165397653,0.004048924165397653,0.004048924165397653
2014-04-23,0.0026978338883125843,0.0026978338883125843,0.0026978338883125843,0.0026978338883125843,0.0026978338883125843,0.0026978338883125843,0.0026978338883125843,0.0026978338883125843,0.0026978338883125843,0.0026978338883125843,0.0026978338883125843
2014-04-24,0.006591983713671378,0.006591983713671378,0.006591983713671378,0.006591983713671378,0.006591983713671378,0.006591983713671378,0.006591983713671378,0.006591983713671378,0.006591983713671378,0.006591983713671378,0.006591983713671378
2014-04-25,0.0039246970387533065,0.0039246970387533065,0.0039246970387533065,0.0039246970387533065,0.0039246970387533065,0.0039246970387533065,0.0039246970387533065,0.0039246970387533065,0.0039246970387533065,0.0039246970387533065,0.0039246970387533065
2014-04-28,-0.0081405624239276,-0.0081405624239276,-0.0081405624239276,-0.0081405624239276,-0.0081405624239276,-0.0081405624239276,-0.0081405624239276,-0.0081405624239276,-0.0081405624239276,-0.0081405624239276,-0.0081405624239276
2014-04-29,0.0008349522186704839,0.0008349522186704839,0.0008349522186704839,0.0008349522186704839,0.0008349522186704839,0.0008349522186704839,0.0008349522186704839,0.0008349522186704839,0.0008349522186704839,0.0008349522186704839,0.0008349522186704839
2014-04-30,0.0039173083317377904,0.0039173083317377904,0.0039173083317377904,0.0039173083317377904,0.0039173083317377904,0.0039173083317377904,0.0039173083317377904,0.0039173083317377904,0.0039173083317377904,0.0039173083317377904,0.0039173083317377904
2014-05-01,-7.078450952282666e-06,-7.078450952282666e-06,-7.078450952282666e-06,-7.078450952282666e-06,-7.078450952282666e-06,-7.078450952282666e-06,-7.078450952282666e-06,-7.078450952282666e-06,-7.078450952282666e-06,-7.078450952282666e-06,-7.078450952282666e-06
2014-05-02,0.008446299466979714,0.008446299466979714,0.008446299466979714,0.008446299466979714,0.008446299466979714,0.008446299466979714,0.008446299466979714,0.008446299466979714,0.008446299466979714,0.008446299466979714,0.008446299466979714
2014-05-05,0.007034844332724078,0.007034844332724078,0.007034844332724078,0.007034844332724078,0.007034844332724078,0.007034844332724078,0.007034844332724078,0.007034844332724078,0.007034844332724078,0.007034844332724078,0.007034844332724078
2014-05-06,-0.007829177381184115,-0.007829177381184115,-0.007829177381184115,-0.007829177381184115,-0.007829177381184115,-0.007829177381184115,-0.007829177381184115,-0.007829177381184115,-0.007829177381184115,-0.007829177381184115,-0.007829177381184115
2014-05-07,-0.012723721518731222,-0.012723721518731222,-0.012723721518731222,-0.012723721518731222,-0.012723721518731222,-0.012723721518731222,-0.012723721518731222,-0.012723721518731222,-0.012723721518731222,-0.012723721518731222,-0.012723721518731222
2014-05-08,-0.0036401888729092197,-0.0036401888729092197,-0.0036401888729092197,-0.0036401888729092197,-0.0036401888729092197,-0.0036401888729092197,-0.0036401888729092197,-0.0036401888729092197,-0.0036401888729092197,-0.0036401888729092197,-0.0036401888729092197
2014-05-09,-0.0067891603905950795,-0.0067891603905950795,-0.0067891603905950795,-0.0067891603905950795,-0.0067891603905950795,-0.0067891603905950795,-0.0067891603905950795,-0.0067891603905950795,-0.0067891603905950795,-0.0067891603905950795,-0.0067891603905950795
2014-05-12,0.00013861951414460404,0.00013861951414460404,0.00013861951414460404,0.00013861951414460404,0.00013861951414460404,0.00013861951414460404,0.00013861951414460404,0.00013861951414460404,0.00013861951414460404,0.00013861951414460404,0.00013861951414460404
2014-05-13,0.004948634305624738,0.004948634305624738,0.004948634305624738,0.004948634305624738,0.004948634305624738,0.004948634305624738,0.004948634305624738,0.004948634305624738,0.004948634305624738,0.004948634305624738,0.004948634305624738
2014-05-14,0.007801499098351833,0.007801499098351833,0.007801499098351833,0.007801499098351833,0.007801499098351833,0.007801499098351833,0.007801499098351833,0.007801499098351833,0.007801499098351833,0.007801499098351833,0.007801499098351833
2014-05-15,-0.0017635383923265899,-0.0017635383923265899,-0.0017635383923265899,-0.0017635383923265899,-0.0017635383923265899,-0.0017635383923265899,-0.0017635383923265899,-0.0017635383923265899,-0.0017635383923265899,-0.0017635383923265899,-0.0017635383923265899
2014-05-16,-0.006014560158775801,-0.006014560158775801,-0.006014560158775801,-0.006014560158775801,-0.006014560158775801,-0.006014560158775801,-0.006014560158775801,-0.006014560158775801,-0.006014560158775801,-0.006014560158775801,-0.006014560158775801
2014-05-19,-0.004769310810229733,-0.004769310810229733,-0.004769310810229733,-0.004769310810229733,-0.004769310810229733,-0.004769310810229733,-0.004769310810229733,-0.004769310810229733,-0.004769310810229733,-0.004769310810229733,-0.004769310810229733
2014-05-20,-0.0045989112374994374,-0.0045989112374994374,-0.0045989112374994374,-0.0045989112374994374,-0.0045989112374994374,-0.0045989112374994374,-0.0045989112374994374,-0.0045989112374994374,-0.0045989112374994374,-0.0045989112374994374,-0.0045989112374994374
2014-05-21,-0.004455565215691836,-0.004455565215691836,-0.004455565215691836,-0.004455565215691836,-0.004455565215691836,-0.004455565215691836,-0.004455565215691836,-0.004455565215691836,-0.004455565215691836,-0.004455565215691836,-0.004455565215691836
2014-05-22,0.0021711280855514076,0.0021711280855514076,0.0021711280855514076,0.0021711280855514076,0.0021711280855514076,0.0021711280855514076,0.0021711280855514076,0.0021711280855514076,0.0021711280855514076,0.0021711280855514076,0.0021711280855514076
2014-05-23,0.001056809672816371,0.001056809672816371,0.001056809672816371,0.001056809672816371,0.001056809672816371,0.001056809672816371,0.001056809672816371,0.001056809672816371,0.001056809672816371,0.001056809672816371,0.001056809672816371
2014-05-27,-0.01967844378182499,-0.01967844378182499,-0.01967844378182499,-0.01967844378182499,-0.01967844378182499,-0.01967844378182499,-0.01967844378182499,-0.01967844378182499,-0.01967844378182499,-0.01967844378182499,-0.01967844378182499
2014-05-28,0.012774195203104627,0.012774195203104627,0.012774195203104627,0.012774195203104627,0.012774195203104627,0.012774195203104627,0.012774195203104627,0.012774195203104627,0.012774195203104627,0.012774195203104627,0.012774195203104627
2014-05-29,-0.0026268734317466524,-0.0026268734317466524,-0.0026268734317466524,-0.0026268734317466524,-0.0026268734317466524,-0.0026268734317466524,-0.0026268734317466524,-0.0026268734317466524,-0.0026268734317466524,-0.0026268734317466524,-0.0026268734317466524
2014-05-30,-0.0017408790828855488,-0.0017408790828855488,-0.0017408790828855488,-0.0017408790828855488,-0.0017408790828855488,-0.0017408790828855488,-0.0017408790828855488,-0.0017408790828855488,-0.0017408790828855488,-0.0017408790828855488,-0.0017408790828855488
2014-06-02,-0.002825306025265225,-0.002825306025265225,-0.002825306025265225,-0.002825306025265225,-0.002825306025265225,-0.002825306025265225,-0.002825306025265225,-0.002825306025265225,-0.002825306025265225,-0.002825306025265225,-0.002825306025265225
2014-06-03,-0.0034877784086542996,-0.0034877784086542996,-0.0034877784086542996,-0.0034877784086542996,-0.0034877784086542996,-0.0034877784086542996,-0.0034877784086542996,-0.0034877784086542996,-0.0034877784086542996,-0.0034877784086542996,-0.0034877784086542996
2014-06-04,0.003506098595277791,0.003506098595277791,0.003506098595277791,0.003506098595277791,0.003506098595277791,0.003506098595277791,0.003506098595277791,0.003506098595277791,0.003506098595277791,0.003506098595277791,0.003506098595277791
2014-06-05,0.013200698612017434,0.013200698612017434,0.013200698612017434,0.013200698612017434,0.013200698612017434,0.013200698612017434,0.013200698612017434,0.013200698612017434,0.013200698612017434,0.013200698612017434,0.013200698612017434
2014-06-06,0.00418297919753274,0.00418297919753274,0.00418297919753274,0.00418297919753274,0.00418297919753274,0.00418297919753274,0.00418297919753274,0.00418297919753274,0.00418297919753274,0.00418297919753274,0.00418297919753274
2014-06-09,0.0002368993864908149,0.0002368993864908149,0.0002368993864908149,0.0002368993864908149,0.0002368993864908149,0.0002368993864908149,0.0002368993864908149,0.0002368993864908149,0.0002368993864908149,0.0002368993864908149,0.0002368993864908149
2014-06-10,0.005099303092017031,0.005099303092017031,0.005099303092017031,0.005099303092017031,0.005099303092017031,0.005099303092017031,0.005099303092017031,0.005099303092017031,0.005099303092017031,0.005099303092017031,0.005099303092017031
2014-06-11,-0.0007978582000677332,-0.0007978582000677332,-0.0007978582000677332,-0.0007978582000677332,-0.0007978582000677332,-0.0007978582000677332,-0.0007978582000677332,-0.0007978582000677332,-0.0007978582000677332,-0.0007978582000677332,-0.0007978582000677332
2014-06-12,-0.004959294026726308,-0.004959294026726308,-0.004959294026726308,-0.004959294026726308,-0.004959294026726308,-0.004959294026726308,-0.004959294026726308,-0.004959294026726308,-0.004959294026726308,-0.004959294026726308,-0.004959294026726308
2014-06-13,0.003302873576795707,0.003302873576795707,0.003302873576795707,0.003302873576795707,0.003302873576795707,0.003302873576795707,0.003302873576795707,0.003302873576795707,0.003302873576795707,0.003302873576795707,0.003302873576795707
2014-06-16,-0.00028482455439398117,-0.00028482455439398117,-0.00028482455439398117,-0.00028482455439398117,-0.00028482455439398117,-0.00028482455439398117,-0.00028482455439398117,-0.00028482455439398117,-0.00028482455439398117,-0.00028482455439398117,-0.00028482455439398117
2014-06-17,-0.004102066977191112,-0.004102066977191112,-0.004102066977191112,-0.004102066977191112,-0.004102066977191112,-0.004102066977191112,-0.004102066977191112,-0.004102066977191112,-0.004102066977191112,-0.004102066977191112,-0.004102066977191112
2014-06-18,0.012344139728137894,0.012344139728137894,0.012344139728137894,0.012344139728137894,0.012344139728137894,0.012344139728137894,0.012344139728137894,0.012344139728137894,0.012344139728137894,0.012344139728137894,0.012344139728137894
2014-06-19,0.012023064891516735,0.012023064891516735,0.012023064891516735,0.012023064891516735,0.012023064891516735,0.012023064891516735,0.012023064891516735,0.012023064891516735,0.012023064891516735,0.012023064891516735,0.012023064891516735
2014-06-20,0.0009319835905058345,0.0009319835905058345,0.0009319835905058345,0.0009319835905058345,0.0009319835905058345,0.0009319835905058345,0.0009319835905058345,0.0009319835905058345,0.0009319835905058345,0.0009319835905058345,0.0009319835905058345
2014-06-23,0.00571722793938706,0.00571722793938706,0.00571722793938706,0.00571722793938706,0.00571722793938706,0.00571722793938706,0.00571722793938706,0.00571722793938706,0.00571722793938706,0.00571722793938706,0.00571722793938706
2014-06-24,-0.001931284634088603,-0.001931284634088603,-0.001931284634088603,-0.001931284634088603,-0.001931284634088603,-0.001931284634088603,-0.001931284634088603,-0.001931284634088603,-0.001931284634088603,-0.001931284634088603,-0.001931284634088603
2014-06-25,0.012461807700692697,0.012461807700692697,0.012461807700692697,0.012461807700692697,0.012461807700692697,0.012461807700692697,0.012461807700692697,0.012461807700692697,0.012461807700692697,0.012461807700692697,0.012461807700692697
2014-06-26,0.004490330673930845,0.004490330673930845,0.004490330673930845,0.004490330673930845,0.004490330673930845,0.004490330673930845,0.004490330673930845,0.004490330673930845,0.004490330673930845,0.004490330673930845,0.004490330673930845
2014-06-27,-0.002376539888831061,-0.002376539888831061,-0.002376539888831061,-0.002376539888831061,-0.002376539888831061,-0.002376539888831061,-0.002376539888831061,-0.002376539888831061,-0.002376539888831061,-0.002376539888831061,-0.002376539888831061
2014-06-30,0.0045805248970450805,0.0045805248970450805,0.0045805248970450805,0.0045805248970450805,0.0045805248970450805,0.0045805248970450805,0.0045805248970450805,0.0045805248970450805,0.0045805248970450805,0.0045805248970450805,0.0045805248970450805
2014-07-01,0.007047545796646712,0.007047545796646712,0.007047545796646712,0.007047545796646712,0.007047545796646712,0.007047545796646712,0.007047545796646712,0.007047545796646712,0.007047545796646712,0.007047545796646712,0.007047545796646712
2014-07-02,-0.0029685678330577878,-0.0029685678330577878,-0.0029685678330577878,-0.0029685678330577878,-0.0029685678330577878,-0.0029685678330577878,-0.0029685678330577878,-0.0029685678330577878,-0.0029685678330577878,-0.0029685678330577878,-0.0029685678330577878
2014-07-03,0.004303944994561109,0.004303944994561109,0.004303944994561109,0.004303944994561109,0.004303944994561109,0.004303944994561109,0.004303944994561109,0.004303944994561109,0.004303944994561109,0.004303944994561109,0.004303944994561109
2014-07-07,-0.006100531907060443,-0.006100531907060443,-0.006100531907060443,-0.006100531907060443,-0.006100531907060443,-0.006100531907060443,-0.006100531907060443,-0.006100531907060443,-0.006100531907060443,-0.006100531907060443,-0.006100531907060443
2014-07-08,-0.010676687636450983,-0.010676687636450983,-0.010676687636450983,-0.010676687636450983,-0.010676687636450983,-0.010676687636450983,-0.010676687636450983,-0.010676687636450983,-0.010676687636450983,-0.010676687636450983,-0.010676687636450983
2014-07-09,0.007896968060066288,0.007896968060066288,0.007896968060066288,0.007896968060066288,0.007896968060066288,0.007896968060066288,0.007896968060066288,0.007896968060066288,0.007896968060066288,0.007896968060066288,0.007896968060066288
2014-07-10,5.848620104211303e-05,5.848620104211303e-05,5.848620104211303e-05,5.848620104211303e-05,5.848620104211303e-05,5.848620104211303e-05,5.848620104211303e-05,5.848620104211303e-05,5.848620104211303e-05,5.848620104211303e-05,5.848620104211303e-05
2014-07-11,0.006119265035721672,0.006119265035721672,0.006119265035721672,0.006119265035721672,0.006119265035721672,0.006119265035721672,0.006119265035721672,0.006119265035721672,0.006119265035721672,0.006119265035721672,0.006119265035721672
2014-07-14,-0.016943332441553303,-0.016943332441553303,-0.016943332441553303,-0.016943332441553303,-0.016943332441553303,-0.016943332441553303,-0.016943332441553303,-0.016943332441553303,-0.016943332441553303,-0.016943332441553303,-0.016943332441553303
2014-07-15,-0.002842083876228414,-0.002842083876228414,-0.002842083876228414,-0.002842083876228414,-0.002842083876228414,-0.002842083876228414,-0.002842083876228414,-0.002842083876228414,-0.002842083876228414,-0.002842083876228414,-0.002842083876228414
2014-07-16,3.9938278251720055e-05,3.9938278251720055e-05,3.9938278251720055e-05,3.9938278251720055e-05,3.9938278251720055e-05,3.9938278251720055e-05,3.9938278251720055e-05,3.9938278251720055e-05,3.9938278251720055e-05,3.9938278251720055e-05,3.9938278251720055e-05
2014-07-17,0.031423796207118465,0.031423796207118465,0.031423796207118465,0.031423796207118465,0.031423796207118465,0.031423796207118465,0.031423796207118465,0.031423796207118465,0.031423796207118465,0.031423796207118465,0.031423796207118465
2014-07-18,-0.014820830311124356,-0.014820830311124356,-0.014820830311124356,-0.014820830311124356,-0.014820830311124356,-0.014820830311124356,-0.014820830311124356,-0.014820830311124356,-0.014820830311124356,-0.014820830311124356,-0.014820830311124356
2014-07-21,0.007875740219644127,0.007875740219644127,0.007875740219644127,0.007875740219644127,0.007875740219644127,0.007875740219644127,0.007875740219644127,0.007875740219644127,0.007875740219644127,0.007875740219644127,0.007875740219644127
2014-07-22,-0.0021680425192394178,-0.0021680425192394178,-0.0021680425192394178,-0.0021680425192394178,-0.0021680425192394178,-0.0021680425192394178,-0.0021680425192394178,-0.0021680425192394178,-0.0021680425192394178,-0.0021680425192394178,-0.0021680425192394178
2014-07-23,0.0026540100479057085,0.0026540100479057085,0.0026540100479057085,0.0026540100479057085,0.0026540100479057085,0.0026540100479057085,0.0026540100479057085,0.0026540100479057085,0.0026540100479057085,0.0026540100479057085,0.0026540100479057085
2014-07-24,-0.013877618503117988,-0.013877618503117988,-0.013877618503117988,-0.013877618503117988,-0.013877618503117988,-0.013877618503117988,-0.013877618503117988,-0.013877618503117988,-0.013877618503117988,-0.013877618503117988,-0.013877618503117988
2014-07-25,0.023609331853915515,0.023609331853915515,0.023609331853915515,0.023609331853915515,0.023609331853915515,0.023609331853915515,0.023609331853915515,0.023609331853915515,0.023609331853915515,0.023609331853915515,0.023609331853915515
2014-07-28,-0.003288967674517873,-0.003288967674517873,-0.003288967674517873,-0.003288967674517873,-0.003288967674517873,-0.003288967674517873,-0.003288967674517873,-0.003288967674517873,-0.003288967674517873,-0.003288967674517873,-0.003288967674517873
2014-07-29,-0.0011068872961893998,-0.0011068872961893998,-0.0011068872961893998,-0.0011068872961893998,-0.0011068872961893998,-0.0011068872961893998,-0.0011068872961893998,-0.0011068872961893998,-0.0011068872961893998,-0.0011068872961893998,-0.0011068872961893998
2014-07-30,-0.008305302003686149,-0.008305302003686149,-0.008305302003686149,-0.008305302003686149,-0.008305302003686149,-0.008305302003686149,-0.008305302003686149,-0.008305302003686149,-0.008305302003686149,-0.008305302003686149,-0.008305302003686149
2014-07-31,-0.0037874370648289866,-0.0037874370648289866,-0.0037874370648289866,-0.0037874370648289866,-0.0037874370648289866,-0.0037874370648289866,-0.0037874370648289866,-0.0037874370648289866,-0.0037874370648289866,-0.0037874370648289866,-0.0037874370648289866
2014-08-01,0.01871112131997897,0.01871112131997897,0.01871112131997897,0.01871112131997897,0.01871112131997897,0.01871112131997897,0.01871112131997897,0.01871112131997897,0.01871112131997897,0.01871112131997897,0.01871112131997897
2014-08-04,-0.010266142363170345,-0.010266142363170345,-0.010266142363170345,-0.010266142363170345,-0.010266142363170345,-0.010266142363170345,-0.010266142363170345,-0.010266142363170345,-0.010266142363170345,-0.010266142363170345,-0.010266142363170345
2014-08-05,0.012969376119962317,0.012969376119962317,0.012969376119962317,0.012969376119962317,0.012969376119962317,0.012969376119962317,0.012969376119962317,0.012969376119962317,0.012969376119962317,0.012969376119962317,0.012969376119962317
2014-08-06,0.01024865094301719,0.01024865094301719,0.01024865094301719,0.01024865094301719,0.01024865094301719,0.01024865094301719,0.01024865094301719,0.01024865094301719,0.01024865094301719,0.01024865094301719,0.01024865094301719
2014-08-07,0.00026526331082080335,0.00026526331082080335,0.00026526331082080335,0.00026526331082080335,0.00026526331082080335,0.00026526331082080335,0.00026526331082080335,0.00026526331082080335,0.00026526331082080335,0.00026526331082080335,0.00026526331082080335
2014-08-08,0.007395912727888542,0.007395912727888542,0.007395912727888542,0.007395912727888542,0.007395912727888542,0.007395912727888542,0.007395912727888542,0.007395912727888542,0.007395912727888542,0.007395912727888542,0.007395912727888542
2014-08-11,0.0017539763964485584,0.0017539763964485584,0.0017539763964485584,0.0017539763964485584,0.0017539763964485584,0.0017539763964485584,0.0017539763964485584,0.0017539763964485584,0.0017539763964485584,0.0017539763964485584,0.0017539763964485584
2014-08-12,-0.00548422917744322,-0.00548422917744322,-0.00548422917744322,-0.00548422917744322,-0.00548422917744322,-0.00548422917744322,-0.00548422917744322,-0.00548422917744322,-0.00548422917744322,-0.00548422917744322,-0.00548422917744322
2014-08-13,0.01056437355418129,0.01056437355418129,0.01056437355418129,0.01056437355418129,0.01056437355418129,0.01056437355418129,0.01056437355418129,0.01056437355418129,0.01056437355418129,0.01056437355418129,0.01056437355418129
2014-08-14,0.00900810385509761,0.00900810385509761,0.00900810385509761,0.00900810385509761,0.00900810385509761,0.00900810385509761,0.00900810385509761,0.00900810385509761,0.00900810385509761,0.00900810385509761,0.00900810385509761
2014-08-15,0.0038180064300468676,0.0038180064300468676,0.0038180064300468676,0.0038180064300468676,0.0038180064300468676,0.0038180064300468676,0.0038180064300468676,0.0038180064300468676,0.0038180064300468676,0.0038180064300468676,0.0038180064300468676
2014-08-18,-0.001748316088558965,-0.001748316088558965,-0.001748316088558965,-0.001748316088558965,-0.001748316088558965,-0.001748316088558965,-0.001748316088558965,-0.001748316088558965,-0.001748316088558965,-0.001748316088558965,-0.001748316088558965
2014-08-19,0.0007055009254289708,0.0007055009254289708,0.0007055009254289708,0.0007055009254289708,0.0007055009254289708,0.0007055009254289708,0.0007055009254289708,0.0007055009254289708,0.0007055009254289708,0.0007055009254289708,0.0007055009254289708
2014-08-20,-0.001095440719982752,-0.001095440719982752,-0.001095440719982752,-0.001095440719982752,-0.001095440719982752,-0.001095440719982752,-0.001095440719982752,-0.001095440719982752,-0.001095440719982752,-0.001095440719982752,-0.001095440719982752
2014-08-21,-3.222600014409459e-05,-3.222600014409459e-05,-3.222600014409459e-05,-3.222600014409459e-05,-3.222600014409459e-05,-3.222600014409459e-05,-3.222600014409459e-05,-3.222600014409459e-05,-3.222600014409459e-05,-3.222600014409459e-05,-3.222600014409459e-05
2014-08-22,0.003700658074791383,0.003700658074791383,0.003700658074791383,0.003700658074791383,0.003700658074791383,0.003700658074791383,0.003700658074791383,0.003700658074791383,0.003700658074791383,0.003700658074791383,0.003700658074791383
2014-08-25,0.003659812541884761,0.003659812541884761,0.003659812541884761,0.003659812541884761,0.003659812541884761,0.003659812541884761,0.003659812541884761,0.003659812541884761,0.003659812541884761,0.003659812541884761,0.003659812541884761
2014-08-26,-0.0023540214776858913,-0.0023540214776858913,-0.0023540214776858913,-0.0023540214776858913,-0.0023540214776858913,-0.0023540214776858913,-0.0023540214776858913,-0.0023540214776858913,-0.0023540214776858913,-0.0023540214776858913,-0.0023540214776858913
2014-08-27,0.008750574773954004,0.008750574773954004,0.008750574773954004,0.008750574773954004,0.008750574773954004,0.008750574773954004,0.008750574773954004,0.008750574773954004,0.008750574773954004,0.008750574773954004,0.008750574773954004
2014-08-28,0.004329694886407193,0.004329694886407193,0.004329694886407193,0.004329694886407193,0.004329694886407193,0.004329694886407193,0.004329694886407193,0.004329694886407193,0.004329694886407193,0.004329694886407193,0.004329694886407193
2014-08-29,0.002050513736530078,0.002050513736530078,0.002050513736530078,0.002050513736530078,0.002050513736530078,0.002050513736530078,0.002050513736530078,0.002050513736530078,0.002050513736530078,0.002050513736530078,0.002050513736530078
2014-09-02,-0.012225447376786755,-0.012225447376786755,-0.012225447376786755,-0.012225447376786755,-0.012225447376786755,-0.012225447376786755,-0.012225447376786755,-0.012225447376786755,-0.012225447376786755,-0.012225447376786755,-0.012225447376786755
2014-09-03,0.003937633927467741,0.003937633927467741,0.003937633927467741,0.003937633927467741,0.003937633927467741,0.003937633927467741,0.003937633927467741,0.003937633927467741,0.003937633927467741,0.003937633927467741,0.003937633927467741
2014-09-04,-0.007726979476933567,-0.007726979476933567,-0.007726979476933567,-0.007726979476933567,-0.007726979476933567,-0.007726979476933567,-0.007726979476933567,-0.007726979476933567,-0.007726979476933567,-0.007726979476933567,-0.007726979476933567
2014-09-05,0.0077206492525700825,0.0077206492525700825,0.0077206492525700825,0.0077206492525700825,0.0077206492525700825,0.0077206492525700825,0.0077206492525700825,0.0077206492525700825,0.0077206492525700825,0.0077206492525700825,0.0077206492525700825
2014-09-08,-0.007476352047367607,-0.007476352047367607,-0.007476352047367607,-0.007476352047367607,-0.007476352047367607,-0.007476352047367607,-0.007476352047367607,-0.007476352047367607,-0.007476352047367607,-0.007476352047367607,-0.007476352047367607
2014-09-09,-0.00889831959290402,-0.00889831959290402,-0.00889831959290402,-0.00889831959290402,-0.00889831959290402,-0.00889831959290402,-0.00889831959290402,-0.00889831959290402,-0.00889831959290402,-0.00889831959290402,-0.00889831959290402
2014-09-10,-0.003783983086583767,-0.003783983086583767,-0.003783983086583767,-0.003783983086583767,-0.003783983086583767,-0.003783983086583767,-0.003783983086583767,-0.003783983086583767,-0.003783983086583767,-0.003783983086583767,-0.003783983086583767
2014-09-11,-0.0042513831938275435,-0.0042513831938275435,-0.0042513831938275435,-0.0042513831938275435,-0.0042513831938275435,-0.0042513831938275435,-0.0042513831938275435,-0.0042513831938275435,-0.0042513831938275435,-0.0042513831938275435,-0.0042513831938275435
2014-09-12,-0.01741881043758307,-0.01741881043758307,-0.01741881043758307,-0.01741881043758307,-0.01741881043758307,-0.01741881043758307,-0.01741881043758307,-0.01741881043758307,-0.01741881043758307,-0.01741881043758307,-0.01741881043758307
2014-09-15,-5.194214321376722e-05,-5.194214321376722e-05,-5.194214321376722e-05,-5.194214321376722e-05,-5.194214321376722e-05,-5.194214321376722e-05,-5.194214321376722e-05,-5.194214321376722e-05,-5.194214321376722e-05,-5.194214321376722e-05,-5.194214321376722e-05
2014-09-16,0.01632048486663331,0.01632048486663331,0.01632048486663331,0.01632048486663331,0.01632048486663331,0.01632048486663331,0.01632048486663331,0.01632048486663331,0.01316196194479476,0.010003439022956208,0.003686393179279105
2014-09-17,-0.006871224835575092,-0.006871224835575092,-0.006871224835575092,-0.006871224835575092,-0.006871224835575092,-0.006871224835575092,-0.006871224835575092,-0.006871224835575092,-0.006871224835575092,-0.006871224835575092,-0.006871224835575092
2014-09-18,0.007800821986057874,0.007800821986057874,0.007800821986057874,0.007800821986057874,0.007800821986057874,0.007800821986057874,0.007800821986057874,0.007800821986057874,0.007800821986057874,0.007800821986057874,0.007800821986057874
2014-09-19,0.0031402518711664447,0.0031402518711664447,0.0031402518711664447,0.0031402518711664447,0.0031402518711664447,0.0031402518711664447,0.0031402518711664447,0.0031402518711664447,0.0031402518711664447,0.0031402518711664447,0.0031402518711664447
2014-09-22,-0.015216208804771269,-0.015216208804771269,-0.015216208804771269,-0.015216208804771269,-0.015216208804771269,-0.015216208804771269,-0.015216208804771269,-0.015216208804771269,-0.015216208804771269,-0.015216208804771269,-0.015216208804771269
2014-09-23,-0.006136537037328837,-0.006136537037328837,-0.006136537037328837,-0.006136537037328837,-0.006136537037328837,-0.006136537037328837,-0.006136537037328837,-0.006136537037328837,-0.006136537037328837,-0.006136537037328837,-0.006136537037328837
2014-09-24,0.009560889657831598,0.009560889657831598,0.009560889657831598,0.009560889657831598,0.009560889657831598,0.009560889657831598,0.009560889657831598,0.009560889657831598,0.009560889657831598,0.009560889657831598,0.009560889657831598
2014-09-25,-0.009274839029704489,-0.009274839029704489,-0.009274839029704489,-0.009274839029704489,-0.009274839029704489,-0.009274839029704489,-0.009274839029704489,-0.009274839029704489,-0.009274839029704489,-0.009274839029704489,-0.009274839029704489
2014-09-26,0.011041016720911543,0.011041016720911543,0.011041016720911543,0.011041016720911543,0.011041016720911543,0.011041016720911543,0.011041016720911543,0.011041016720911543,0.011041016720911543,0.011041016720911543,0.011041016720911543
2014-09-29,0.003127490426044858,0.003127490426044858,0.003127490426044858,0.003127490426044858,0.003127490426044858,0.003127490426044858,0.003127490426044858,0.003127490426044858,0.003127490426044858,0.003127490426044858,0.003127490426044858
2014-09-30,-0.011496157023216914,-0.011496157023216914,-0.011496157023216914,-0.011496157023216914,-0.011496157023216914,-0.011496157023216914,-0.011496157023216914,-0.011496157023216914,-0.011496157023216914,-0.011496157023216914,-0.011496157023216914
2014-10-01,-0.002213840424592679,-0.002213840424592679,-0.002213840424592679,-0.002213840424592679,-0.002213840424592679,-0.002213840424592679,-0.002213840424592679,-0.002213840424592679,-0.002213840424592679,-0.002213840424592679,-0.002213840424592679
2014-10-02,-0.0024656046006266328,-0.0024656046006266328,-0.0024656046006266328,-0.0024656046006266328,-0.0024656046006266328,-0.0024656046006266328,-0.0024656046006266328,-0.0024656046006266328,-0.0024656046006266328,-0.0024656046006266328,-0.0024656046006266328
2014-10-03,0.014661839775208546,0.014661839775208546,0.014661839775208546,0.014661839775208546,0.014661839775208546,0.014661839775208546,0.014661839775208546,0.014661839775208546,0.014661839775208546,0.014661839775208546,0.014661839775208546
2014-10-06,0.0016321572537501125,0.0016321572537501125,0.0016321572537501125,0.0016321572537501125,0.0016321572537501125,0.0016321572537501125,0.0016321572537501125,0.0016321572537501125,0.0016321572537501125,0.0016321572537501125,0.0016321572537501125
2014-10-07,-0.00814833192877073,-0.00814833192877073,-0.00814833192877073,-0.00814833192877073,-0.00814833192877073,-0.00814833192877073,-0.00814833192877073,-0.00814833192877073,-0.00814833192877073,-0.00814833192877073,-0.00814833192877073
2014-10-08,0.018188089009882013,0.018188089009882013,0.018188089009882013,0.018188089009882013,0.018188089009882013,0.018188089009882013,0.018188089009882013,0.018188089009882013,0.018188089009882013,0.018188089009882013,0.018188089009882013
2014-10-09,-0.01685252852334908,-0.01685252852334908,-0.01685252852334908,-0.01685252852334908,-0.01685252852334908,-0.01685252852334908,-0.01685252852334908,-0.01685252852334908,-0.01685252852334908,-0.01685252852334908,-0.01685252852334908
2014-10-10,-0.002927057973413798,-0.002927057973413798,-0.002927057973413798,-0.002927057973413798,-0.002927057973413798,-0.002927057973413798,-0.002927057973413798,-0.002927057973413798,-0.002927057973413798,-0.002927057973413798,-0.002927057973413798
2014-10-13,-0.0014097007370291945,-0.0014097007370291945,-0.0014097007370291945,-0.0014097007370291945,-0.0014097007370291945,-0.0014097007370291945,-0.0014097007370291945,-0.0014097007370291945,-0.0014097007370291945,-0.0014097007370291945,-0.0014097007370291945
2014-10-14,0.006636462937377994,0.006636462937377994,0.006636462937377994,0.006636462937377994,0.006636462937377994,0.006636462937377994,0.006636462937377994,0.006636462937377994,0.006636462937377994,0.006636462937377994,0.006636462937377994
2014-10-15,0.006155323436734192,0.006155323436734192,0.006155323436734192,0.006155323436734192,0.006155323436734192,0.006155323436734192,0.006155323436734192,0.006155323436734192,0.006155323436734192,0.006155323436734192,0.006155323436734192
2014-10-16,-0.0013763849679899027,-0.0013763849679899027,-0.0013763849679899027,-0.0013763849679899027,-0.0013763849679899027,-0.0013763849679899027,-0.0013763849679899027,-0.0013763849679899027,-0.0013763849679899027,-0.0013763849679899027,-0.0013763849679899027
2014-10-17,-0.009291849877441945,-0.009291849877441945,-0.009291849877441945,-0.009291849877441945,-0.009291849877441945,-0.009291849877441945,-0.009291849877441945,-0.009291849877441945,-0.009291849877441945,-0.009291849877441945,-0.009291849877441945
2014-10-20,-0.004507412596676776,-0.004507412596676776,-0.004507412596676776,-0.004507412596676776,-0.004507412596676776,-0.004507412596676776,-0.004507412596676776,-0.004507412596676776,-0.004507412596676776,-0.004507412596676776,-0.004507412596676776
2014-10-21,0.007285807629519884,0.007285807629519884,0.007285807629519884,0.007285807629519884,0.007285807629519884,0.007285807629519884,0.007285807629519884,0.007285807629519884,0.007285807629519884,0.007285807629519884,0.007285807629519884
2014-10-22,-0.02678547208858078,-0.02678547208858078,-0.02678547208858078,-0.02678547208858078,-0.02678547208858078,-0.02678547208858078,-0.02678547208858078,-0.02678547208858078,-0.02678547208858078,-0.02678547208858078,-0.02678547208858078
2014-10-23,0.013678478289703224,0.013678478289703224,0.013678478289703224,0.013678478289703224,0.013678478289703224,0.013678478289703224,0.013678478289703224,0.013678478289703224,0.013678478289703224,0.013678478289703224,0.013678478289703224
2014-10-24,0.006671451006060376,0.006671451006060376,0.006671451006060376,0.006671451006060376,0.006671451006060376,0.006671451006060376,0.006671451006060376,0.006671451006060376,0.006671451006060376,0.006671451006060376,0.006671451006060376
2014-10-27,0.0015684463840551107,0.0015684463840551107,0.0015684463840551107,0.0015684463840551107,0.0015684463840551107,0.0015684463840551107,0.0015684463840551107,0.0015684463840551107,0.0015684463840551107,0.0015684463840551107,0.0015684463840551107
2014-10-28,0.015088023955227119,0.015088023955227119,0.015088023955227119,0.015088023955227119,0.015088023955227119,0.015088023955227119,0.015088023955227119,0.015088023955227119,0.015088023955227119,0.015088023955227119,0.015088023955227119
2014-10-29,-0.00863013908688386,-0.00863013908688386,-0.00863013908688386,-0.00863013908688386,-0.00863013908688386,-0.00863013908688386,-0.00863013908688386,-0.00863013908688386,-0.00863013908688386,-0.00863013908688386,-0.00863013908688386
2014-10-30,-0.0002818477856558518,-0.0002818477856558518,-0.0002818477856558518,-0.0002818477856558518,-0.0002818477856558518,-0.0002818477856558518,-0.0002818477856558518,-0.0002818477856558518,-0.0002818477856558518,-0.0002818477856558518,-0.0002818477856558518
2014-10-31,0.0012647811649892737,0.0012647811649892737,0.0012647811649892737,0.0012647811649892737,0.0012647811649892737,0.0012647811649892737,0.0012647811649892737,0.0012647811649892737,0.0012647811649892737,0.0012647811649892737,0.0012647811649892737
2014-11-03,-0.008063667213469461,-0.008063667213469461,-0.008063667213469461,-0.008063667213469461,-0.008063667213469461,-0.008063667213469461,-0.008063667213469461,-0.008063667213469461,-0.008063667213469461,-0.008063667213469461,-0.008063667213469461
2014-11-04,0.0002603416497766978,0.0002603416497766978,0.0002603416497766978,0.0002603416497766978,0.0002603416497766978,0.0002603416497766978,0.0002603416497766978,0.0002603416497766978,0.0002603416497766978,0.0002603416497766978,0.0002603416497766978
2014-11-05,-0.01152466441023533,-0.01152466441023533,-0.01152466441023533,-0.01152466441023533,-0.01152466441023533,-0.01152466441023533,-0.01152466441023533,-0.01152466441023533,-0.01152466441023533,-0.01152466441023533,-0.01152466441023533
2014-11-06,0.010487348399671814,0.010487348399671814,0.010487348399671814,0.010487348399671814,0.010487348399671814,0.010487348399671814,0.010487348399671814,0.010487348399671814,0.010487348399671814,0.010487348399671814,0.010487348399671814
2014-11-07,0.029232353865816442,0.029232353865816442,0.029232353865816442,0.029232353865816442,0.029232353865816442,0.029232353865816442,0.029232353865816442,0.029232353865816442,0.029232353865816442,0.029232353865816442,0.029232353865816442
2014-11-10,-0.00936037217243486,-0.00936037217243486,-0.00936037217243486,-0.00936037217243486,-0.00936037217243486,-0.00936037217243486,-0.00936037217243486,-0.00936037217243486,-0.00936037217243486,-0.00936037217243486,-0.00936037217243486
2014-11-11,0.009700772658031393,0.009700772658031393,0.009700772658031393,0.009700772658031393,0.009700772658031393,0.009700772658031393,0.009700772658031393,0.009700772658031393,0.009700772658031393,0.009700772658031393,0.009700772658031393
2014-11-12,-0.006059200190572504,-0.006059200190572504,-0.006059200190572504,-0.006059200190572504,-0.006059200190572504,-0.006059200190572504,-0.006059200190572504,-0.006059200190572504,-0.006059200190572504,-0.006059200190572504,-0.006059200190572504
2014-11-13,-0.0005583679477104081,-0.0005583679477104081,-0.0005583679477104081,-0.0005583679477104081,-0.0005583679477104081,-0.0005583679477104081,-0.0005583679477104081,-0.0005583679477104081,-0.0005583679477104081,-0.0005583679477104081,-0.0005583679477104081
2014-11-14,0.015795770911947334,0.015795770911947334,0.015795770911947334,0.015795770911947334,0.015795770911947334,0.015795770911947334,0.015795770911947334,0.015795770911947334,0.015961869987590242,0.016127969063233147,0.016460167214518963
2014-11-17,-0.003265903860033611,-0.003265903860033611,-0.003265903860033611,-0.003265903860033611,-0.003265903860033611,-0.003265903860033611,-0.003265903860033611,-0.003265903860033611,-0.003265903860033611,-0.003265903860033611,-0.003265903860033611
2014-11-18,0.013103283464971598,0.013103283464971598,0.013103283464971598,0.013103283464971598,0.013103283464971598,0.013103283464971598,0.013103283464971598,0.013103283464971598,0.013103283464971598,0.013103283464971598,0.013103283464971598
2014-11-19,-0.01636609495799652,-0.01636609495799652,-0.01636609495799652,-0.01636609495799652,-0.01636609495799652,-0.01636609495799652,-0.01636609495799652,-0.01636609495799652,-0.015004409419793335,-0.013642723881590149,-0.010919352805183778
2014-11-20,0.012000271475433564,0.012000271475433564,0.012000271475433564,0.012000271475433564,0.012000271475433564,0.012000271475433564,0.012000271475433564,0.012000271475433564,0.012000271475433564,0.012000271475433564,0.012000271475433564
2014-11-21,0.013006607299088166,0.013006607299088166,0.013006607299088166,0.013006607299088166,0.013006607299088166,0.013006607299088166,0.013006607299088166,0.013006607299088166,0.01191966043903275,0.010832713578977332,0.008658819858866497
2014-11-24,0.005738274402117789,0.005738274402117789,0.005738274402117789,0.005738274402117789,0.005738274402117789,0.005738274402117789,0.005738274402117789,0.005738274402117789,0.005738274402117789,0.005738274402117789,0.005738274402117789
2014-11-25,0.010177569655909257,0.010177569655909257,0.010177569655909257,0.010177569655909257,0.010177569655909257,0.010177569655909257,0.010177569655909257,0.010177569655909257,0.010177569655909257,0.010177569655909257,0.010177569655909257
2014-11-26,0.004703433389928666,0.004703433389928666,0.004703433389928666,0.004703433389928666,0.004703433389928666,0.004703433389928666,0.004703433389928666,0.004703433389928666,0.004703433389928666,0.004703433389928666,0.004703433389928666
2014-11-28,-0.006563027157728882,-0.006563027157728882,-0.006563027157728882,-0.006563027157728882,-0.006563027157728882,-0.006563027157728882,-0.006563027157728882,-0.006563027157728882,-0.006563027157728882,-0.006563027157728882,-0.006563027157728882
2014-12-01,-0.003892169689866384,-0.003892169689866384,-0.003892169689866384,-0.003892169689866384,-0.003892169689866384,-0.003892169689866384,-0.003892169689866384,-0.003892169689866384,-0.003892169689866384,-0.003892169689866384,-0.003892169689866384
2014-12-02,0.01189889628447037,0.01189889628447037,0.01189889628447037,0.01189889628447037,0.01189889628447037,0.01189889628447037,0.01189889628447037,0.01189889628447037,0.01189889628447037,0.01189889628447037,0.01189889628447037
2014-12-03,0.013427508822827144,0.013427508822827144,0.013427508822827144,0.013427508822827144,0.013427508822827144,0.013427508822827144,0.013427508822827144,0.013427508822827144,0.013427508822827144,0.013427508822827144,0.013427508822827144
2014-12-04,-0.002002564013274581,-0.002002564013274581,-0.002002564013274581,-0.002002564013274581,-0.002002564013274581,-0.002002564013274581,-0.002002564013274581,-0.002002564013274581,-0.002002564013274581,-0.002002564013274581,-0.002002564013274581
2014-12-05,0.0008496019974662582,0.0008496019974662582,0.0008496019974662582,0.0008496019974662582,0.0008496019974662582,0.0008496019974662582,0.0008496019974662582,0.0008496019974662582,0.0008496019974662582,0.0008496019974662582,0.0008496019974662582
2014-12-08,-0.0044128535273474795,-0.0044128535273474795,-0.0044128535273474795,-0.0044128535273474795,-0.0044128535273474795,-0.0044128535273474795,-0.0044128535273474795,-0.0044128535273474795,-0.0044128535273474795,-0.0044128535273474795,-0.0044128535273474795
2014-12-09,0.009949998981309747,0.009949998981309747,0.009949998981309747,0.009949998981309747,0.009949998981309747,0.009949998981309747,0.009949998981309747,0.009949998981309747,0.009949998981309747,0.009949998981309747,0.009949998981309747
2014-12-10,-0.02812994360973521,-0.02812994360973521,-0.02812994360973521,-0.02812994360973521,-0.02812994360973521,-0.02812994360973521,-0.02812994360973521,-0.02812994360973521,-0.02812994360973521,-0.02812994360973521,-0.02812994360973521
2014-12-11,-0.010109732351730485,-0.010109732351730485,-0.010109732351730485,-0.010109732351730485,-0.010109732351730485,-0.010109732351730485,-0.010109732351730485,-0.010109732351730485,-0.010109732351730485,-0.010109732351730485,-0.010109732351730485
2014-12-12,-4.094669536245856e-05,-4.094669536245856e-05,-4.094669536245856e-05,-4.094669536245856e-05,-4.094669536245856e-05,-4.094669536245856e-05,-4.094669536245856e-05,-4.094669536245856e-05,-4.094669536245856e-05,-4.094669536245856e-05,-4.094669536245856e-05
2014-12-15,-0.012005416972981416,-0.012005416972981416,-0.012005416972981416,-0.012005416972981416,-0.012005416972981416,-0.012005416972981416,-0.012005416972981416,-0.012005416972981416,-0.012005416972981416,-0.012005416972981416,-0.012005416972981416
2014-12-16,0.008167613154962193,0.008167613154962193,0.008167613154962193,0.008167613154962193,0.008167613154962193,0.008167613154962193,0.008167613154962193,0.008167613154962193,0.008167613154962193,0.008167613154962193,0.008167613154962193
2014-12-17,0.02455298890175116,0.02455298890175116,0.02455298890175116,0.02455298890175116,0.02455298890175116,0.02455298890175116,0.02455298890175116,0.02455298890175116,0.019267409550716375,0.013981830199681586,0.0034106714976120107
2014-12-18,0.0026572300442529347,0.0026572300442529347,0.0026572300442529347,0.0026572300442529347,0.0026572300442529347,0.0026572300442529347,0.0026572300442529347,0.0026572300442529347,0.0026572300442529347,0.0026572300442529347,0.0026572300442529347
2014-12-19,0.012924009674223809,0.012924009674223809,0.012924009674223809,0.012924009674223809,0.012924009674223809,0.012924009674223809,0.012924009674223809,0.012924009674223809,0.012924009674223809,0.012924009674223809,0.012924009674223809
2014-12-22,0.0063663811652986,0.0063663811652986,0.0063663811652986,0.0063663811652986,0.0063663811652986,0.0063663811652986,0.0063663811652986,0.0063663811652986,0.0063663811652986,0.0063663811652986,0.0063663811652986
2014-12-23,-0.014148904804992498,-0.014148904804992498,-0.014148904804992498,-0.014148904804992498,-0.014148904804992498,-0.014148904804992498,-0.014148904804992498,-0.014148904804992498,-0.014148904804992498,-0.014148904804992498,-0.014148904804992498
2014-12-24,0.006890022999381109,0.006890022999381109,0.006890022999381109,0.006890022999381109,0.006890022999381109,0.006890022999381109,0.006890022999381109,0.006890022999381109,0.006890022999381109,0.006890022999381109,0.006890022999381109
2014-12-26,0.010397534758633576,0.010397534758633576,0.010397534758633576,0.010397534758633576,0.010397534758633576,0.010397534758633576,0.010397534758633576,0.010397534758633576,0.010397534758633576,0.010397534758633576,0.010397534758633576
2014-12-29,0.004388888519073601,0.004388888519073601,0.004388888519073601,0.004388888519073601,0.004388888519073601,0.004388888519073601,0.004388888519073601,0.004388888519073601,0.004388888519073601,0.004388888519073601,0.004388888519073601
2014-12-30,-2.983764892388295e-05,-2.983764892388295e-05,-2.983764892388295e-05,-2.983764892388295e-05,-2.983764892388295e-05,-2.983764892388295e-05,-2.983764892388295e-05,-2.983764892388295e-05,-2.983764892388295e-05,-2.983764892388295e-05,-2.983764892388295e-05
2014-12-31,-0.0237501038113759,-0.0237501038113759,-0.0237501038113759,-0.0237501038113759,-0.0237501038113759,-0.0237501038113759,-0.0237501038113759,-0.0237501038113759,-0.0237501038113759,-0.0237501038113759,-0.0237501038113759
2015-01-02,0.011353421859447953,0.011353421859447953,0.011353421859447953,0.011353421859447953,0.011353421859447953,0.011353421859447953,0.011353421859447953,0.011353421859447953,0.011353421859447953,0.011353421859447953,0.011353421859447953
2015-01-05,0.002050142056625978,0.002050142056625978,0.002050142056625978,0.002050142056625978,0.002050142056625978,0.002050142056625978,0.002050142056625978,0.002050142056625978,0.002050142056625978,0.002050142056625978,0.002050142056625978
2015-01-06,-3.34766612094424e-05,-3.34766612094424e-05,-3.34766612094424e-05,-3.34766612094424e-05,-3.34766612094424e-05,-3.34766612094424e-05,-3.34766612094424e-05,-3.34766612094424e-05,-3.34766612094424e-05,-3.34766612094424e-05,-3.34766612094424e-05
2015-01-07,0.012671552856897004,0.012671552856897004,0.012671552856897004,0.012671552856897004,0.012671552856897004,0.012671552856897004,0.012671552856897004,0.012671552856897004,0.012671552856897004,0.012671552856897004,0.012671552856897004
2015-01-08,0.021082409690244115,0.021082409690244115,0.021082409690244115,0.021082409690244115,0.021082409690244115,0.021082409690244115,0.021082409690244115,0.021082409690244115,0.021082409690244115,0.021082409690244115,0.021082409690244115
2015-01-09,-0.0009193824346818017,-0.0009193824346818017,-0.0009193824346818017,-0.0009193824346818017,-0.0009193824346818017,-0.0009193824346818017,-0.0009193824346818017,-0.0009193824346818017,-0.0009193824346818017,-0.0009193824346818017,-0.0009193824346818017
2015-01-12,-0.005906369260603344,-0.005906369260603344,-0.005906369260603344,-0.005906369260603344,-0.005906369260603344,-0.005906369260603344,-0.005906369260603344,-0.005906369260603344,-0.005906369260603344,-0.005906369260603344,-0.005906369260603344
2015-01-13,-0.008547401191923222,-0.008547401191923222,-0.008547401191923222,-0.008547401191923222,-0.008547401191923222,-0.008547401191923222,-0.008547401191923222,-0.008547401191923222,-0.008547401191923222,-0.008547401191923222,-0.008547401191923222
2015-01-14,-0.0027080159085608774,-0.0027080159085608774,-0.0027080159085608774,-0.0027080159085608774,-0.0027080159085608774,-0.0027080159085608774,-0.0027080159085608774,-0.0027080159085608774,-0.0027080159085608774,-0.0027080159085608774,-0.0027080159085608774
2015-01-15,0.009184422310825637,0.009184422310825637,0.009184422310825637,0.009184422310825637,0.009184422310825637,0.009184422310825637,0.009184422310825637,0.009184422310825637,0.009184422310825637,0.009184422310825637,0.009184422310825637
2015-01-16,0.005820199171321984,0.005820199171321984,0.005820199171321984,0.005820199171321984,0.005820199171321984,0.005820199171321984,0.005820199171321984,0.005820199171321984,0.005820199171321984,0.005820199171321984,0.005820199171321984
2015-01-20,0.01619880130637167,0.01619880130637167,0.01619880130637167,0.01619880130637167,0.01619880130637167,0.01619880130637167,0.01619880130637167,0.01619880130637167,0.01619880130637167,0.01619880130637167,0.01619880130637167
2015-01-21,0.005190753906663253,0.005190753906663253,0.005190753906663253,0.005190753906663253,0.005190753906663253,0.005190753906663253,0.005190753906663253,0.005190753906663253,0.005190753906663253,0.005190753906663253,0.005190753906663253
2015-01-22,0.024795616653994854,0.024795616653994854,0.024795616653994854,0.024795616653994854,0.024795616653994854,0.024795616653994854,0.024795616653994854,0.024795616653994854,0.024795616653994854,0.024795616653994854,0.024795616653994854
2015-01-23,-0.0019816574273259736,-0.0019816574273259736,-0.0019816574273259736,-0.0019816574273259736,-0.0019816574273259736,-0.0019816574273259736,-0.0019816574273259736,-0.0019816574273259736,-0.0019816574273259736,-0.0019816574273259736,-0.0019816574273259736
2015-01-26,0.005787055738660234,0.005787055738660234,0.005787055738660234,0.005787055738660234,0.005787055738660234,0.005787055738660234,0.005787055738660234,0.005787055738660234,0.005787055738660234,0.005787055738660234,0.005787055738660234
2015-01-27,-0.013805298306485312,-0.013805298306485312,-0.013805298306485312,-0.013805298306485312,-0.013805298306485312,-0.013805298306485312,-0.013805298306485312,-0.013805298306485312,-0.013805298306485312,-0.013805298306485312,-0.013805298306485312
2015-01-28,-0.020125113983241478,-0.020125113983241478,-0.020125113983241478,-0.020125113983241478,-0.020125113983241478,-0.020125113983241478,-0.020125113983241478,-0.020125113983241478,-0.020125113983241478,-0.020125113983241478,-0.020125113983241478
2015-01-29,0.0002065606379253846,0.0002065606379253846,0.0002065606379253846,0.0002065606379253846,0.0002065606379253846,0.0002065606379253846,0.0002065606379253846,0.0002065606379253846,0.0002065606379253846,0.0002065606379253846,0.0002065606379253846
2015-01-30,-0.008975520919641168,-0.008975520919641168,-0.008975520919641168,-0.008975520919641168,-0.008975520919641168,-0.008975520919641168,-0.008975520919641168,-0.008975520919641168,-0.008975520919641168,-0.008975520919641168,-0.008975520919641168
2015-02-02,0.018880482792220214,0.018880482792220214,0.018880482792220214,0.018880482792220214,0.018880482792220214,0.018880482792220214,0.018880482792220214,0.018880482792220214,0.018880482792220214,0.018880482792220214,0.018880482792220214
2015-02-03,0.01284276654978818,0.01284276654978818,0.01284276654978818,0.01284276654978818,0.01284276654978818,0.01284276654978818,0.01284276654978818,0.01284276654978818,0.01284276654978818,0.01284276654978818,0.01284276654978818
2015-02-04,-0.006879836920796664,-0.006879836920796664,-0.006879836920796664,-0.006879836920796664,-0.006879836920796664,-0.006879836920796664,-0.006879836920796664,-0.006879836920796664,-0.006879836920796664,-0.006879836920796664,-0.006879836920796664
2015-02-05,0.013598657302498079,0.013598657302498079,0.013598657302498079,0.013598657302498079,0.013598657302498079,0.013598657302498079,0.013598657302498079,0.013598657302498079,0.013598657302498079,0.013598657302498079,0.013598657302498079
2015-02-06,-0.028046133697098644,-0.028046133697098644,-0.028046133697098644,-0.028046133697098644,-0.028046133697098644,-0.028046133697098644,-0.028046133697098644,-0.028046133697098644,-0.028046133697098644,-0.028046133697098644,-0.028046133697098644
2015-02-09,-0.003558654747680829,-0.003558654747680829,-0.003558654747680829,-0.003558654747680829,-0.003558654747680829,-0.003558654747680829,-0.003558654747680829,-0.003558654747680829,-0.003558654747680829,-0.003558654747680829,-0.003558654747680829
2015-02-10,0.007723649580543246,0.007723649580543246,0.007723649580543246,0.007723649580543246,0.007723649580543246,0.007723649580543246,0.007723649580543246,0.007723649580543246,0.0055968992295405105,0.0034701488785377744,-0.0007833518234676971
2015-02-11,-0.00529904329638138,-0.00529904329638138,-0.00529904329638138,-0.00529904329638138,-0.00529904329638138,-0.00529904329638138,-0.00529904329638138,-0.00529904329638138,-0.00529904329638138,-0.00529904329638138,-0.00529904329638138
2015-02-12,0.020149116579515465,0.020149116579515465,0.020149116579515465,0.020149116579515465,0.020149116579515465,0.020149116579515465,0.020149116579515465,0.020149116579515465,0.020149116579515465,0.020149116579515465,0.020149116579515465
2015-02-13,0.001983201746156105,0.001983201746156105,0.001983201746156105,0.001983201746156105,0.001983201746156105,0.001983201746156105,0.001983201746156105,0.001983201746156105,0.001983201746156105,0.001983201746156105,0.001983201746156105
2015-02-17,-0.015918176466587712,-0.015918176466587712,-0.015918176466587712,-0.015918176466587712,-0.015918176466587712,-0.015918176466587712,-0.015918176466587712,-0.015918176466587712,-0.015918176466587712,-0.015918176466587712,-0.015918176466587712
2015-02-18,0.006880442648899284,0.006880442648899284,0.006880442648899284,0.006880442648899284,0.006880442648899284,0.006880442648899284,0.006880442648899284,0.006880442648899284,0.006880442648899284,0.006880442648899284,0.006880442648899284
2015-02-19,-0.00022370399134420075,-0.00022370399134420075,-0.00022370399134420075,-0.00022370399134420075,-0.00022370399134420075,-0.00022370399134420075,-0.00022370399134420075,-0.00022370399134420075,-0.00022370399134420075,-0.00022370399134420075,-0.00022370399134420075
2015-02-20,0.01084560724385604,0.01084560724385604,0.01084560724385604,0.01084560724385604,0.01084560724385604,0.01084560724385604,0.01084560724385604,0.01084560724385604,0.01084560724385604,0.01084560724385604,0.01084560724385604
2015-02-23,0.006267006354379386,0.006267006354379386,0.006267006354379386,0.006267006354379386,0.006267006354379386,0.006267006354379386,0.006267006354379386,0.006267006354379386,0.006556523800259499,0.006846041246139612,0.0074250761378998375
2015-02-24,0.018739490299938846,0.018739490299938846,0.018739490299938846,0.018739490299938846,0.018739490299938846,0.018739490299938846,0.018739490299938846,0.018739490299938846,0.018739490299938846,0.018739490299938846,0.018739490299938846
2015-02-25,0.002570514692840577,0.002570514692840577,0.002570514692840577,0.002570514692840577,0.002570514692840577,0.002570514692840577,0.002570514692840577,0.002570514692840577,0.002570514692840577,0.002570514692840577,0.002570514692840577
2015-02-26,-0.0044379393967748535,-0.0044379393967748535,-0.0044379393967748535,-0.0044379393967748535,-0.0044379393967748535,-0.0044379393967748535,-0.0044379393967748535,-0.0044379393967748535,-0.0044379393967748535,-0.0044379393967748535,-0.0044379393967748535
2015-02-27,0.009417907787474164,0.009417907787474164,0.009417907787474164,0.009417907787474164,0.009417907787474164,0.009417907787474164,0.009417907787474164,0.009417907787474164,0.009417907787474164,0.009417907787474164,0.009417907787474164
2015-03-02,0.009034468144806407,0.009034468144806407,0.009034468144806407,0.009034468144806407,0.009034468144806407,0.009034468144806407,0.009034468144806407,0.009034468144806407,0.009034468144806407,0.009034468144806407,0.009034468144806407
2015-03-03,-0.010539003869769862,-0.010539003869769862,-0.010539003869769862,-0.010539003869769862,-0.010539003869769862,-0.010539003869769862,-0.010539003869769862,-0.010539003869769862,-0.010539003869769862,-0.010539003869769862,-0.010539003869769862
2015-03-04,-0.00560614343876493,-0.00560614343876493,-0.00560614343876493,-0.00560614343876493,-0.00560614343876493,-0.00560614343876493,-0.00560614343876493,-0.00560614343876493,-0.00560614343876493,-0.00560614343876493,-0.00560614343876493
2015-03-05,0.0035914749497192025,0.0035914749497192025,0.0035914749497192025,0.0035914749497192025,0.0035914749497192025,0.0035914749497192025,0.0035914749497192025,0.0035914749497192025,0.003003636487287115,0.002415798024855027,0.0012401210999908512
2015-03-06,-0.040181033322660833,-0.040181033322660833,-0.040181033322660833,-0.040181033322660833,-0.040181033322660833,-0.040181033322660833,-0.040181033322660833,-0.040181033322660833,-0.040181033322660833,-0.040181033322660833,-0.040181033322660833
2015-03-09,0.010807629529997956,0.010807629529997956,0.010807629529997956,0.010807629529997956,0.010807629529997956,0.010807629529997956,0.010807629529997956,0.010807629529997956,0.010807629529997956,0.010807629529997956,0.010807629529997956
2015-03-10,-0.013115049059127325,-0.013115049059127325,-0.013115049059127325,-0.013115049059127325,-0.013115049059127325,-0.013115049059127325,-0.013115049059127325,-0.013115049059127325,-0.011224988518655044,-0.009334927978182764,-0.005554806897238203
2015-03-11,-0.005190747372208282,-0.005190747372208282,-0.005190747372208282,-0.005190747372208282,-0.005190747372208282,-0.005190747372208282,-0.005190747372208282,-0.005190747372208282,-0.005190747372208282,-0.005190747372208282,-0.005190747372208282
2015-03-12,0.021369954885311144,0.021369954885311144,0.021369954885311144,0.021369954885311144,0.021369954885311144,0.021369954885311144,0.021369954885311144,0.021369954885311144,0.021369954885311144,0.021369954885311144,0.021369954885311144
2015-03-13,-0.010170943917980608,-0.010170943917980608,-0.010170943917980608,-0.010170943917980608,-0.010170943917980608,-0.010170943917980608,-0.010170943917980608,-0.010170943917980608,-0.010170943917980608,-0.010170943917980608,-0.010170943917980608
2015-03-16,0.019524322884068246,0.019524322884068246,0.019524322884068246,0.019524322884068246,0.019524322884068246,0.019524322884068246,0.019524322884068246,0.019524322884068246,0.019524322884068246,0.019524322884068246,0.019524322884068246
2015-03-17,0.0017497962602118426,0.0017497962602118426,0.0017497962602118426,0.0017497962602118426,0.0017497962602118426,0.0017497962602118426,0.0017497962602118426,0.0017497962602118426,0.0017497962602118426,0.0017497962602118426,0.0017497962602118426
2015-03-18,0.04014235140714721,0.04014235140714721,0.04014235140714721,0.04014235140714721,0.04014235140714721,0.04014235140714721,0.04014235140714721,0.04014235140714721,0.04014235140714721,0.04014235140714721,0.04014235140714721
2015-03-19,-0.006190501820507662,-0.006190501820507662,-0.006190501820507662,-0.006190501820507662,-0.006190501820507662,-0.006190501820507662,-0.006190501820507662,-0.006190501820507662,-0.006190501820507662,-0.006190501820507662,-0.006190501820507662
2015-03-20,0.0186386554812253,0.017667412245738354,0.016696169010251404,0.0186386554812253,0.0186386554812253,0.0186386554812253,0.0186386554812253,0.0186386554812253,0.0186386554812253,0.0186386554812253,0.0186386554812253
2015-03-23,0.0052080816030016675,0.004296614375627864,0.0033851471482540607,0.0052080816030016675,0.0052080816030016675,0.0052080816030016675,0.0052080816030016675,0.0052080816030016675,0.004296614375627864,0.0033851471482540607,0.0015622126935064533
2015-03-24,0.006626258916476268,0.006418153546499992,0.006210048176523716,0.006626258916476268,0.006626258916476268,0.006626258916476268,0.006626258916476268,0.006626258916476268,0.006626258916476268,0.006626258916476268,0.006626258916476268
2015-03-25,-0.01453049175019237,-0.012226867750950457,-0.009923243751708544,-0.01453049175019237,-0.01453049175019237,-0.01453049175019237,-0.01453049175019237,-0.01453049175019237,-0.01453049175019237,-0.01453049175019237,-0.01453049175019237
2015-03-26,-0.010507348545707153,-0.01091193148853513,-0.01131651443136311,-0.010507348545707153,-0.010507348545707153,-0.010507348545707153,-0.010507348545707153,-0.010507348545707153,-0.010507348545707153,-0.010507348545707153,-0.010507348545707153
2015-03-27,0.011688957742137173,0.011156886987422105,0.010624816232707036,0.011688957742137173,0.011688957742137173,0.011688957742137173,0.011688957742137173,0.011688957742137173,0.011688957742137173,0.011688957742137173,0.011688957742137173
2015-03-30,0.0032122025483861884,0.0019385811598231955,0.0006649597712602034,0.0032122025483861884,0.0032122025483861884,0.0032122025483861884,0.0032122025483861884,0.0032122025483861884,0.0032122025483861884,0.0032122025483861884,0.0032122025483861884
2015-03-31,-0.008094446103602354,-0.007020702964866289,-0.005946959826130224,-0.008094446103602354,-0.008094446103602354,-0.008094446103602354,-0.008094446103602354,-0.008094446103602354,-0.008094446103602354,-0.008094446103602354,-0.008094446103602354
2015-04-01,0.011450963784997634,0.011467379076875752,0.01148379436875387,0.011450963784997634,0.011450963784997634,0.011450963784997634,0.011450963784997634,0.011450963784997634,0.011450963784997634,0.011450963784997634,0.011450963784997634
2015-04-02,0.0036248563466797865,0.0024725654644955257,0.001320274582311265,0.0036248563466797865,0.0036248563466797865,0.0036248563466797865,0.0036248563466797865,0.0036248563466797865,0.0036248563466797865,0.0036248563466797865,0.0036248563466797865
2015-04-06,0.016595018508033434,0.015341779020169147,0.014088539532304862,0.016595018508033434,0.016595018508033434,0.016595018508033434,0.016595018508033434,0.016595018508033434,0.016595018508033434,0.016595018508033434,0.016595018508033434
2015-04-07,-0.0035344619211723377,-0.0036378564949662083,-0.0037412510687600794,-0.0035344619211723377,-0.0035344619211723377,-0.0035344619211723377,-0.0035344619211723377,-0.0035344619211723377,-0.0035344619211723377,-0.0035344619211723377,-0.0035344619211723377
2015-04-08,0.003910542212532514,0.0028569657913455775,0.001803389370158641,0.003910542212532514,0.003910542212532514,0.003910542212532514,0.003910542212532514,0.003910542212532514,0.003910542212532514,0.003910542212532514,0.003910542212532514
2015-04-09,-0.00156791203817224,-0.0032026030890714985,-0.004837294139970758,-0.00156791203817224,-0.00156791203817224,-0.00156791203817224,-0.00156791203817224,-0.00156791203817224,-0.00156791203817224,-0.00156791203817224,-0.00156791203817224
2015-04-10,0.01961864027566291,0.017264236026017253,0.014909831776371592,0.01961864027566291,0.01961864027566291,0.01961864027566291,0.01961864027566291,0.01961864027566291,0.01961864027566291,0.01961864027566291,0.01961864027566291
2015-04-13,-0.011691894260241985,-0.010235066127506326,-0.008778237994770666,-0.011691894260241985,-0.011691894260241985,-0.011691894260241985,-0.011691894260241985,-0.011691894260241985,-0.011691894260241985,-0.011691894260241985,-0.011691894260241985
2015-04-14,0.003463714148767878,0.00295416160421548,0.002444609059663082,0.003463714148767878,0.003463714148767878,0.003463714148767878,0.003463714148767878,0.003463714148767878,0.003463714148767878,0.003463714148767878,0.003463714148767878
2015-04-15,0.01184377105636069,0.010816093345641131,0.009788415634921572,0.010816093345641131,0.009788415634921572,0.01184377105636069,0.01184377105636069,0.01184377105636069,0.01184377105636069,0.01184377105636069,0.01184377105636069
2015-04-16,-0.0009894147109420545,-0.0019214216626434527,-0.002853428614344851,-0.0019214216626434527,-0.002853428614344851,-0.0009894147109420545,-0.0009894147109420545,-0.0009894147109420545,-0.0009894147109420545,-0.0009894147109420545,-0.0009894147109420545
2015-04-17,-0.006371942937672388,-0.004685492541534792,-0.002999042145397195,-0.004685492541534792,-0.002999042145397195,-0.006371942937672388,-0.006371942937672388,-0.006371942937672388,-0.006371942937672388,-0.006371942937672388,-0.006371942937672388
2015-04-20,0.0034552638650804258,0.001836241316848529,0.0002172187686166325,0.001836241316848529,0.0002172187686166325,0.0034552638650804258,0.0034552638650804258,0.0034552638650804258,0.001836241316848529,0.0002172187686166325,-0.0030208263278471608
2015-04-21,0.00037167214352010734,0.0004136577703818756,0.0004556433972436438,0.0004136577703818756,0.0004556433972436438,0.00037167214352010734,0.00037167214352010734,0.00037167214352010734,0.00037167214352010734,0.00037167214352010734,0.00037167214352010734
2015-04-22,-0.00979729108373232,-0.010354892881269201,-0.010912494678806083,-0.010354892881269201,-0.010912494678806083,-0.00979729108373232,-0.00979729108373232,-0.00979729108373232,-0.00979729108373232,-0.00979729108373232,-0.00979729108373232
2015-04-23,0.010107938503550167,0.009641700326931952,0.009175462150313738,0.009641700326931952,0.009175462150313738,0.010107938503550167,0.010107938503550167,0.010107938503550167,0.010107938503550167,0.010107938503550167,0.010107938503550167
2015-04-24,-0.0031125433015464906,-0.0035920992795939314,-0.004071655257641372,-0.0035920992795939314,-0.004071655257641372,-0.0031125433015464906,-0.0031125433015464906,-0.0031125433015464906,-0.0031125433015464906,-0.0031125433015464906,-0.0031125433015464906
2015-04-27,0.0062381348216000625,0.007675281487244294,0.009112428152888525,0.007675281487244294,0.009112428152888525,0.0062381348216000625,0.0062381348216000625,0.0062381348216000625,0.0062381348216000625,0.0062381348216000625,0.0062381348216000625
2015-04-28,-0.0024795933865255837,-0.004122962469012992,-0.0057663315515004,-0.004122962469012992,-0.0057663315515004,-0.0024795933865255837,-0.0024795933865255837,-0.0024795933865255837,-0.0024795933865255837,-0.0024795933865255837,-0.0024795933865255837
2015-04-29,-0.023090714714458453,-0.021996488734359426,-0.0209022627542604,-0.021996488734359426,-0.0209022627542604,-0.023090714714458453,-0.023090714714458453,-0.023090714714458453,-0.023090714714458453,-0.023090714714458453,-0.023090714714458453
2015-04-30,-0.011029130815282603,-0.009933712742813915,-0.008838294670345227,-0.009933712742813915,-0.008838294670345227,-0.011029130815282603,-0.011029130815282603,-0.011029130815282603,-0.011029130815282603,-0.011029130815282603,-0.011029130815282603
2015-05-01,0.016407328565181328,0.014521356621316676,0.012635384677452025,0.014521356621316676,0.012635384677452025,0.016407328565181328,0.016407328565181328,0.016407328565181328,0.014521356621316676,0.012635384677452025,0.008863440789722723
2015-05-04,0.007604847552820266,0.007649026783567177,0.007693206014314088,0.007649026783567177,0.007693206014314088,0.007604847552820266,0.007604847552820266,0.007604847552820266,0.007604847552820266,0.007604847552820266,0.007604847552820266
2015-05-05,-0.01938204265827806,-0.01800820789878334,-0.016634373139288623,-0.01800820789878334,-0.016634373139288623,-0.01938204265827806,-0.01938204265827806,-0.01938204265827806,-0.01938204265827806,-0.01938204265827806,-0.01938204265827806
2015-05-06,-0.007968026478404264,-0.007312244494466338,-0.006656462510528413,-0.007312244494466338,-0.006656462510528413,-0.007968026478404264,-0.007968026478404264,-0.007968026478404264,-0.007968026478404264,-0.007968026478404264,-0.007968026478404264
2015-05-07,0.0033552609141827097,0.003049776037290219,0.002744291160397728,0.003049776037290219,0.002744291160397728,0.0033552609141827097,0.0033552609141827097,0.0033552609141827097,0.0033552609141827097,0.0033552609141827097,0.0033552609141827097
2015-05-08,0.017387949952676226,0.017387949952676226,0.017387949952676226,0.017387949952676226,0.017387949952676226,0.017387949952676226,0.017387949952676226,0.017387949952676226,0.017387949952676226,0.017387949952676226,0.017387949952676226
2015-05-11,-0.01309322147151484,-0.01309322147151484,-0.01309322147151484,-0.01309322147151484,-0.01309322147151484,-0.01309322147151484,-0.01309322147151484,-0.01309322147151484,-0.01309322147151484,-0.01309322147151484,-0.01309322147151484
2015-05-12,0.004712043377347164,0.004527942858935628,0.004343842340524093,0.004527942858935628,0.004343842340524093,0.004712043377347164,0.004712043377347164,0.004712043377347164,0.004712043377347164,0.004712043377347164,0.004712043377347164
2015-05-13,0.009563743372807784,0.008820324292492066,0.008076905212176346,0.008820324292492066,0.008076905212176346,0.009563743372807784,0.009563743372807784,0.009563743372807784,0.008820324292492066,0.008076905212176346,0.00659006705154491
2015-05-14,0.01509980854129232,0.01423378821622057,0.01336776789114882,0.01423378821622057,0.01336776789114882,0.01509980854129232,0.01509980854129232,0.01509980854129232,0.01509980854129232,0.01509980854129232,0.01509980854129232
2015-05-15,0.013626476892886008,0.013289308540779933,0.012952140188673855,0.013289308540779933,0.012952140188673855,0.013626476892886008,0.013626476892886008,0.013626476892886008,0.013626476892886008,0.013626476892886008,0.013626476892886008
2015-05-18,0.00017393689040488824,-0.0012624445389692249,-0.0026988259683433363,-0.0012624445389692249,-0.0026988259683433363,0.00017393689040488824,0.00017393689040488824,0.00017393689040488824,0.00017393689040488824,0.00017393689040488824,0.00017393689040488824
2015-05-19,-0.01008344671470322,-0.01065789936794468,-0.011232352021186142,-0.01065789936794468,-0.011232352021186142,-0.01008344671470322,-0.01008344671470322,-0.01008344671470322,-0.01008344671470322,-0.01008344671470322,-0.01008344671470322
2015-05-20,0.0007856758834971533,0.0009068270942856246,0.001027978305074096,0.0009068270942856246,0.001027978305074096,0.0007856758834971533,0.0007856758834971533,0.0007856758834971533,0.0007856758834971533,0.0007856758834971533,0.0007856758834971533
2015-05-21,0.011657084082473202,0.010411935626048294,0.009166787169623384,0.010411935626048294,0.009166787169623384,0.011657084082473202,0.011657084082473202,0.011657084082473202,0.010411935626048294,0.009166787169623384,0.006676490256773567
2015-05-22,-0.0019452287751077467,-0.0018633129586218553,-0.001781397142135964,-0.0018633129586218553,-0.001781397142135964,-0.0019452287751077467,-0.0019452287751077467,-0.0019452287751077467,-0.0019452287751077467,-0.0019452287751077467,-0.0019452287751077467
2015-05-26,-0.009229117523536126,-0.007256807745605887,-0.005284497967675647,-0.007256807745605887,-0.005284497967675647,-0.009229117523536126,-0.009229117523536126,-0.009229117523536126,-0.009229117523536126,-0.009229117523536126,-0.009229117523536126
2015-05-27,0.00978228661749658,0.007944733987149047,0.006107181356801515,0.007944733987149047,0.006107181356801515,0.00978228661749658,0.00978228661749658,0.00978228661749658,0.00978228661749658,0.00978228661749658,0.00978228661749658
2015-05-28,0.0007849118928196866,0.0007849118928196866,0.0007849118928196866,0.0007849118928196866,0.0007849118928196866,0.0007849118928196866,0.0007849118928196866,0.0007849118928196866,0.0007849118928196866,0.0007849118928196866,0.0007849118928196866
2015-05-29,0.0025819738013140216,0.0025819738013140216,0.0025819738013140216,0.0025819738013140216,0.0025819738013140216,0.0025819738013140216,0.0025819738013140216,0.0025819738013140216,0.0025819738013140216,0.0025819738013140216,0.0025819738013140216
2015-06-01,0.0020008243279065574,0.0016149721120808061,0.0012291198962550544,0.0016149721120808061,0.0012291198962550544,0.0020008243279065574,0.0020008243279065574,0.0020008243279065574,0.0020008243279065574,0.0020008243279065574,0.0020008243279065574
2015-06-02,-0.003472668116538015,-0.0028907668282109823,-0.0023088655398839507,-0.0028907668282109823,-0.0023088655398839507,-0.003472668116538015,-0.003472668116538015,-0.003472668116538015,-0.003472668116538015,-0.003472668116538015,-0.003472668116538015
2015-06-03,-0.004854229852901783,-0.004854229852901783,-0.004854229852901783,-0.004854229852901783,-0.004854229852901783,-0.004854229852901783,-0.004854229852901783,-0.004854229852901783,-0.004854229852901783,-0.004854229852901783,-0.004854229852901783
2015-06-04,-0.005706749138979939,-0.005706749138979939,-0.005706749138979939,-0.005706749138979939,-0.005706749138979939,-0.005706749138979939,-0.005706749138979939,-0.005706749138979939,-0.005706749138979939,-0.005706749138979939,-0.005706749138979939
2015-06-05,-0.0034562924744256244,-0.004037878150793986,-0.004619463827162347,-0.0034562924744256244,-0.0034562924744256244,-0.0034562924744256244,-0.0034562924744256244,-0.0034562924744256244,-0.0034562924744256244,-0.0034562924744256244,-0.0034562924744256244
2015-06-08,-0.0036145136383848686,-0.0036145136383848686,-0.0036145136383848686,-0.0036145136383848686,-0.0036145136383848686,-0.0036145136383848686,-0.0036145136383848686,-0.0036145136383848686,-0.0036145136383848686,-0.0036145136383848686,-0.0036145136383848686
2015-06-09,-0.001188281704912624,-0.0016987993687365905,-0.0022093170325605573,-0.0016987993687365905,-0.0022093170325605573,-0.001188281704912624,-0.001188281704912624,-0.001188281704912624,-0.0016987993687365905,-0.0022093170325605573,-0.0032303523602084903
2015-06-10,0.003409892776261083,0.003409892776261083,0.003409892776261083,0.003409892776261083,0.003409892776261083,0.003409892776261083,0.003409892776261083,0.003409892776261083,0.003409892776261083,0.003409892776261083,0.003409892776261083
2015-06-11,0.01314678158544233,0.012274370465573418,0.011401959345704505,0.01314678158544233,0.01314678158544233,0.01314678158544233,0.01314678158544233,0.01314678158544233,0.01314678158544233,0.01314678158544233,0.01314678158544233
2015-06-12,-0.007275427047732024,-0.0067678368285037736,-0.006260246609275523,-0.007275427047732024,-0.007275427047732024,-0.007275427047732024,-0.007275427047732024,-0.007275427047732024,-0.007275427047732024,-0.007275427047732024,-0.007275427047732024
2015-06-15,-0.007479583453810706,-0.005639779717831436,-0.0037999759818521644,-0.007479583453810706,-0.007479583453810706,-0.007479583453810706,-0.007479583453810706,-0.007479583453810706,-0.007479583453810706,-0.007479583453810706,-0.007479583453810706
2015-06-16,0.008951422006308052,0.008220073926515664,0.007488725846723278,0.008951422006308052,0.008951422006308052,0.008951422006308052,0.008951422006308052,0.008951422006308052,0.008951422006308052,0.008951422006308052,0.008951422006308052
2015-06-17,-0.0002745552250946285,-0.0002745552250946285,-0.0002745552250946285,-0.0002745552250946285,-0.0002745552250946285,-0.0002745552250946285,-0.0002745552250946285,-0.0002745552250946285,-0.0002745552250946285,-0.0002745552250946285,-0.0002745552250946285
2015-06-18,0.008633580594291878,0.008633580594291878,0.008633580594291878,0.008633580594291878,0.008633580594291878,0.008633580594291878,0.008633580594291878,0.008633580594291878,0.008633580594291878,0.008633580594291878,0.008633580594291878
2015-06-19,3.826169269838492e-05,0.0004819653801533656,0.0009256690676083464,3.826169269838492e-05,3.826169269838492e-05,3.826169269838492e-05,3.826169269838492e-05,3.826169269838492e-05,3.826169269838492e-05,3.826169269838492e-05,3.826169269838492e-05
2015-06-22,-0.006192785299634238,-0.007915840488956053,-0.009638895678277868,-0.006192785299634238,-0.006192785299634238,-0.006192785299634238,-0.006192785299634238,-0.006192785299634238,-0.006192785299634238,-0.006192785299634238,-0.006192785299634238
2015-06-23,-0.0031052430288516504,-0.004492068586553341,-0.005878894144255032,-0.0031052430288516504,-0.0031052430288516504,-0.0031052430288516504,-0.0031052430288516504,-0.0031052430288516504,-0.0031052430288516504,-0.0031052430288516504,-0.0031052430288516504
2015-06-24,-0.0032039235668924163,-0.0032039235668924163,-0.0032039235668924163,-0.0032039235668924163,-0.0032039235668924163,-0.0032039235668924163,-0.0032039235668924163,-0.0032039235668924163,-0.0032039235668924163,-0.0032039235668924163,-0.0032039235668924163
2015-06-25,-0.006537757950869727,-0.006537757950869727,-0.006537757950869727,-0.006537757950869727,-0.006537757950869727,-0.006537757950869727,-0.006537757950869727,-0.006537757950869727,-0.006537757950869727,-0.006537757950869727,-0.006537757950869727
2015-06-26,-0.01107544036659365,-0.011300837170854727,-0.011526233975115806,-0.01107544036659365,-0.01107544036659365,-0.01107544036659365,-0.01107544036659365,-0.01107544036659365,-0.01107544036659365,-0.01107544036659365,-0.01107544036659365
2015-06-29,0.05518345826483034,0.05518345826483034,0.05518345826483034,0.05518345826483034,0.05518345826483034,0.05518345826483034,0.05518345826483034,0.05518345826483034,0.05518345826483034,0.05518345826483034,0.05518345826483034
2015-06-30,-0.011692396834708354,-0.011692396834708354,-0.011692396834708354,-0.011692396834708354,-0.011692396834708354,-0.011692396834708354,-0.011692396834708354,-0.011692396834708354,-0.011692396834708354,-0.011692396834708354,-0.011692396834708354
2015-07-01,-0.00597898519542427,-0.00597898519542427,-0.00597898519542427,-0.00597898519542427,-0.00597898519542427,-0.00597898519542427,-0.00597898519542427,-0.00597898519542427,-0.00597898519542427,-0.00597898519542427,-0.00597898519542427
2015-07-02,0.005985296267919782,0.005985296267919782,0.005985296267919782,0.005985296267919782,0.005985296267919782,0.005985296267919782,0.005985296267919782,0.005985296267919782,0.005985296267919782,0.005985296267919782,0.005985296267919782
2015-07-06,0.0014511988207747755,0.0014511988207747755,0.0014511988207747755,0.0014511988207747755,0.0014511988207747755,0.0014511988207747755,0.0014511988207747755,0.0014511988207747755,0.0014511988207747755,0.0014511988207747755,0.0014511988207747755
2015-07-07,0.008329202746169663,0.008329202746169663,0.008329202746169663,0.008329202746169663,0.008329202746169663,0.008329202746169663,0.008329202746169663,0.008329202746169663,0.008329202746169663,0.008329202746169663,0.008329202746169663
2015-07-08,-0.03041055704000914,-0.03041055704000914,-0.03041055704000914,-0.03041055704000914,-0.03041055704000914,-0.03041055704000914,-0.03041055704000914,-0.03041055704000914,-0.03041055704000914,-0.03041055704000914,-0.03041055704000914
2015-07-09,-0.004861795564156794,-0.004861795564156794,-0.004861795564156794,-0.004861795564156794,-0.004861795564156794,-0.004861795564156794,-0.004861795564156794,-0.004861795564156794,-0.004861795564156794,-0.004861795564156794,-0.004861795564156794
2015-07-10,0.0030884565323281415,0.0030884565323281415,0.0030884565323281415,0.0030884565323281415,0.0030884565323281415,0.0030884565323281415,0.0030884565323281415,0.0030884565323281415,0.0030884565323281415,0.0030884565323281415,0.0030884565323281415
2015-07-13,0.004779697158168712,0.004779697158168712,0.004779697158168712,0.004779697158168712,0.004779697158168712,0.004779697158168712,0.004779697158168712,0.004779697158168712,0.004779697158168712,0.004779697158168712,0.004779697158168712
2015-07-14,0.004523767908022772,0.004523767908022772,0.004523767908022772,0.004523767908022772,0.004523767908022772,0.004523767908022772,0.004523767908022772,0.004523767908022772,0.004523767908022772,0.004523767908022772,0.004523767908022772
2015-07-15,0.0007177301365359991,0.0007177301365359991,0.0007177301365359991,0.0007177301365359991,0.0007177301365359991,0.0007177301365359991,0.0007177301365359991,0.0007177301365359991,0.0007177301365359991,0.0007177301365359991,0.0007177301365359991
2015-07-16,0.016902398660576544,0.016902398660576544,0.016902398660576544,0.016902398660576544,0.016902398660576544,0.016902398660576544,0.016902398660576544,0.016902398660576544,0.016902398660576544,0.016902398660576544,0.016902398660576544
2015-07-17,-0.0033974102309371275,-0.0033974102309371275,-0.0033974102309371275,-0.0033974102309371275,-0.0033974102309371275,-0.0033974102309371275,-0.0033974102309371275,-0.0033974102309371275,-0.0033974102309371275,-0.0033974102309371275,-0.0033974102309371275
2015-07-20,-0.019885772029362994,-0.019885772029362994,-0.019885772029362994,-0.019885772029362994,-0.019885772029362994,-0.019885772029362994,-0.019885772029362994,-0.019885772029362994,-0.019885772029362994,-0.019885772029362994,-0.019885772029362994
2015-07-21,-0.0018702714370028436,-0.0018702714370028436,-0.0018702714370028436,-0.0018702714370028436,-0.0018702714370028436,-0.0018702714370028436,-0.0018702714370028436,-0.0018702714370028436,-0.0018702714370028436,-0.0018702714370028436,-0.0018702714370028436
2015-07-22,-0.0012967298457691803,-0.0012967298457691803,-0.0012967298457691803,-0.0012967298457691803,-0.0012967298457691803,-0.0012967298457691803,-0.0012967298457691803,-0.0012967298457691803,-0.0012967298457691803,-0.0012967298457691803,-0.0012967298457691803
2015-07-23,-0.003589126896152057,-0.003589126896152057,-0.003589126896152057,-0.003589126896152057,-0.003589126896152057,-0.003589126896152057,-0.003589126896152057,-0.003589126896152057,-0.003589126896152057,-0.003589126896152057,-0.003589126896152057
2015-07-24,-0.0008890907936184812,-0.0008890907936184812,-0.0008890907936184812,-0.0008890907936184812,-0.0008890907936184812,-0.0008890907936184812,-0.0008890907936184812,-0.0008890907936184812,-0.0008890907936184812,-0.0008890907936184812,-0.0008890907936184812
2015-07-27,-0.012841858421626025,-0.012841858421626025,-0.012841858421626025,-0.012841858421626025,-0.012841858421626025,-0.012841858421626025,-0.012841858421626025,-0.012841858421626025,-0.012841858421626025,-0.012841858421626025,-0.012841858421626025
2015-07-28,0.012003229029278866,0.012003229029278866,0.012003229029278866,0.012003229029278866,0.012003229029278866,0.012003229029278866,0.012003229029278866,0.012003229029278866,0.012003229029278866,0.012003229029278866,0.012003229029278866
2015-07-29,0.003003956258368294,0.003003956258368294,0.003003956258368294,0.003003956258368294,0.003003956258368294,0.003003956258368294,0.003003956258368294,0.003003956258368294,0.003003956258368294,0.003003956258368294,0.003003956258368294
2015-07-30,0.0015028036545476871,0.0015028036545476871,0.0015028036545476871,0.0015028036545476871,0.0015028036545476871,0.0015028036545476871,0.0015028036545476871,0.0015028036545476871,0.0015028036545476871,0.0015028036545476871,0.0015028036545476871
2015-07-31,0.008808011922473984,0.008808011922473984,0.008808011922473984,0.008808011922473984,0.008808011922473984,0.008808011922473984,0.008808011922473984,0.008808011922473984,0.008808011922473984,0.008808011922473984,0.008808011922473984
2015-08-03,-0.005775757881650255,-0.005775757881650255,-0.005775757881650255,-0.005775757881650255,-0.005775757881650255,-0.005775757881650255,-0.005775757881650255,-0.005775757881650255,-0.005775757881650255,-0.005775757881650255,-0.005775757881650255
2015-08-04,-0.001428058939599354,-0.001428058939599354,-0.001428058939599354,-0.001428058939599354,-0.001428058939599354,-0.001428058939599354,-0.001428058939599354,-0.001428058939599354,-0.001428058939599354,-0.001428058939599354,-0.001428058939599354
2015-08-05,0.0008458761787628605,0.0008458761787628605,0.0008458761787628605,0.0008458761787628605,0.0008458761787628605,0.0008458761787628605,0.0008458761787628605,0.0008458761787628605,0.0008458761787628605,0.0008458761787628605,0.0008458761787628605
2015-08-06,-0.009564235611426098,-0.009564235611426098,-0.009564235611426098,-0.009564235611426098,-0.009564235611426098,-0.009564235611426098,-0.009564235611426098,-0.009564235611426098,-0.009564235611426098,-0.009564235611426098,-0.009564235611426098
2015-08-07,0.0025307364108243247,0.0025307364108243247,0.0025307364108243247,0.0025307364108243247,0.0025307364108243247,0.0025307364108243247,0.0025307364108243247,0.0025307364108243247,0.0025307364108243247,0.0025307364108243247,0.0025307364108243247
2015-08-10,0.016134816673915822,0.016134816673915822,0.016134816673915822,0.016134816673915822,0.016134816673915822,0.016134816673915822,0.016134816673915822,0.016134816673915822,0.016134816673915822,0.016134816673915822,0.016134816673915822
2015-08-11,-0.0030791105487032386,-0.0030791105487032386,-0.0030791105487032386,-0.0030791105487032386,-0.0030791105487032386,-0.0030791105487032386,-0.0030791105487032386,-0.0030791105487032386,-0.0030791105487032386,-0.0030791105487032386,-0.0030791105487032386
2015-08-12,0.00818475969179787,0.00818475969179787,0.00818475969179787,0.00818475969179787,0.00818475969179787,0.00818475969179787,0.00818475969179787,0.00818475969179787,0.00818475969179787,0.00818475969179787,0.00818475969179787
2015-08-13,-0.0066066411550830435,-0.0066066411550830435,-0.0066066411550830435,-0.0066066411550830435,-0.0066066411550830435,-0.0066066411550830435,-0.0066066411550830435,-0.0066066411550830435,-0.0066066411550830435,-0.0066066411550830435,-0.0066066411550830435
2015-08-14,0.004086576407252084,0.004086576407252084,0.004086576407252084,0.004086576407252084,0.004086576407252084,0.004086576407252084,0.004086576407252084,0.004086576407252084,0.004086576407252084,0.004086576407252084,0.004086576407252084
2015-08-17,0.010218109157611462,0.010218109157611462,0.010218109157611462,0.010218109157611462,0.010218109157611462,0.010218109157611462,0.010218109157611462,0.010218109157611462,0.00977455721612389,0.009331005274636317,0.008443901391661174
2015-08-18,-0.007204564658351105,-0.007204564658351105,-0.007204564658351105,-0.007204564658351105,-0.007204564658351105,-0.007204564658351105,-0.007204564658351105,-0.007204564658351105,-0.007204564658351105,-0.007204564658351105,-0.007204564658351105
2015-08-19,0.004290731291059883,0.004290731291059883,0.004290731291059883,0.004290731291059883,0.004290731291059883,0.004290731291059883,0.004290731291059883,0.004290731291059883,0.004290731291059883,0.004290731291059883,0.004290731291059883
2015-08-20,-0.011026227125677473,-0.011026227125677473,-0.011026227125677473,-0.011026227125677473,-0.011026227125677473,-0.011026227125677473,-0.011026227125677473,-0.011026227125677473,-0.008009940377379161,-0.004993653629080846,0.0010389198675157807
2015-08-21,-0.01456554513253788,-0.01456554513253788,-0.01456554513253788,-0.01456554513253788,-0.01456554513253788,-0.01456554513253788,-0.01456554513253788,-0.01456554513253788,-0.01456554513253788,-0.01456554513253788,-0.01456554513253788
2015-08-24,-0.032213930936410506,-0.032213930936410506,-0.032213930936410506,-0.032213930936410506,-0.032213930936410506,-0.032213930936410506,-0.032213930936410506,-0.032213930936410506,-0.032213930936410506,-0.032213930936410506,-0.032213930936410506
2015-08-25,-0.013720938003955059,-0.013720938003955059,-0.013720938003955059,-0.013720938003955059,-0.013720938003955059,-0.013720938003955059,-0.013720938003955059,-0.013720938003955059,-0.013720938003955059,-0.013720938003955059,-0.013720938003955059
2015-08-26,-0.00046263636719806286,-0.00046263636719806286,-0.00046263636719806286,-0.00046263636719806286,-0.00046263636719806286,-0.00046263636719806286,-0.00046263636719806286,-0.00046263636719806286,-0.00046263636719806286,-0.00046263636719806286,-0.00046263636719806286
2015-08-27,0.020721305069953417,0.020721305069953417,0.020721305069953417,0.020721305069953417,0.020721305069953417,0.020721305069953417,0.020721305069953417,0.020721305069953417,0.020721305069953417,0.020721305069953417,0.020721305069953417
2015-08-28,0.013101699737701089,0.013101699737701089,0.013101699737701089,0.013101699737701089,0.013101699737701089,0.013101699737701089,0.013101699737701089,0.013101699737701089,0.013101699737701089,0.013101699737701089,0.013101699737701089
2015-08-31,-0.010669820949793993,-0.010669820949793993,-0.010669820949793993,-0.010669820949793993,-0.010669820949793993,-0.010669820949793993,-0.010669820949793993,-0.010669820949793993,-0.010669820949793993,-0.010669820949793993,-0.010669820949793993
2015-09-01,-0.038017922862665275,-0.038017922862665275,-0.038017922862665275,-0.038017922862665275,-0.038017922862665275,-0.038017922862665275,-0.038017922862665275,-0.038017922862665275,-0.038017922862665275,-0.038017922862665275,-0.038017922862665275
2015-09-02,0.026246271112028357,0.026246271112028357,0.026246271112028357,0.026246271112028357,0.026246271112028357,0.026246271112028357,0.026246271112028357,0.026246271112028357,0.026246271112028357,0.026246271112028357,0.026246271112028357
2015-09-03,-0.004395331315392051,-0.004395331315392051,-0.004395331315392051,-0.004395331315392051,-0.004395331315392051,-0.004395331315392051,-0.004395331315392051,-0.004395331315392051,-0.004395331315392051,-0.004395331315392051,-0.004395331315392051
2015-09-04,-0.022041368785918253,-0.022041368785918253,-0.022041368785918253,-0.022041368785918253,-0.022041368785918253,-0.022041368785918253,-0.022041368785918253,-0.022041368785918253,-0.022041368785918253,-0.022041368785918253,-0.022041368785918253
2015-09-08,0.02635654879016165,0.02635654879016165,0.02635654879016165,0.02635654879016165,0.02635654879016165,0.02635654879016165,0.02635654879016165,0.02635654879016165,0.02635654879016165,0.02635654879016165,0.02635654879016165
2015-09-09,-0.018409198445844707,-0.018409198445844707,-0.018409198445844707,-0.018409198445844707,-0.018409198445844707,-0.018409198445844707,-0.018409198445844707,-0.018409198445844707,-0.018409198445844707,-0.018409198445844707,-0.018409198445844707
2015-09-10,0.004485503676138945,0.004485503676138945,0.004485503676138945,0.004485503676138945,0.004485503676138945,0.004485503676138945,0.004485503676138945,0.004485503676138945,0.004485503676138945,0.004485503676138945,0.004485503676138945
2015-09-11,0.00793508109957234,0.00793508109957234,0.00793508109957234,0.00793508109957234,0.00793508109957234,0.00793508109957234,0.00793508109957234,0.00793508109957234,0.00793508109957234,0.00793508109957234,0.00793508109957234
2015-09-14,-0.0008754482837702736,-0.0008754482837702736,-0.0008754482837702736,-0.0008754482837702736,-0.0008754482837702736,-0.0008754482837702736,-0.0008754482837702736,-0.0008754482837702736,-0.0008754482837702736,-0.0008754482837702736,-0.0008754482837702736
2015-09-15,0.008918473998975022,0.008918473998975022,0.008918473998975022,0.008918473998975022,0.008918473998975022,0.008918473998975022,0.008918473998975022,0.008918473998975022,0.008918473998975022,0.008918473998975022,0.008918473998975022
2015-09-16,0.012822382348471405,0.012822382348471405,0.012822382348471405,0.012822382348471405,0.012822382348471405,0.012822382348471405,0.012822382348471405,0.012822382348471405,0.012822382348471405,0.012822382348471405,0.012822382348471405
2015-09-17,0.014477040361969555,0.014477040361969555,0.014477040361969555,0.014477040361969555,0.014477040361969555,0.014477040361969555,0.014477040361969555,0.014477040361969555,0.014477040361969555,0.014477040361969555,0.014477040361969555
2015-09-18,-0.011357871517726107,-0.011357871517726107,-0.011357871517726107,-0.011357871517726107,-0.011357871517726107,-0.011357871517726107,-0.011357871517726107,-0.011357871517726107,-0.011357871517726107,-0.011357871517726107,-0.011357871517726107
2015-09-21,-0.0014790593899249808,-0.0014790593899249808,-0.0014790593899249808,-0.0014790593899249808,-0.0014790593899249808,-0.0014790593899249808,-0.0014790593899249808,-0.0014790593899249808,-0.0014790593899249808,-0.0014790593899249808,-0.0014790593899249808
2015-09-22,-0.015310850330695045,-0.015310850330695045,-0.015310850330695045,-0.015310850330695045,-0.015310850330695045,-0.015310850330695045,-0.015310850330695045,-0.015310850330695045,-0.015310850330695045,-0.015310850330695045,-0.015310850330695045
2015-09-23,0.0053440395643229366,0.0053440395643229366,0.0053440395643229366,0.0053440395643229366,0.0053440395643229366,0.0053440395643229366,0.0053440395643229366,0.0053440395643229366,0.0053440395643229366,0.0053440395643229366,0.0053440395643229366
2015-09-24,0.01263005579558649,0.01263005579558649,0.01263005579558649,0.01263005579558649,0.01263005579558649,0.01263005579558649,0.01263005579558649,0.01263005579558649,0.01263005579558649,0.01263005579558649,0.01263005579558649
2015-09-25,-0.013578705892569919,-0.013578705892569919,-0.013578705892569919,-0.013578705892569919,-0.013578705892569919,-0.013578705892569919,-0.013578705892569919,-0.013578705892569919,-0.013578705892569919,-0.013578705892569919,-0.013578705892569919
2015-09-28,-0.011044774404821876,-0.011044774404821876,-0.011044774404821876,-0.011044774404821876,-0.011044774404821876,-0.011044774404821876,-0.011044774404821876,-0.011044774404821876,-0.011044774404821876,-0.011044774404821876,-0.011044774404821876
2015-09-29,-0.0003563093822331458,-0.0003563093822331458,-0.0003563093822331458,-0.0003563093822331458,-0.0003563093822331458,-0.0003563093822331458,-0.0003563093822331458,-0.0003563093822331458,-0.0003172297768822806,-0.00027815017153141544,-0.00019999096082968506
2015-09-30,0.011669747551829639,0.011669747551829639,0.011669747551829639,0.011669747551829639,0.011669747551829639,0.011669747551829639,0.011669747551829639,0.011669747551829639,0.011669747551829639,0.011669747551829639,0.011669747551829639
2015-10-01,0.0030162361539877607,0.0030162361539877607,0.0030162361539877607,0.0030162361539877607,0.0030162361539877607,0.0030162361539877607,0.0030162361539877607,0.0030162361539877607,0.0030162361539877607,0.0030162361539877607,0.0030162361539877607
2015-10-02,0.03270159429136783,0.03270159429136783,0.03270159429136783,0.03270159429136783,0.03270159429136783,0.03270159429136783,0.03270159429136783,0.03270159429136783,0.03270159429136783,0.03270159429136783,0.03270159429136783
2015-10-05,0.01359980338093995,0.01359980338093995,0.01359980338093995,0.01359980338093995,0.01359980338093995,0.01359980338093995,0.01359980338093995,0.01359980338093995,0.01359980338093995,0.01359980338093995,0.01359980338093995
2015-10-06,0.004868792647579204,0.004868792647579204,0.004868792647579204,0.004868792647579204,0.004868792647579204,0.004868792647579204,0.004868792647579204,0.004868792647579204,0.004868792647579204,0.004868792647579204,0.004868792647579204
2015-10-07,0.00572821866367124,0.00572821866367124,0.00572821866367124,0.00572821866367124,0.00572821866367124,0.00572821866367124,0.00572821866367124,0.00572821866367124,0.00572821866367124,0.00572821866367124,0.00572821866367124
2015-10-08,0.0028685850178464126,0.0028685850178464126,0.0028685850178464126,0.0028685850178464126,0.0028685850178464126,0.0028685850178464126,0.0028685850178464126,0.0028685850178464126,0.0028685850178464126,0.0028685850178464126,0.0028685850178464126
2015-10-09,0.012665967535550536,0.012665967535550536,0.012665967535550536,0.012665967535550536,0.012665967535550536,0.012665967535550536,0.012665967535550536,0.012665967535550536,0.012665967535550536,0.012665967535550536,0.012665967535550536
2015-10-12,0.017188702191384807,0.017188702191384807,0.017188702191384807,0.017188702191384807,0.017188702191384807,0.017188702191384807,0.017188702191384807,0.017188702191384807,0.017188702191384807,0.017188702191384807,0.017188702191384807
2015-10-13,-0.007195959128989864,-0.007195959128989864,-0.007195959128989864,-0.007195959128989864,-0.007195959128989864,-0.007195959128989864,-0.007195959128989864,-0.007195959128989864,-0.007195959128989864,-0.007195959128989864,-0.007195959128989864
2015-10-14,0.011352182944259971,0.011352182944259971,0.011352182944259971,0.011352182944259971,0.011352182944259971,0.011352182944259971,0.011352182944259971,0.011352182944259971,0.011352182944259971,0.011352182944259971,0.011352182944259971
2015-10-15,0.010306966096347236,0.010306966096347236,0.010306966096347236,0.010306966096347236,0.010306966096347236,0.010306966096347236,0.010306966096347236,0.010306966096347236,0.010306966096347236,0.010306966096347236,0.010306966096347236
2015-10-16,-0.001734864241528914,-0.001734864241528914,-0.001734864241528914,-0.001734864241528914,-0.001734864241528914,-0.001734864241528914,-0.001734864241528914,-0.001734864241528914,-0.001734864241528914,-0.001734864241528914,-0.001734864241528914
2015-10-19,0.006235077118561616,0.006235077118561616,0.006235077118561616,0.006235077118561616,0.006235077118561616,0.006235077118561616,0.006235077118561616,0.006235077118561616,0.006235077118561616,0.006235077118561616,0.006235077118561616
2015-10-20,-0.0060651955732357165,-0.0060651955732357165,-0.0060651955732357165,-0.0060651955732357165,-0.0060651955732357165,-0.0060651955732357165,-0.0060651955732357165,-0.0060651955732357165,-0.0060651955732357165,-0.0060651955732357165,-0.0060651955732357165
2015-10-21,-0.012754808513588841,-0.012754808513588841,-0.012754808513588841,-0.012754808513588841,-0.012754808513588841,-0.012754808513588841,-0.012754808513588841,-0.012754808513588841,-0.012754808513588841,-0.012754808513588841,-0.012754808513588841
2015-10-22,0.01825908795636539,0.01825908795636539,0.01825908795636539,0.01825908795636539,0.01825908795636539,0.01825908795636539,0.01825908795636539,0.01825908795636539,0.01825908795636539,0.01825908795636539,0.01825908795636539
2015-10-23,-0.008256804284515981,-0.008256804284515981,-0.008256804284515981,-0.008256804284515981,-0.008256804284515981,-0.008256804284515981,-0.008256804284515981,-0.008256804284515981,-0.008256804284515981,-0.008256804284515981,-0.008256804284515981
2015-10-26,-0.0009664731016005987,-0.0009664731016005987,-0.0009664731016005987,-0.0009664731016005987,-0.0009664731016005987,-0.0009664731016005987,-0.0009664731016005987,-0.0009664731016005987,-0.0009664731016005987,-0.0009664731016005987,-0.0009664731016005987
2015-10-27,0.006775620047525361,0.006775620047525361,0.006775620047525361,0.006775620047525361,0.006775620047525361,0.006775620047525361,0.006775620047525361,0.006775620047525361,0.006775620047525361,0.006775620047525361,0.006775620047525361
2015-10-28,-0.005623932930091746,-0.005623932930091746,-0.005623932930091746,-0.005623932930091746,-0.005623932930091746,-0.005623932930091746,-0.005623932930091746,-0.005623932930091746,-0.005623932930091746,-0.005623932930091746,-0.005623932930091746
2015-10-29,-0.025006946985295705,-0.025006946985295705,-0.025006946985295705,-0.025006946985295705,-0.025006946985295705,-0.025006946985295705,-0.025006946985295705,-0.025006946985295705,-0.025006946985295705,-0.025006946985295705,-0.025006946985295705
2015-10-30,0.006061199205044621,0.006061199205044621,0.006061199205044621,0.006061199205044621,0.006061199205044621,0.006061199205044621,0.006061199205044621,0.006061199205044621,0.006061199205044621,0.006061199205044621,0.006061199205044621
2015-11-02,0.01647028129700195,0.01647028129700195,0.01647028129700195,0.01647028129700195,0.01647028129700195,0.01647028129700195,0.01647028129700195,0.01647028129700195,0.014500193581352589,0.012530105865703226,0.008589930434404505
2015-11-03,-0.011719671518238023,-0.011719671518238023,-0.011719671518238023,-0.011719671518238023,-0.011719671518238023,-0.011719671518238023,-0.011719671518238023,-0.011719671518238023,-0.011719671518238023,-0.011719671518238023,-0.011719671518238023
2015-11-04,-0.014185043276403157,-0.014185043276403157,-0.014185043276403157,-0.014185043276403157,-0.014185043276403157,-0.014185043276403157,-0.014185043276403157,-0.014185043276403157,-0.014185043276403157,-0.014185043276403157,-0.014185043276403157
2015-11-05,-0.0004779632220761271,-0.0004779632220761271,-0.0004779632220761271,-0.0004779632220761271,-0.0004779632220761271,-0.0004779632220761271,-0.0004779632220761271,-0.0004779632220761271,-0.0004779632220761271,-0.0004779632220761271,-0.0004779632220761271
2015-11-06,-0.007821346032886124,-0.007821346032886124,-0.007821346032886124,-0.007821346032886124,-0.007821346032886124,-0.007821346032886124,-0.007821346032886124,-0.007821346032886124,-0.007821346032886124,-0.007821346032886124,-0.007821346032886124
2015-11-09,-0.01632087091252238,-0.01632087091252238,-0.01632087091252238,-0.01632087091252238,-0.01632087091252238,-0.01632087091252238,-0.01632087091252238,-0.01632087091252238,-0.014736413617888662,-0.013151956323254948,-0.00998304173398752
2015-11-10,0.006040387707503567,0.006040387707503567,0.006040387707503567,0.006040387707503567,0.006040387707503567,0.006040387707503567,0.006040387707503567,0.006040387707503567,0.006040387707503567,0.006040387707503567,0.006040387707503567
2015-11-11,-0.009646108285767799,-0.009646108285767799,-0.009646108285767799,-0.009646108285767799,-0.009646108285767799,-0.009646108285767799,-0.009646108285767799,-0.009646108285767799,-0.009646108285767799,-0.009646108285767799,-0.009646108285767799
2015-11-12,-0.017174954475478024,-0.017174954475478024,-0.017174954475478024,-0.017174954475478024,-0.017174954475478024,-0.017174954475478024,-0.017174954475478024,-0.017174954475478024,-0.017174954475478024,-0.017174954475478024,-0.017174954475478024
2015-11-13,-0.012902594107766775,-0.012902594107766775,-0.012902594107766775,-0.012902594107766775,-0.012902594107766775,-0.012902594107766775,-0.012902594107766775,-0.012902594107766775,-0.010367548714179758,-0.007832503320592741,-0.0027624125334187078
2015-11-16,0.02358657586315418,0.02358657586315418,0.02358657586315418,0.02358657586315418,0.02358657586315418,0.02358657586315418,0.02358657586315418,0.02358657586315418,0.02358657586315418,0.02358657586315418,0.02358657586315418
2015-11-17,-0.01758337964521188,-0.01758337964521188,-0.01758337964521188,-0.01758337964521188,-0.01758337964521188,-0.01758337964521188,-0.01758337964521188,-0.01758337964521188,-0.01758337964521188,-0.01758337964521188,-0.01758337964521188
2015-11-18,0.020186065789123103,0.020186065789123103,0.020186065789123103,0.020186065789123103,0.020186065789123103,0.020186065789123103,0.020186065789123103,0.020186065789123103,0.020186065789123103,0.020186065789123103,0.020186065789123103
2015-11-19,0.0070118985431282385,0.0070118985431282385,0.0070118985431282385,0.0070118985431282385,0.0070118985431282385,0.0070118985431282385,0.0070118985431282385,0.0070118985431282385,0.0070118985431282385,0.0070118985431282385,0.0070118985431282385
2015-11-20,0.0014536863129320792,0.0014536863129320792,0.0014536863129320792,0.0014536863129320792,0.0014536863129320792,0.0014536863129320792,0.0014536863129320792,0.0014536863129320792,0.0014536863129320792,0.0014536863129320792,0.0014536863129320792
2015-11-23,0.00012635926270181152,0.00012635926270181152,0.00012635926270181152,0.00012635926270181152,0.00012635926270181152,0.00012635926270181152,0.00012635926270181152,0.00012635926270181152,0.00012635926270181152,0.00012635926270181152,0.00012635926270181152
2015-11-24,0.0044013331519821355,0.0044013331519821355,0.0044013331519821355,0.0044013331519821355,0.0044013331519821355,0.0044013331519821355,0.0044013331519821355,0.0044013331519821355,0.0044013331519821355,0.0044013331519821355,0.0044013331519821355
2015-11-25,7.116427093412629e-05,7.116427093412629e-05,7.116427093412629e-05,7.116427093412629e-05,7.116427093412629e-05,7.116427093412629e-05,7.116427093412629e-05,7.116427093412629e-05,7.116427093412629e-05,7.116427093412629e-05,7.116427093412629e-05
2015-11-27,-0.010302648368952099,-0.010302648368952099,-0.010302648368952099,-0.010302648368952099,-0.010302648368952099,-0.010302648368952099,-0.010302648368952099,-0.010302648368952099,-0.010302648368952099,-0.010302648368952099,-0.010302648368952099
2015-11-30,0.00973279774103185,0.00973279774103185,0.00973279774103185,0.00973279774103185,0.00973279774103185,0.00973279774103185,0.00973279774103185,0.00973279774103185,0.00973279774103185,0.00973279774103185,0.00973279774103185
2015-12-01,0.01961126101343757,0.01961126101343757,0.01961126101343757,0.01961126101343757,0.01961126101343757,0.01961126101343757,0.01961126101343757,0.01961126101343757,0.01961126101343757,0.01961126101343757,0.01961126101343757
2015-12-02,-0.02697681780564011,-0.02697681780564011,-0.02697681780564011,-0.02697681780564011,-0.02697681780564011,-0.02697681780564011,-0.02697681780564011,-0.02697681780564011,-0.02697681780564011,-0.02697681780564011,-0.02697681780564011
2015-12-03,-0.020564644670018905,-0.020564644670018905,-0.020564644670018905,-0.020564644670018905,-0.020564644670018905,-0.020564644670018905,-0.020564644670018905,-0.020564644670018905,-0.020564644670018905,-0.020564644670018905,-0.020564644670018905
2015-12-04,0.04964874690768249,0.04964874690768249,0.04964874690768249,0.04964874690768249,0.04964874690768249,0.04964874690768249,0.04964874690768249,0.04964874690768249,0.04964874690768249,0.04964874690768249,0.04964874690768249
2015-12-07,-0.01896092448145073,-0.01896092448145073,-0.01896092448145073,-0.01896092448145073,-0.01896092448145073,-0.01896092448145073,-0.01896092448145073,-0.01896092448145073,-0.01896092448145073,-0.01896092448145073,-0.01896092448145073
2015-12-08,-0.007200594690920979,-0.006419261285541421,-0.005637927880161864,-0.007200594690920979,-0.007200594690920979,-0.007200594690920979,-0.007200594690920979,-0.007200594690920979,-0.007200594690920979,-0.007200594690920979,-0.007200594690920979
2015-12-09,-0.012670941220466685,-0.01126760062458693,-0.009864260028707175,-0.012670941220466685,-0.012670941220466685,-0.012670941220466685,-0.012670941220466685,-0.012670941220466685,-0.012670941220466685,-0.012670941220466685,-0.012670941220466685
2015-12-10,0.00048017294686895657,0.0008879865763156715,0.0012958002057623862,0.00048017294686895657,0.00048017294686895657,0.00048017294686895657,0.00048017294686895657,0.00048017294686895657,0.00048017294686895657,0.00048017294686895657,0.00048017294686895657
2015-12-11,-0.016705274595444127,-0.01199968557558366,-0.007294096555723189,-0.016705274595444127,-0.016705274595444127,-0.016705274595444127,-0.016705274595444127,-0.016705274595444127,-0.01199968557558366,-0.007294096555723189,0.002117081483997751
2015-12-14,-0.0063471850324803665,-0.008508461667632536,-0.010669738302784705,-0.0063471850324803665,-0.0063471850324803665,-0.0063471850324803665,-0.0063471850324803665,-0.0063471850324803665,-0.0063471850324803665,-0.0063471850324803665,-0.0063471850324803665
2015-12-15,0.0007636651097756858,0.0007636651097756858,0.0007636651097756858,0.0007636651097756858,0.0007636651097756858,0.0007636651097756858,0.0007636651097756858,0.0007636651097756858,0.0007636651097756858,0.0007636651097756858,0.0007636651097756858
2015-12-16,0.02407764083159041,0.021835135169694212,0.019592629507798016,0.02407764083159041,0.02407764083159041,0.02407764083159041,0.02407764083159041,0.02407764083159041,0.02407764083159041,0.02407764083159041,0.02407764083159041
2015-12-17,-0.0208505102903139,-0.01941264210649686,-0.01797477392267982,-0.0208505102903139,-0.0208505102903139,-0.0208505102903139,-0.0208505102903139,-0.0208505102903139,-0.0208505102903139,-0.0208505102903139,-0.0208505102903139
2015-12-18,-0.007834810515767242,-0.00512686681092022,-0.002418923106073197,-0.007834810515767242,-0.007834810515767242,-0.007834810515767242,-0.007834810515767242,-0.007834810515767242,-0.007834810515767242,-0.007834810515767242,-0.007834810515767242
2015-12-21,0.017139106507852286,0.015747285286405857,0.014355464064959423,0.017139106507852286,0.017139106507852286,0.017139106507852286,0.017139106507852286,0.017139106507852286,0.017139106507852286,0.017139106507852286,0.017139106507852286
2015-12-22,0.003578956326822062,0.0019636138746681932,0.0003482714225143244,0.003578956326822062,0.003578956326822062,0.003578956326822062,0.003578956326822062,0.003578956326822062,0.003578956326822062,0.003578956326822062,0.003578956326822062
2015-12-23,0.006654190492051036,0.0060405360036613264,0.005426881515271617,0.006654190492051036,0.006654190492051036,0.006654190492051036,0.006654190492051036,0.006654190492051036,0.006654190492051036,0.006654190492051036,0.006654190492051036
2015-12-24,0.00402999654865539,0.004539746689406878,0.005049496830158366,0.00402999654865539,0.00402999654865539,0.00402999654865539,0.00402999654865539,0.00402999654865539,0.00402999654865539,0.00402999654865539,0.00402999654865539
2015-12-28,-0.0014154553388669498,-0.0016611942261124321,-0.0019069331133579144,-0.0014154553388669498,-0.0014154553388669498,-0.0014154553388669498,-0.0014154553388669498,-0.0014154553388669498,-0.0014154553388669498,-0.0014154553388669498,-0.0014154553388669498
2015-12-29,-0.0014993012337007092,-0.0018831059411299168,-0.0022669106485591244,-0.0014993012337007092,-0.0014993012337007092,-0.0014993012337007092,-0.0014993012337007092,-0.0014993012337007092,-0.0014993012337007092,-0.0014993012337007092,-0.0014993012337007092
2015-12-30,-0.012735940166278513,-0.012086336258783238,-0.01143673235128796,-0.012735940166278513,-0.012735940166278513,-0.012735940166278513,-0.012735940166278513,-0.012735940166278513,-0.012735940166278513,-0.012735940166278513,-0.012735940166278513
2015-12-31,-0.007071795889513383,-0.00658122797283526,-0.006090660056157138,-0.007071795889513383,-0.007071795889513383,-0.007071795889513383,-0.007071795889513383,-0.007071795889513383,-0.007071795889513383,-0.007071795889513383,-0.007071795889513383
2016-01-04,-0.006440565473009157,-0.004162019949889525,-0.0018834744267698924,-0.006440565473009157,-0.006440565473009157,-0.006440565473009157,-0.006440565473009157,-0.006440565473009157,-0.004162019949889525,-0.0018834744267698924,0.002673616619469372
2016-01-05,0.006573619318145049,0.005424802000341949,0.004275984682538849,0.006573619318145049,0.006573619318145049,0.006573619318145049,0.006573619318145049,0.006573619318145049,0.006573619318145049,0.006573619318145049,0.006573619318145049
2016-01-06,0.0024957618483261064,0.0035469728014631287,0.004598183754600152,0.0024957618483261064,0.0024957618483261064,0.0024957618483261064,0.0024957618483261064,0.0024957618483261064,0.0024957618483261064,0.0024957618483261064,0.0024957618483261064
2016-01-07,-0.019704964625905423,-0.01610265220556363,-0.012500339785221836,-0.019704964625905423,-0.019704964625905423,-0.019704964625905423,-0.019704964625905423,-0.019704964625905423,-0.019704964625905423,-0.019704964625905423,-0.019704964625905423
2016-01-08,-0.018154205468251795,-0.016012906174587966,-0.013871606880924139,-0.018154205468251795,-0.018154205468251795,-0.018154205468251795,-0.018154205468251795,-0.018154205468251795,-0.018154205468251795,-0.018154205468251795,-0.018154205468251795
2016-01-11,-0.014934941801305399,-0.014934941801305399,-0.014934941801305399,-0.014934941801305399,-0.014934941801305399,-0.014934941801305399,-0.014934941801305399,-0.014934941801305399,-0.014934941801305399,-0.014934941801305399,-0.014934941801305399
2016-01-12,0.01825153673667497,0.0166659525333422,0.015080368330009426,0.01825153673667497,0.01825153673667497,0.01825153673667497,0.01825153673667497,0.01825153673667497,0.01825153673667497,0.01825153673667497,0.01825153673667497
2016-01-13,-0.01794267843457316,-0.014456845253684597,-0.010971012072796032,-0.01794267843457316,-0.01794267843457316,-0.01794267843457316,-0.01794267843457316,-0.01794267843457316,-0.014456845253684597,-0.010971012072796032,-0.003999345711018901
2016-01-14,-0.0043397977197608675,-0.005490776215911395,-0.006641754712061923,-0.0043397977197608675,-0.0043397977197608675,-0.0043397977197608675,-0.0043397977197608675,-0.0043397977197608675,-0.0043397977197608675,-0.0043397977197608675,-0.0043397977197608675
2016-01-15,0.005783790147094708,0.005783790147094708,0.005783790147094708,0.005783790147094708,0.005783790147094708,0.005783790147094708,0.005783790147094708,0.005783790147094708,0.005783790147094708,0.005783790147094708,0.005783790147094708
2016-01-19,-0.0035235580417310205,-0.0035235580417310205,-0.0035235580417310205,-0.0035235580417310205,-0.0035235580417310205,-0.0035235580417310205,-0.0035235580417310205,-0.0035235580417310205,-0.0035235580417310205,-0.0035235580417310205,-0.0035235580417310205
2016-01-20,0.007556935297166758,0.007556935297166758,0.007556935297166758,0.007556935297166758,0.007556935297166758,0.007556935297166758,0.007556935297166758,0.007556935297166758,0.007556935297166758,0.007556935297166758,0.007556935297166758
2016-01-21,-0.0014570302553743614,-0.0014570302553743614,-0.0014570302553743614,-0.0014570302553743614,-0.0014570302553743614,-0.0014570302553743614,-0.0014570302553743614,-0.0014570302553743614,-0.0015918989410657004,-0.0017267676267570392,-0.0019965049981397172
2016-01-22,0.01731188440221005,0.01731188440221005,0.01731188440221005,0.01731188440221005,0.01731188440221005,0.01731188440221005,0.01731188440221005,0.01731188440221005,0.01731188440221005,0.01731188440221005,0.01731188440221005
2016-01-25,-0.006047907103372436,-0.006047907103372436,-0.006047907103372436,-0.006047907103372436,-0.006047907103372436,-0.006047907103372436,-0.006047907103372436,-0.006047907103372436,-0.006047907103372436,-0.006047907103372436,-0.006047907103372436
2016-01-26,0.02301706772017291,0.02301706772017291,0.02301706772017291,0.02301706772017291,0.02301706772017291,0.02301706772017291,0.02301706772017291,0.02301706772017291,0.02301706772017291,0.02301706772017291,0.02301706772017291
2016-01-27,-0.01142549481544072,-0.01142549481544072,-0.01142549481544072,-0.01142549481544072,-0.01142549481544072,-0.01142549481544072,-0.01142549481544072,-0.01142549481544072,-0.01142549481544072,-0.01142549481544072,-0.01142549481544072
2016-01-28,0.0017563383762641063,0.0017563383762641063,0.0017563383762641063,0.0017563383762641063,0.0017563383762641063,0.0017563383762641063,0.0017563383762641063,0.0017563383762641063,0.0017563383762641063,0.0017563383762641063,0.0017563383762641063
2016-01-29,0.028567443502431088,0.028567443502431088,0.028567443502431088,0.028567443502431088,0.028567443502431088,0.028567443502431088,0.028567443502431088,0.028567443502431088,0.028567443502431088,0.028567443502431088,0.028567443502431088
2016-02-01,0.007738012759349404,0.007738012759349404,0.007738012759349404,0.007738012759349404,0.007738012759349404,0.007738012759349404,0.007738012759349404,0.007738012759349404,0.007738012759349404,0.007738012759349404,0.007738012759349404
2016-02-02,-0.016472179986528338,-0.016472179986528338,-0.016472179986528338,-0.016472179986528338,-0.016472179986528338,-0.016472179986528338,-0.016472179986528338,-0.016472179986528338,-0.016472179986528338,-0.016472179986528338,-0.016472179986528338
2016-02-03,0.010633909802186817,0.010633909802186817,0.010633909802186817,0.010633909802186817,0.010633909802186817,0.010633909802186817,0.010633909802186817,0.010633909802186817,0.010633909802186817,0.010633909802186817,0.010633909802186817
2016-02-04,0.00920769876527405,0.00920769876527405,0.00920769876527405,0.00920769876527405,0.00920769876527405,0.00920769876527405,0.00920769876527405,0.00920769876527405,0.00920769876527405,0.00920769876527405,0.00920769876527405
2016-02-05,-0.0055376667283840485,-0.0055376667283840485,-0.0055376667283840485,-0.0055376667283840485,-0.0055376667283840485,-0.0055376667283840485,-0.0055376667283840485,-0.0055376667283840485,-0.0055376667283840485,-0.0055376667283840485,-0.0055376667283840485
2016-02-08,0.010042591315467322,0.010042591315467322,0.010042591315467322,0.010042591315467322,0.010042591315467322,0.010042591315467322,0.010042591315467322,0.010042591315467322,0.010042591315467322,0.010042591315467322,0.010042591315467322
2016-02-09,-0.002282017845974666,-0.002282017845974666,-0.002282017845974666,-0.002282017845974666,-0.002282017845974666,-0.002282017845974666,-0.002282017845974666,-0.002282017845974666,-0.002282017845974666,-0.002282017845974666,-0.002282017845974666
2016-02-10,0.01049882654641105,0.01049882654641105,0.01049882654641105,0.01049882654641105,0.01049882654641105,0.01049882654641105,0.01049882654641105,0.01049882654641105,0.01049882654641105,0.01049882654641105,0.01049882654641105
2016-02-11,0.015606191467568323,0.015606191467568323,0.015606191467568323,0.015606191467568323,0.015606191467568323,0.015606191467568323,0.015606191467568323,0.015606191467568323,0.015606191467568323,0.015606191467568323,0.015606191467568323
2016-02-12,-0.000430472801266686,-0.000430472801266686,-0.000430472801266686,-0.000430472801266686,-0.000430472801266686,-0.000430472801266686,-0.000430472801266686,-0.000430472801266686,-0.000430472801266686,-0.000430472801266686,-0.000430472801266686
2016-02-16,-0.009241520619837063,-0.009241520619837063,-0.009241520619837063,-0.009241520619837063,-0.009241520619837063,-0.009241520619837063,-0.009241520619837063,-0.009241520619837063,-0.009241520619837063,-0.009241520619837063,-0.009241520619837063
2016-02-17,0.01318078230521577,0.01318078230521577,0.01318078230521577,0.01318078230521577,0.01318078230521577,0.01318078230521577,0.01318078230521577,0.01318078230521577,0.01318078230521577,0.01318078230521577,0.01318078230521577
2016-02-18,0.02016872099666861,0.02016872099666861,0.02016872099666861,0.02016872099666861,0.02016872099666861,0.02016872099666861,0.02016872099666861,0.02016872099666861,0.02016872099666861,0.02016872099666861,0.02016872099666861
2016-02-19,0.0009570504786153532,0.0009570504786153532,0.0009570504786153532,0.0009570504786153532,0.0009570504786153532,0.0009570504786153532,0.0009570504786153532,0.0009570504786153532,0.0009570504786153532,0.0009570504786153532,0.0009570504786153532
2016-02-22,0.004743153316757497,0.004743153316757497,0.004743153316757497,0.004743153316757497,0.004743153316757497,0.004743153316757497,0.004743153316757497,0.004743153316757497,0.004743153316757497,0.004743153316757497,0.004743153316757497
2016-02-23,-0.002334228298612358,-0.002334228298612358,-0.002334228298612358,-0.002334228298612358,-0.002334228298612358,-0.002334228298612358,-0.002334228298612358,-0.002334228298612358,-0.002334228298612358,-0.002334228298612358,-0.002334228298612358
2016-02-24,0.0018547038659528074,0.0018547038659528074,0.0018547038659528074,0.0018547038659528074,0.0018547038659528074,0.0018547038659528074,0.0018547038659528074,0.0018547038659528074,0.0018547038659528074,0.0018547038659528074,0.0018547038659528074
2016-02-25,0.010373894008821003,0.010373894008821003,0.010373894008821003,0.010373894008821003,0.010373894008821003,0.010373894008821003,0.010373894008821003,0.010373894008821003,0.010373894008821003,0.010373894008821003,0.010373894008821003
2016-02-26,-0.01605552213132883,-0.01605552213132883,-0.01605552213132883,-0.01605552213132883,-0.01605552213132883,-0.01605552213132883,-0.01605552213132883,-0.01605552213132883,-0.01605552213132883,-0.01605552213132883,-0.01605552213132883
2016-02-29,0.004570855161271807,0.004570855161271807,0.004570855161271807,0.004570855161271807,0.004570855161271807,0.004570855161271807,0.004570855161271807,0.004570855161271807,0.004570855161271807,0.004570855161271807,0.004570855161271807
2016-03-01,0.016467308330485587,0.016467308330485587,0.016467308330485587,0.016467308330485587,0.016467308330485587,0.016467308330485587,0.016467308330485587,0.016467308330485587,0.013363471443857402,0.01025963455722922,0.004051960783972852
2016-03-02,0.010165515897313088,0.010165515897313088,0.010165515897313088,0.010165515897313088,0.010165515897313088,0.010165515897313088,0.010165515897313088,0.010165515897313088,0.010165515897313088,0.010165515897313088,0.010165515897313088
2016-03-03,0.016598897397536734,0.016598897397536734,0.016598897397536734,0.016598897397536734,0.016598897397536734,0.016598897397536734,0.016598897397536734,0.016598897397536734,0.016598897397536734,0.016598897397536734,0.016598897397536734
2016-03-04,-0.002310081384605809,-0.002310081384605809,-0.002310081384605809,-0.002310081384605809,-0.002310081384605809,-0.002310081384605809,-0.002310081384605809,-0.002310081384605809,-0.002310081384605809,-0.002310081384605809,-0.002310081384605809
2016-03-07,0.003026714483538296,0.003026714483538296,0.003026714483538296,0.003026714483538296,0.003026714483538296,0.003026714483538296,0.003026714483538296,0.003026714483538296,0.003026714483538296,0.003026714483538296,0.003026714483538296
2016-03-08,-0.006216111277314376,-0.006216111277314376,-0.006216111277314376,-0.006216111277314376,-0.006216111277314376,-0.006216111277314376,-0.006216111277314376,-0.006216111277314376,-0.006216111277314376,-0.006216111277314376,-0.006216111277314376
2016-03-09,-0.004371747056143424,-0.004371747056143424,-0.004371747056143424,-0.004371747056143424,-0.004371747056143424,-0.004371747056143424,-0.004371747056143424,-0.004371747056143424,-0.004371747056143424,-0.004371747056143424,-0.004371747056143424
2016-03-10,0.007597357525906253,0.007597357525906253,0.007597357525906253,0.007597357525906253,0.007597357525906253,0.007597357525906253,0.007597357525906253,0.007597357525906253,0.007597357525906253,0.007597357525906253,0.007597357525906253
2016-03-11,-0.0006520529144822106,-0.0006520529144822106,-0.0006520529144822106,-0.0006520529144822106,-0.0006520529144822106,-0.0006520529144822106,-0.0006520529144822106,-0.0006520529144822106,-0.0006520529144822106,-0.0006520529144822106,-0.0006520529144822106
2016-03-14,-0.0027356536022074634,-0.0027356536022074634,-0.0027356536022074634,-0.0027356536022074634,-0.0027356536022074634,-0.0027356536022074634,-0.0027356536022074634,-0.0027356536022074634,-0.0027356536022074634,-0.0027356536022074634,-0.0027356536022074634
2016-03-15,-0.0027276130801483847,-0.0027276130801483847,-0.0027276130801483847,-0.0027276130801483847,-0.0027276130801483847,-0.0027276130801483847,-0.0027276130801483847,-0.0027276130801483847,-0.0027276130801483847,-0.0027276130801483847,-0.0027276130801483847
2016-03-16,0.021785700692145603,0.021785700692145603,0.021785700692145603,0.021785700692145603,0.021785700692145603,0.021785700692145603,0.021785700692145603,0.021785700692145603,0.021785700692145603,0.021785700692145603,0.021785700692145603
2016-03-17,0.008963050975139364,0.008963050975139364,0.008963050975139364,0.008963050975139364,0.008963050975139364,0.008963050975139364,0.008963050975139364,0.008963050975139364,0.008963050975139364,0.008963050975139364,0.008963050975139364
2016-03-18,0.0032677329257051065,0.0032677329257051065,0.0032677329257051065,0.0032677329257051065,0.0032677329257051065,0.0032677329257051065,0.0032677329257051065,0.0032677329257051065,0.0032677329257051065,0.0032677329257051065,0.0032677329257051065
2016-03-21,-0.004500426882801828,-0.004500426882801828,-0.004500426882801828,-0.004500426882801828,-0.004500426882801828,-0.004500426882801828,-0.004500426882801828,-0.004500426882801828,-0.004500426882801828,-0.004500426882801828,-0.004500426882801828
2016-03-22,0.0029389018628810173,0.0029389018628810173,0.0029389018628810173,0.0029389018628810173,0.0029389018628810173,0.0029389018628810173,0.0029389018628810173,0.0029389018628810173,0.0029389018628810173,0.0029389018628810173,0.0029389018628810173
2016-03-23,-0.010057765525438404,-0.010057765525438404,-0.010057765525438404,-0.010057765525438404,-0.010057765525438404,-0.010057765525438404,-0.010057765525438404,-0.010057765525438404,-0.010057765525438404,-0.010057765525438404,-0.010057765525438404
2016-03-24,-0.00020843843951469536,-0.00020843843951469536,-0.00020843843951469536,-0.00020843843951469536,-0.00020843843951469536,-0.00020843843951469536,-0.00020843843951469536,-0.00020843843951469536,-0.00020843843951469536,-0.00020843843951469536,-0.00020843843951469536
2016-03-28,0.004592355325666175,0.004592355325666175,0.004592355325666175,0.004592355325666175,0.004592355325666175,0.004592355325666175,0.004592355325666175,0.004592355325666175,0.004592355325666175,0.004592355325666175,0.004592355325666175
2016-03-29,0.02626176211642041,0.02626176211642041,0.02626176211642041,0.02626176211642041,0.02626176211642041,0.02626176211642041,0.02626176211642041,0.02626176211642041,0.02626176211642041,0.02626176211642041,0.02626176211642041
2016-03-30,-0.016980830874091243,-0.016980830874091243,-0.016980830874091243,-0.016980830874091243,-0.016980830874091243,-0.016980830874091243,-0.016980830874091243,-0.016980830874091243,-0.016980830874091243,-0.016980830874091243,-0.016980830874091243
2016-03-31,0.01055434421083594,0.01055434421083594,0.01055434421083594,0.01055434421083594,0.01055434421083594,0.01055434421083594,0.01055434421083594,0.01055434421083594,0.01055434421083594,0.01055434421083594,0.01055434421083594
2016-04-01,0.008738521617309005,0.008738521617309005,0.008738521617309005,0.008738521617309005,0.008738521617309005,0.008738521617309005,0.008738521617309005,0.008738521617309005,0.008738521617309005,0.008738521617309005,0.008738521617309005
2016-04-04,-0.012096311110563456,-0.012096311110563456,-0.012096311110563456,-0.012096311110563456,-0.012096311110563456,-0.012096311110563456,-0.012096311110563456,-0.012096311110563456,-0.012096311110563456,-0.012096311110563456,-0.012096311110563456
2016-04-05,-0.011911989799197645,-0.011911989799197645,-0.011911989799197645,-0.011911989799197645,-0.011911989799197645,-0.011911989799197645,-0.011911989799197645,-0.011911989799197645,-0.011911989799197645,-0.011911989799197645,-0.011911989799197645
2016-04-06,0.019342638688000954,0.019342638688000954,0.019342638688000954,0.019342638688000954,0.019342638688000954,0.019342638688000954,0.019342638688000954,0.019342638688000954,0.019342638688000954,0.019342638688000954,0.019342638688000954
2016-04-07,-0.019996877994073747,-0.019996877994073747,-0.019996877994073747,-0.019996877994073747,-0.019996877994073747,-0.019996877994073747,-0.019996877994073747,-0.019996877994073747,-0.019996877994073747,-0.019996877994073747,-0.019996877994073747
2016-04-08,0.0012921489236848345,0.0012921489236848345,0.0012921489236848345,0.0012921489236848345,0.0012921489236848345,0.0012921489236848345,0.0012921489236848345,0.0012921489236848345,0.0012921489236848345,0.0012921489236848345,0.0012921489236848345
2016-04-11,0.0023397693343144843,0.0023397693343144843,0.0023397693343144843,0.0023397693343144843,0.0023397693343144843,0.0023397693343144843,0.0023397693343144843,0.0023397693343144843,0.0023397693343144843,0.0023397693343144843,0.0023397693343144843
2016-04-12,0.004799876044845663,0.004799876044845663,0.004799876044845663,0.004799876044845663,0.004799876044845663,0.004799876044845663,0.004799876044845663,0.004799876044845663,0.004799876044845663,0.004799876044845663,0.004799876044845663
2016-04-13,0.01086281532353605,0.01086281532353605,0.01086281532353605,0.01086281532353605,0.01086281532353605,0.01086281532353605,0.01086281532353605,0.01086281532353605,0.01086281532353605,0.01086281532353605,0.01086281532353605
2016-04-14,-0.010445108112007358,-0.010445108112007358,-0.010445108112007358,-0.010445108112007358,-0.010445108112007358,-0.010445108112007358,-0.010445108112007358,-0.010445108112007358,-0.010445108112007358,-0.010445108112007358,-0.010445108112007358
2016-04-15,0.01169906490412888,0.01169906490412888,0.01169906490412888,0.01169906490412888,0.01169906490412888,0.01169906490412888,0.01169906490412888,0.01169906490412888,0.01169906490412888,0.01169906490412888,0.01169906490412888
2016-04-18,0.008147568597329954,0.008147568597329954,0.008147568597329954,0.008147568597329954,0.008147568597329954,0.008147568597329954,0.008147568597329954,0.008147568597329954,0.006042009937033956,0.003936451276737957,-0.0002746660438540401
2016-04-19,0.005849861401975241,0.005849861401975241,0.005849861401975241,0.005849861401975241,0.005849861401975241,0.005849861401975241,0.005849861401975241,0.005849861401975241,0.005849861401975241,0.005849861401975241,0.005849861401975241
2016-04-20,-0.010847576628327986,-0.010847576628327986,-0.010847576628327986,-0.010847576628327986,-0.010847576628327986,-0.010847576628327986,-0.010847576628327986,-0.010847576628327986,-0.010847576628327986,-0.010847576628327986,-0.010847576628327986
2016-04-21,-0.007837834209192217,-0.007837834209192217,-0.007837834209192217,-0.007837834209192217,-0.007837834209192217,-0.007837834209192217,-0.007837834209192217,-0.007837834209192217,-0.007837834209192217,-0.007837834209192217,-0.007837834209192217
2016-04-22,-0.004359464834391856,-0.004359464834391856,-0.004359464834391856,-0.004359464834391856,-0.004359464834391856,-0.004359464834391856,-0.004359464834391856,-0.004359464834391856,-0.004359464834391856,-0.004359464834391856,-0.004359464834391856
2016-04-25,-0.0032469574765006306,-0.0032469574765006306,-0.0032469574765006306,-0.0032469574765006306,-0.0032469574765006306,-0.0032469574765006306,-0.0032469574765006306,-0.0032469574765006306,-0.0032469574765006306,-0.0032469574765006306,-0.0032469574765006306
2016-04-26,0.0015936521052144336,0.0015936521052144336,0.0015936521052144336,0.0015936521052144336,0.0015936521052144336,0.0015936521052144336,0.0015936521052144336,0.0015936521052144336,0.0015936521052144336,0.0015936521052144336,0.0015936521052144336
2016-04-27,0.018332009442508502,0.018332009442508502,0.018332009442508502,0.018332009442508502,0.018332009442508502,0.018332009442508502,0.018332009442508502,0.018332009442508502,0.018332009442508502,0.018332009442508502,0.018332009442508502
2016-04-28,0.006978970824910237,0.006978970824910237,0.006978970824910237,0.006978970824910237,0.006978970824910237,0.006978970824910237,0.006978970824910237,0.006978970824910237,0.006978970824910237,0.006978970824910237,0.006978970824910237
2016-04-29,0.007791375204000155,0.007791375204000155,0.007791375204000155,0.007791375204000155,0.007791375204000155,0.007791375204000155,0.007791375204000155,0.007791375204000155,0.007791375204000155,0.007791375204000155,0.007791375204000155
2016-05-02,0.014798095814633618,0.014798095814633618,0.014798095814633618,0.014798095814633618,0.014798095814633618,0.014798095814633618,0.014798095814633618,0.014798095814633618,0.014798095814633618,0.014798095814633618,0.014798095814633618
2016-05-03,-0.017892684681928755,-0.017892684681928755,-0.017892684681928755,-0.017892684681928755,-0.017892684681928755,-0.017892684681928755,-0.017892684681928755,-0.017892684681928755,-0.017892684681928755,-0.017892684681928755,-0.017892684681928755
2016-05-04,-0.010980051527077782,-0.010980051527077782,-0.010980051527077782,-0.010980051527077782,-0.010980051527077782,-0.010980051527077782,-0.010980051527077782,-0.010980051527077782,-0.010980051527077782,-0.010980051527077782,-0.010980051527077782
2016-05-05,0.0005989073782058963,0.0005989073782058963,0.0005989073782058963,0.0005989073782058963,0.0005989073782058963,0.0005989073782058963,0.0005989073782058963,0.0005989073782058963,0.0005989073782058963,0.0005989073782058963,0.0005989073782058963
2016-05-06,0.01373094123764265,0.01373094123764265,0.01373094123764265,0.01373094123764265,0.01373094123764265,0.01373094123764265,0.01373094123764265,0.01373094123764265,0.01373094123764265,0.01373094123764265,0.01373094123764265
2016-05-09,-0.00202939863835481,-0.00202939863835481,-0.00202939863835481,-0.00202939863835481,-0.00202939863835481,-0.00202939863835481,-0.00202939863835481,-0.00202939863835481,-0.00202939863835481,-0.00202939863835481,-0.00202939863835481
2016-05-10,0.015382144898582098,0.015382144898582098,0.015382144898582098,0.015382144898582098,0.015382144898582098,0.015382144898582098,0.015382144898582098,0.015382144898582098,0.015382144898582098,0.015382144898582098,0.015382144898582098
2016-05-11,-0.002410779276491298,-0.002410779276491298,-0.002410779276491298,-0.002410779276491298,-0.002410779276491298,-0.002410779276491298,-0.002410779276491298,-0.002410779276491298,-0.002410779276491298,-0.002410779276491298,-0.002410779276491298
2016-05-12,-0.005780893002124112,-0.005780893002124112,-0.005780893002124112,-0.005780893002124112,-0.005780893002124112,-0.005780893002124112,-0.005780893002124112,-0.005780893002124112,-0.005780893002124112,-0.005780893002124112,-0.005780893002124112
2016-05-13,-0.0011127893440145372,-0.0011127893440145372,-0.0011127893440145372,-0.0011127893440145372,-0.0011127893440145372,-0.0011127893440145372,-0.0011127893440145372,-0.0011127893440145372,-0.0011127893440145372,-0.0011127893440145372,-0.0011127893440145372
2016-05-16,0.006049520520491825,0.006049520520491825,0.006049520520491825,0.006049520520491825,0.006049520520491825,0.006049520520491825,0.006049520520491825,0.006049520520491825,0.004651669773712361,0.0032538190269328984,0.0004581175333739722
2016-05-17,-0.008092627833142026,-0.008092627833142026,-0.008092627833142026,-0.008092627833142026,-0.008092627833142026,-0.008092627833142026,-0.008092627833142026,-0.008092627833142026,-0.008092627833142026,-0.008092627833142026,-0.008092627833142026
2016-05-18,-0.018213694972632158,-0.018213694972632158,-0.018213694972632158,-0.018213694972632158,-0.018213694972632158,-0.018213694972632158,-0.018213694972632158,-0.018213694972632158,-0.018213694972632158,-0.018213694972632158,-0.018213694972632158
2016-05-19,-0.0007330775978059604,-0.0007330775978059604,-0.0007330775978059604,-0.0007330775978059604,-0.0007330775978059604,-0.0007330775978059604,-0.0007330775978059604,-0.0007330775978059604,-0.0007330775978059604,-0.0007330775978059604,-0.0007330775978059604
2016-05-20,0.009005199841203319,0.009005199841203319,0.009005199841203319,0.009005199841203319,0.009005199841203319,0.009005199841203319,0.009005199841203319,0.009005199841203319,0.008059446131426336,0.007113692421649352,0.005222185002095385
2016-05-23,0.0002891505339617451,0.0002891505339617451,0.0002891505339617451,0.0002891505339617451,0.0002891505339617451,0.0002891505339617451,0.0002891505339617451,0.0002891505339617451,0.0002891505339617451,0.0002891505339617451,0.0002891505339617451
2016-05-24,0.007579349473387854,0.007579349473387854,0.007579349473387854,0.007579349473387854,0.007579349473387854,0.007579349473387854,0.007579349473387854,0.007579349473387854,0.007579349473387854,0.007579349473387854,0.007579349473387854
2016-05-25,0.00580453208787558,0.00580453208787558,0.00580453208787558,0.00580453208787558,0.00580453208787558,0.00580453208787558,0.00580453208787558,0.00580453208787558,0.00580453208787558,0.00580453208787558,0.00580453208787558
2016-05-26,0.0036931794012713135,0.0036931794012713135,0.0036931794012713135,0.0036931794012713135,0.0036931794012713135,0.0036931794012713135,0.0036931794012713135,0.0036931794012713135,0.0036931794012713135,0.0036931794012713135,0.0036931794012713135
2016-05-27,0.0011287285286337473,0.0011287285286337473,0.0011287285286337473,0.0011287285286337473,0.0011287285286337473,0.0011287285286337473,0.0011287285286337473,0.0011287285286337473,0.0011287285286337473,0.0011287285286337473,0.0011287285286337473
2016-05-31,0.003033754301004066,0.003033754301004066,0.003033754301004066,0.003033754301004066,0.003033754301004066,0.003033754301004066,0.003033754301004066,0.003033754301004066,0.003033754301004066,0.003033754301004066,0.003033754301004066
2016-06-01,0.004424030849404882,0.004424030849404882,0.004424030849404882,0.004424030849404882,0.004424030849404882,0.004424030849404882,0.004424030849404882,0.004424030849404882,0.004424030849404882,0.004424030849404882,0.004424030849404882
2016-06-02,0.0075183513356600375,0.0075183513356600375,0.0075183513356600375,0.0075183513356600375,0.0075183513356600375,0.0075183513356600375,0.0075183513356600375,0.0075183513356600375,0.0075183513356600375,0.0075183513356600375,0.0075183513356600375
2016-06-03,0.012415122752461608,0.012415122752461608,0.012415122752461608,0.012415122752461608,0.012415122752461608,0.012415122752461608,0.012415122752461608,0.012415122752461608,0.012415122752461608,0.012415122752461608,0.012415122752461608
2016-06-06,0.006509086122090331,0.006509086122090331,0.006509086122090331,0.006509086122090331,0.006509086122090331,0.006509086122090331,0.006509086122090331,0.006509086122090331,0.006509086122090331,0.006509086122090331,0.006509086122090331
2016-06-07,0.002298817787197116,0.002298817787197116,0.002298817787197116,0.002298817787197116,0.002298817787197116,0.002298817787197116,0.002298817787197116,0.002298817787197116,0.002298817787197116,0.002298817787197116,0.002298817787197116
2016-06-08,0.010737068176468391,0.010737068176468391,0.010737068176468391,0.010737068176468391,0.010737068176468391,0.010737068176468391,0.010737068176468391,0.010737068176468391,0.010737068176468391,0.010737068176468391,0.010737068176468391
2016-06-09,0.003477764171266384,0.003949569839556051,0.0044213755078457186,0.003477764171266384,0.003477764171266384,0.003477764171266384,0.003477764171266384,0.003477764171266384,0.003477764171266384,0.003477764171266384,0.003477764171266384
2016-06-10,-0.010946870780108097,-0.00875274165840289,-0.006558612536697683,-0.010946870780108097,-0.010946870780108097,-0.010946870780108097,-0.010946870780108097,-0.010946870780108097,-0.010946870780108097,-0.010946870780108097,-0.010946870780108097
2016-06-13,-0.01289417887143316,-0.009539504327922306,-0.006184829784411455,-0.01289417887143316,-0.01289417887143316,-0.01289417887143316,-0.01289417887143316,-0.01289417887143316,-0.01289417887143316,-0.01289417887143316,-0.01289417887143316
2016-06-14,0.000817549942585956,0.0002884525703550436,-0.00024064480187586858,0.000817549942585956,0.000817549942585956,0.000817549942585956,0.000817549942585956,0.000817549942585956,0.000817549942585956,0.000817549942585956,0.000817549942585956
2016-06-15,0.006286893761050337,0.006040183352089928,0.005793472943129518,0.006286893761050337,0.006286893761050337,0.006286893761050337,0.006286893761050337,0.006286893761050337,0.006286893761050337,0.006286893761050337,0.006286893761050337
2016-06-16,0.0034487217656834195,0.002768252545853379,0.002087783326023339,0.0034487217656834195,0.0034487217656834195,0.0034487217656834195,0.0034487217656834195,0.0034487217656834195,0.0034487217656834195,0.0034487217656834195,0.0034487217656834195
2016-06-17,-0.0008301102382384377,-0.0008700002697848884,-0.0009098903013313391,-0.0008301102382384377,-0.0008301102382384377,-0.0008301102382384377,-0.0008301102382384377,-0.0008301102382384377,-0.0008301102382384377,-0.0008301102382384377,-0.0008301102382384377
2016-06-20,0.0015450453660498463,-0.0001966030203207603,-0.0019382514066913683,0.0015450453660498463,0.0015450453660498463,0.0015450453660498463,0.0015450453660498463,0.0015450453660498463,0.0015450453660498463,0.0015450453660498463,0.0015450453660498463
2016-06-21,-0.010872392000525338,-0.010717745915211038,-0.010563099829896738,-0.010872392000525338,-0.010872392000525338,-0.010872392000525338,-0.010872392000525338,-0.010872392000525338,-0.010872392000525338,-0.010872392000525338,-0.010872392000525338
2016-06-22,-0.0034091786978475897,-0.0034091786978475897,-0.0034091786978475897,-0.0034091786978475897,-0.0034091786978475897,-0.0034091786978475897,-0.0034091786978475897,-0.0034091786978475897,-0.0034091786978475897,-0.0034091786978475897,-0.0034091786978475897
2016-06-23,0.013232881013812347,0.013232881013812347,0.013232881013812347,0.013232881013812347,0.013232881013812347,0.013232881013812347,0.013232881013812347,0.013232881013812347,0.013232881013812347,0.013232881013812347,0.013232881013812347
2016-06-24,-0.008446818674319902,-0.008446818674319902,-0.008446818674319902,-0.008446818674319902,-0.008446818674319902,-0.008446818674319902,-0.008446818674319902,-0.008446818674319902,-0.008446818674319902,-0.008446818674319902,-0.008446818674319902
2016-06-27,0.0011051919003797629,0.0011051919003797629,0.0011051919003797629,0.0011051919003797629,0.0011051919003797629,0.0011051919003797629,0.0011051919003797629,0.0011051919003797629,0.0011051919003797629,0.0011051919003797629,0.0011051919003797629
2016-06-28,0.0156758806441877,0.0156758806441877,0.0156758806441877,0.0156758806441877,0.0156758806441877,0.0156758806441877,0.0156758806441877,0.0156758806441877,0.0156758806441877,0.0156758806441877,0.0156758806441877
2016-06-29,0.012374470208493473,0.012374470208493473,0.012374470208493473,0.012374470208493473,0.012374470208493473,0.012374470208493473,0.012374470208493473,0.012374470208493473,0.012374470208493473,0.012374470208493473,0.012374470208493473
2016-06-30,0.017807833804078296,0.017807833804078296,0.017807833804078296,0.017807833804078296,0.017807833804078296,0.017807833804078296,0.017807833804078296,0.017807833804078296,0.017807833804078296,0.017807833804078296,0.017807833804078296
2016-07-01,0.018538134403605903,0.018538134403605903,0.018538134403605903,0.018538134403605903,0.018538134403605903,0.018538134403605903,0.018538134403605903,0.018538134403605903,0.018538134403605903,0.018538134403605903,0.018538134403605903
2016-07-05,0.001118007220700001,0.001118007220700001,0.001118007220700001,0.001118007220700001,0.001118007220700001,0.001118007220700001,0.001118007220700001,0.001118007220700001,0.001118007220700001,0.001118007220700001,0.001118007220700001
2016-07-06,0.011431972354880169,0.011431972354880169,0.011431972354880169,0.011431972354880169,0.011431972354880169,0.011431972354880169,0.011431972354880169,0.011431972354880169,0.011431972354880169,0.011431972354880169,0.011431972354880169
2016-07-07,-0.0003488840957067891,-0.0003488840957067891,-0.0003488840957067891,-0.0003488840957067891,-0.0003488840957067891,-0.0003488840957067891,-0.0003488840957067891,-0.0003488840957067891,-0.0003488840957067891,-0.0003488840957067891,-0.0003488840957067891
2016-07-08,0.025000282545820804,0.025000282545820804,0.025000282545820804,0.025000282545820804,0.025000282545820804,0.025000282545820804,0.025000282545820804,0.025000282545820804,0.025000282545820804,0.025000282545820804,0.025000282545820804
2016-07-11,-0.0077140250671548505,-0.0077140250671548505,-0.0077140250671548505,-0.0077140250671548505,-0.0077140250671548505,-0.0077140250671548505,-0.0077140250671548505,-0.0077140250671548505,-0.007708532212654357,-0.007703039358153864,-0.007692053649152878
2016-07-12,-0.011383404045427623,-0.011383404045427623,-0.011383404045427623,-0.011383404045427623,-0.011383404045427623,-0.011383404045427623,-0.011383404045427623,-0.011383404045427623,-0.011383404045427623,-0.011383404045427623,-0.011383404045427623
2016-07-13,0.01391644749891956,0.01391644749891956,0.01391644749891956,0.01391644749891956,0.01391644749891956,0.01391644749891956,0.01391644749891956,0.01391644749891956,0.01391644749891956,0.01391644749891956,0.01391644749891956
2016-07-14,-0.010418851522069271,-0.010418851522069271,-0.010418851522069271,-0.010418851522069271,-0.010418851522069271,-0.010418851522069271,-0.010418851522069271,-0.010418851522069271,-0.010418851522069271,-0.010418851522069271,-0.010418851522069271
2016-07-15,-0.0077360139375852125,-0.0077360139375852125,-0.0077360139375852125,-0.0077360139375852125,-0.0077360139375852125,-0.0077360139375852125,-0.0077360139375852125,-0.0077360139375852125,-0.0077360139375852125,-0.0077360139375852125,-0.0077360139375852125
2016-07-18,0.0039297521891791766,0.0039297521891791766,0.0039297521891791766,0.0039297521891791766,0.0039297521891791766,0.0039297521891791766,0.0039297521891791766,0.0039297521891791766,0.0039297521891791766,0.0039297521891791766,0.0039297521891791766
2016-07-19,0.0032502875830741633,0.0032502875830741633,0.0032502875830741633,0.0032502875830741633,0.0032502875830741633,0.0032502875830741633,0.0032502875830741633,0.0032502875830741633,0.0032253328686247668,0.00320037815417537,0.003150468725276577
2016-07-20,-0.003637134775888353,-0.003637134775888353,-0.003637134775888353,-0.003637134775888353,-0.003637134775888353,-0.003637134775888353,-0.003637134775888353,-0.003637134775888353,-0.003637134775888353,-0.003637134775888353,-0.003637134775888353
2016-07-21,0.002443107603299257,0.002443107603299257,0.002443107603299257,0.002443107603299257,0.002443107603299257,0.002443107603299257,0.002443107603299257,0.002443107603299257,0.002443107603299257,0.002443107603299257,0.002443107603299257
2016-07-22,0.0033675559543538585,0.0033675559543538585,0.0033675559543538585,0.0033675559543538585,0.0033675559543538585,0.0033675559543538585,0.0033675559543538585,0.0033675559543538585,0.0033675559543538585,0.0033675559543538585,0.0033675559543538585
2016-07-25,-0.004674491105059054,-0.004674491105059054,-0.004674491105059054,-0.004674491105059054,-0.004674491105059054,-0.004674491105059054,-0.004674491105059054,-0.004674491105059054,-0.004674491105059054,-0.004674491105059054,-0.004674491105059054
2016-07-26,0.004826072944014964,0.004826072944014964,0.004826072944014964,0.004826072944014964,0.004826072944014964,0.004826072944014964,0.004826072944014964,0.004826072944014964,0.004826072944014964,0.004826072944014964,0.004826072944014964
2016-07-27,0.019142840953131908,0.019142840953131908,0.019142840953131908,0.019142840953131908,0.019142840953131908,0.019142840953131908,0.019142840953131908,0.019142840953131908,0.018459106209029328,0.01777537146492675,0.01640790197672159
2016-07-28,-0.001099521579531199,-0.001099521579531199,-0.001099521579531199,-0.001099521579531199,-0.001099521579531199,-0.001099521579531199,-0.001099521579531199,-0.001099521579531199,-0.001099521579531199,-0.001099521579531199,-0.001099521579531199
2016-07-29,0.018861487585080022,0.018861487585080022,0.018861487585080022,0.018861487585080022,0.018861487585080022,0.018861487585080022,0.018861487585080022,0.018861487585080022,0.018861487585080022,0.018861487585080022,0.018861487585080022
2016-08-01,-0.0014507873094900272,-0.0014507873094900272,-0.0014507873094900272,-0.0014507873094900272,-0.0014507873094900272,-0.0014507873094900272,-0.0014507873094900272,-0.0014507873094900272,-0.0014507873094900272,-0.0014507873094900272,-0.0014507873094900272
2016-08-02,-0.01170683710639843,-0.01170683710639843,-0.01170683710639843,-0.01170683710639843,-0.01170683710639843,-0.01170683710639843,-0.01170683710639843,-0.01170683710639843,-0.01170683710639843,-0.01170683710639843,-0.01170683710639843
2016-08-03,0.0051724831101280806,0.0051724831101280806,0.0051724831101280806,0.0051724831101280806,0.0051724831101280806,0.0051724831101280806,0.0051724831101280806,0.0051724831101280806,0.0051724831101280806,0.0051724831101280806,0.0051724831101280806
2016-08-04,0.00640835865448751,0.00640835865448751,0.00640835865448751,0.00640835865448751,0.00640835865448751,0.00640835865448751,0.00640835865448751,0.00640835865448751,0.00640835865448751,0.00640835865448751,0.00640835865448751
2016-08-05,0.004445446488500434,0.004445446488500434,0.004445446488500434,0.004445446488500434,0.004445446488500434,0.004445446488500434,0.004445446488500434,0.004445446488500434,0.004445446488500434,0.004445446488500434,0.004445446488500434
2016-08-08,0.0016321768793365866,0.0016321768793365866,0.0016321768793365866,0.0016321768793365866,0.0016321768793365866,0.0016321768793365866,0.0016321768793365866,0.0016321768793365866,0.0016321768793365866,0.0016321768793365866,0.0016321768793365866
2016-08-09,0.01125144895827671,0.01125144895827671,0.01125144895827671,0.01125144895827671,0.01125144895827671,0.01125144895827671,0.01125144895827671,0.01125144895827671,0.01125144895827671,0.01125144895827671,0.01125144895827671
2016-08-10,0.00016322118329659477,0.00016322118329659477,0.00016322118329659477,0.00016322118329659477,0.00016322118329659477,0.00016322118329659477,0.00016322118329659477,0.00016322118329659477,0.00016322118329659477,0.00016322118329659477,0.00016322118329659477
2016-08-11,-0.00557599812214,-0.00557599812214,-0.00557599812214,-0.00557599812214,-0.00557599812214,-0.00557599812214,-0.00557599812214,-0.00557599812214,-0.00557599812214,-0.00557599812214,-0.00557599812214
2016-08-12,0.005047721292019639,0.005047721292019639,0.005047721292019639,0.005047721292019639,0.005047721292019639,0.005047721292019639,0.005047721292019639,0.005047721292019639,0.005047721292019639,0.005047721292019639,0.005047721292019639
2016-08-15,-0.00023095517796421273,-0.00023095517796421273,-0.00023095517796421273,-0.00023095517796421273,-0.00023095517796421273,-0.00023095517796421273,-0.00023095517796421273,-0.00023095517796421273,-0.00023095517796421273,-0.00023095517796421273,-0.00023095517796421273
2016-08-16,-0.00720076237804676,-0.00720076237804676,-0.00720076237804676,-0.00720076237804676,-0.00720076237804676,-0.00720076237804676,-0.00720076237804676,-0.00720076237804676,-0.00720076237804676,-0.00720076237804676,-0.00720076237804676
2016-08-17,0.007957800923386958,0.007957800923386958,0.007957800923386958,0.007957800923386958,0.007957800923386958,0.007957800923386958,0.007957800923386958,0.007957800923386958,0.007957800923386958,0.007957800923386958,0.007957800923386958
2016-08-18,0.00772501631976248,0.00772501631976248,0.00772501631976248,0.00772501631976248,0.00772501631976248,0.00772501631976248,0.00772501631976248,0.00772501631976248,0.00772501631976248,0.00772501631976248,0.00772501631976248
2016-08-19,-0.00961342461948762,-0.00961342461948762,-0.00961342461948762,-0.00961342461948762,-0.00961342461948762,-0.00961342461948762,-0.00961342461948762,-0.00961342461948762,-0.00961342461948762,-0.00961342461948762,-0.00961342461948762
2016-08-22,0.0046291951055643715,0.0046291951055643715,0.0046291951055643715,0.0046291951055643715,0.0046291951055643715,0.0046291951055643715,0.0046291951055643715,0.0046291951055643715,0.0046291951055643715,0.0046291951055643715,0.0046291951055643715
2016-08-23,-0.0004399949302715001,-0.0004399949302715001,-0.0004399949302715001,-0.0004399949302715001,-0.0004399949302715001,-0.0004399949302715001,-0.0004399949302715001,-0.0004399949302715001,-0.000521717956983285,-0.00060344098369507,-0.0007668870371186398
2016-08-24,-0.007791824868727738,-0.007791824868727738,-0.007791824868727738,-0.007791824868727738,-0.007791824868727738,-0.007791824868727738,-0.007791824868727738,-0.007791824868727738,-0.007791824868727738,-0.007791824868727738,-0.007791824868727738
2016-08-25,-0.003978476717510287,-0.003978476717510287,-0.003978476717510287,-0.003978476717510287,-0.003978476717510287,-0.003978476717510287,-0.003978476717510287,-0.003978476717510287,-0.003978476717510287,-0.003978476717510287,-0.003978476717510287
2016-08-26,-0.007181079478306756,-0.007181079478306756,-0.007181079478306756,-0.007181079478306756,-0.007181079478306756,-0.007181079478306756,-0.007181079478306756,-0.007181079478306756,-0.007115829467062968,-0.00705057945581918,-0.006920079433331604
2016-08-29,0.016936603068824205,0.016936603068824205,0.016936603068824205,0.016936603068824205,0.016936603068824205,0.016936603068824205,0.016936603068824205,0.016936603068824205,0.016497460842099222,0.016058318615374236,0.01518003416192427
2016-08-30,-0.007206122037661216,-0.007206122037661216,-0.007206122037661216,-0.007206122037661216,-0.007206122037661216,-0.007206122037661216,-0.007206122037661216,-0.007206122037661216,-0.007370628139951924,-0.007535134242242633,-0.007864146446824049
2016-08-31,0.0012738683345515714,0.0012738683345515714,0.0012738683345515714,0.0012738683345515714,0.0012738683345515714,0.0012738683345515714,0.0012738683345515714,0.0012738683345515714,0.0012738683345515714,0.0012738683345515714,0.0012738683345515714
2016-09-01,0.003077051473192854,0.003077051473192854,0.003077051473192854,0.003077051473192854,0.003077051473192854,0.003077051473192854,0.003077051473192854,0.003077051473192854,0.0029558896304305035,0.002834727787668153,0.0025924041021434512
2016-09-02,0.014150694281142715,0.014150694281142715,0.014150694281142715,0.014150694281142715,0.014150694281142715,0.014150694281142715,0.014150694281142715,0.014150694281142715,0.014150694281142715,0.014150694281142715,0.014150694281142715
2016-09-06,0.013830933107474595,0.013830933107474595,0.013830933107474595,0.013830933107474595,0.013830933107474595,0.013830933107474595,0.013830933107474595,0.013830933107474595,0.013830933107474595,0.013830933107474595,0.013830933107474595
2016-09-07,0.0014535759504828957,0.0014535759504828957,0.0014535759504828957,0.0014535759504828957,0.0014535759504828957,0.0014535759504828957,0.0014535759504828957,0.0014535759504828957,0.0014535759504828957,0.0014535759504828957,0.0014535759504828957
2016-09-08,-0.006360199861185372,-0.006360199861185372,-0.006360199861185372,-0.006360199861185372,-0.006360199861185372,-0.006360199861185372,-0.006360199861185372,-0.006360199861185372,-0.006360199861185372,-0.006360199861185372,-0.006360199861185372
2016-09-09,-0.049472747425385974,-0.049472747425385974,-0.049472747425385974,-0.049472747425385974,-0.049472747425385974,-0.049472747425385974,-0.049472747425385974,-0.049472747425385974,-0.049472747425385974,-0.049472747425385974,-0.049472747425385974
2016-09-12,0.01847952677062775,0.01847952677062775,0.01847952677062775,0.01847952677062775,0.01847952677062775,0.01847952677062775,0.01847952677062775,0.01847952677062775,0.016318402247078426,0.014157277723529102,0.009835028676430456
2016-09-13,-0.039453861947950246,-0.039453861947950246,-0.039453861947950246,-0.039453861947950246,-0.039453861947950246,-0.039453861947950246,-0.039453861947950246,-0.039453861947950246,-0.035111669973131567,-0.030769477998312887,-0.022085094048675532
2016-09-14,0.004138761016052983,0.004138761016052983,0.004138761016052983,0.004138761016052983,0.004138761016052983,0.004138761016052983,0.004138761016052983,0.004138761016052983,0.004138761016052983,0.004138761016052983,0.004138761016052983
2016-09-15,0.005571159809683299,0.005571159809683299,0.005571159809683299,0.005571159809683299,0.005571159809683299,0.005571159809683299,0.005571159809683299,0.005571159809683299,0.004483319011210626,0.0033954782127379518,0.0012197966157926048
2016-09-16,0.002468081971003491,0.002468081971003491,0.002468081971003491,0.002468081971003491,0.002468081971003491,0.002468081971003491,0.002468081971003491,0.002468081971003491,0.002468081971003491,0.002468081971003491,0.002468081971003491
2016-09-19,0.0032663515106345882,0.0032663515106345882,0.0032663515106345882,0.0032663515106345882,0.0032663515106345882,0.0032663515106345882,0.0032663515106345882,0.0032663515106345882,0.0032663515106345882,0.0032663515106345882,0.0032663515106345882
2016-09-20,0.0034211808877007027,0.0034211808877007027,0.0034211808877007027,0.0034211808877007027,0.0034211808877007027,0.0034211808877007027,0.0034211808877007027,0.0034211808877007027,0.0034211808877007027,0.0034211808877007027,0.0034211808877007027
2016-09-21,0.03039149287954467,0.03039149287954467,0.03039149287954467,0.03039149287954467,0.03039149287954467,0.03039149287954467,0.03039149287954467,0.03039149287954467,0.03039149287954467,0.03039149287954467,0.03039149287954467
2016-09-22,0.01579421083107735,0.014609881823589963,0.01342555281610258,0.01579421083107735,0.01579421083107735,0.01579421083107735,0.01579421083107735,0.01579421083107735,0.01579421083107735,0.01579421083107735,0.01579421083107735
2016-09-23,-0.004849064297940569,-0.004620968022676276,-0.0043928717474119834,-0.004620968022676276,-0.0043928717474119834,-0.004849064297940569,-0.004849064297940569,-0.004849064297940569,-0.004849064297940569,-0.004849064297940569,-0.004849064297940569
2016-09-26,-0.005048266052152604,-0.003346414537879126,-0.0016445630236056473,-0.003346414537879126,-0.0016445630236056473,-0.005048266052152604,-0.005048266052152604,-0.005048266052152604,-0.005048266052152604,-0.005048266052152604,-0.005048266052152604
2016-09-27,0.008431458538643374,0.006811909290652977,0.00519236004266258,0.006811909290652977,0.00519236004266258,0.008431458538643374,0.008431458538643374,0.008431458538643374,0.008431458538643374,0.008431458538643374,0.008431458538643374
2016-09-28,-0.0010636758156165533,-0.0013253309941884922,-0.0015869861727604313,-0.0013253309941884922,-0.0015869861727604313,-0.0010636758156165533,-0.0010636758156165533,-0.0010636758156165533,-0.0010636758156165533,-0.0010636758156165533,-0.0010636758156165533
2016-09-29,-0.0053616884406063724,-0.004106953840001859,-0.0028522192393973453,-0.004106953840001859,-0.0028522192393973453,-0.0053616884406063724,-0.0053616884406063724,-0.0053616884406063724,-0.0053616884406063724,-0.0053616884406063724,-0.0053616884406063724
2016-09-30,-0.006405200805254133,-0.0072614092678299075,-0.008117617730405681,-0.0072614092678299075,-0.008117617730405681,-0.006405200805254133,-0.006405200805254133,-0.006405200805254133,-0.006405200805254133,-0.006405200805254133,-0.006405200805254133
2016-10-03,-0.005123592309209578,-0.005227680646618548,-0.005331768984027518,-0.005227680646618548,-0.005331768984027518,-0.005123592309209578,-0.005123592309209578,-0.005123592309209578,-0.005123592309209578,-0.005123592309209578,-0.005123592309209578
2016-10-04,-0.028371789892240706,-0.028439289498775926,-0.028506789105311146,-0.028439289498775926,-0.028506789105311146,-0.028371789892240706,-0.028371789892240706,-0.028371789892240706,-0.028371789892240706,-0.028371789892240706,-0.028371789892240706
2016-10-05,0.0034915430327998676,0.00326229001271565,0.0030330369926314326,0.00326229001271565,0.0030330369926314326,0.0034915430327998676,0.0034915430327998676,0.0034915430327998676,0.00326229001271565,0.0030330369926314326,0.002574530952462998
2016-10-06,-0.005613510725193463,-0.005814274524972634,-0.006015038324751805,-0.005814274524972634,-0.006015038324751805,-0.005613510725193463,-0.005613510725193463,-0.005613510725193463,-0.005814274524972634,-0.006015038324751805,-0.006416565924310146
2016-10-07,-0.003934526121198861,-0.003899716267473851,-0.0038649064137488407,-0.003899716267473851,-0.0038649064137488407,-0.003899716267473851,-0.0038649064137488407,-0.003795286706298821,-0.003934526121198861,-0.003934526121198861,-0.003934526121198861
2016-10-10,0.005526974419659182,0.005078450977146074,0.004629927534632966,0.005078450977146074,0.004629927534632966,0.005078450977146074,0.004629927534632966,0.00373288064960675,0.005526974419659182,0.005526974419659182,0.005526974419659182
2016-10-11,-0.019915787728505233,-0.018534668409508112,-0.01715354909051099,-0.018534668409508112,-0.01715354909051099,-0.018534668409508112,-0.01715354909051099,-0.014391310452516752,-0.019915787728505233,-0.019915787728505233,-0.019915787728505233
2016-10-12,0.002366069420913856,0.002389225032053749,0.0024123806431936416,0.002389225032053749,0.0024123806431936416,0.002389225032053749,0.0024123806431936416,0.0024586918654734276,0.002366069420913856,0.002366069420913856,0.002366069420913856
2016-10-13,0.001178619964985665,0.001178619964985665,0.001178619964985665,0.001178619964985665,0.001178619964985665,0.001178619964985665,0.001178619964985665,0.001178619964985665,0.001178619964985665,0.001178619964985665,0.001178619964985665
2016-10-14,-0.011584760422885912,-0.011870616538921451,-0.012156472654956991,-0.011870616538921451,-0.012156472654956991,-0.011870616538921451,-0.012156472654956991,-0.012728184887028073,-0.011584760422885912,-0.011584760422885912,-0.011584760422885912
2016-10-17,0.004056307317915267,0.003946482063194401,0.0038366568084735346,0.003946482063194401,0.0038366568084735346,0.003946482063194401,0.0038366568084735346,0.003617006299031802,0.004056307317915267,0.004056307317915267,0.004056307317915267
2016-10-18,0.014393903775959584,0.013336548604510865,0.012279193433062144,0.013336548604510865,0.012279193433062144,0.013336548604510865,0.012279193433062144,0.010164483090164704,0.013336548604510865,0.012279193433062144,0.010164483090164704
2016-10-19,0.00864786119855371,0.00803682746570038,0.00742579373284705,0.00803682746570038,0.00742579373284705,0.00803682746570038,0.00742579373284705,0.00620372626714039,0.00864786119855371,0.00864786119855371,0.00864786119855371
2016-10-20,-0.0024770170559767057,-0.0024770170559767057,-0.0024770170559767057,-0.0024770170559767057,-0.0024770170559767057,-0.0024770170559767057,-0.0024770170559767057,-0.0024770170559767057,-0.0024770170559767057,-0.0024770170559767057,-0.0024770170559767057
2016-10-21,0.003278028390790126,0.002742181583378231,0.0022063347759663362,0.002742181583378231,0.0022063347759663362,0.002742181583378231,0.0022063347759663362,0.001134641161142546,0.003278028390790126,0.003278028390790126,0.003278028390790126
2016-10-24,0.0032315986311059206,0.002327239716801364,0.0014228808024968071,0.002327239716801364,0.0014228808024968071,0.002327239716801364,0.0014228808024968071,-0.0003858370261123066,0.0032315986311059206,0.0032315986311059206,0.0032315986311059206
2016-10-25,-0.0002882621298702833,-8.37793506417425e-05,0.00012070342858679827,-8.37793506417425e-05,0.00012070342858679827,-8.37793506417425e-05,0.00012070342858679827,0.0005296689870438799,-0.0002882621298702833,-0.0002882621298702833,-0.0002882621298702833
2016-10-26,-0.01097053127510656,-0.010507373540041255,-0.010044215804975953,-0.010507373540041255,-0.010044215804975953,-0.010507373540041255,-0.010044215804975953,-0.009117900334845344,-0.01097053127510656,-0.01097053127510656,-0.01097053127510656
2016-10-27,-0.011778957363888964,-0.011505196641799694,-0.011231435919710424,-0.011505196641799694,-0.011231435919710424,-0.011505196641799694,-0.011231435919710424,-0.010683914475531884,-0.011778957363888964,-0.011778957363888964,-0.011778957363888964
2016-10-28,-0.005365911592245325,-0.004790147464465939,-0.004214383336686552,-0.004790147464465939,-0.004214383336686552,-0.004790147464465939,-0.004214383336686552,-0.0030628550811277805,-0.004790147464465939,-0.004214383336686552,-0.0030628550811277805
2016-10-31,0.007538882905813831,0.007538882905813831,0.007538882905813831,0.007538882905813831,0.007538882905813831,0.007538882905813831,0.007538882905813831,0.007538882905813831,0.007538882905813831,0.007538882905813831,0.007538882905813831
2016-11-01,-0.008307937681185503,-0.007700846455076018,-0.0070937552289665326,-0.007700846455076018,-0.0070937552289665326,-0.007700846455076018,-0.0070937552289665326,-0.0058795727767475625,-0.008307937681185503,-0.008307937681185503,-0.008307937681185503
2016-11-02,-0.00415947531352096,-0.00415947531352096,-0.00415947531352096,-0.00415947531352096,-0.00415947531352096,-0.00415947531352096,-0.00415947531352096,-0.00415947531352096,-0.00415947531352096,-0.00415947531352096,-0.00415947531352096
2016-11-03,-0.003469423478898867,-0.003469423478898867,-0.003469423478898867,-0.003469423478898867,-0.003469423478898867,-0.003469423478898867,-0.003469423478898867,-0.003469423478898867,-0.003469423478898867,-0.003469423478898867,-0.003469423478898867
2016-11-04,0.0005196409437554623,0.0005196409437554623,0.0005196409437554623,0.0005196409437554623,0.0005196409437554623,0.0005196409437554623,0.0005196409437554623,0.0005196409437554623,0.0005196409437554623,0.0005196409437554623,0.0005196409437554623
2016-11-07,0.016597290441196587,0.016597290441196587,0.016597290441196587,0.016597290441196587,0.016597290441196587,0.016597290441196587,0.016597290441196587,0.016597290441196587,0.016597290441196587,0.016597290441196587,0.016597290441196587
2016-11-08,0.0005946988922813338,0.0005946988922813338,0.0005946988922813338,0.0005946988922813338,0.0005946988922813338,0.0005946988922813338,0.0005946988922813338,0.0005946988922813338,0.0005946988922813338,0.0005946988922813338,0.0005946988922813338
2016-11-09,-0.021963619199113698,-0.021963619199113698,-0.021963619199113698,-0.021963619199113698,-0.021963619199113698,-0.021963619199113698,-0.021963619199113698,-0.021963619199113698,-0.021963619199113698,-0.021963619199113698,-0.021963619199113698
2016-11-10,-0.017420196407088286,-0.017420196407088286,-0.017420196407088286,-0.017420196407088286,-0.017420196407088286,-0.017420196407088286,-0.017420196407088286,-0.017420196407088286,-0.017420196407088286,-0.017420196407088286,-0.017420196407088286
2016-11-11,-0.014617874046242695,-0.015285128642305128,-0.015952383238367562,-0.015285128642305128,-0.015952383238367562,-0.014617874046242695,-0.014617874046242695,-0.014617874046242695,-0.014617874046242695,-0.014617874046242695,-0.014617874046242695
2016-11-14,-0.006695272179552209,-0.00680497855342833,-0.00691468492730445,-0.00680497855342833,-0.00691468492730445,-0.006695272179552209,-0.006695272179552209,-0.006695272179552209,-0.006695272179552209,-0.006695272179552209,-0.006695272179552209
2016-11-15,0.019087345240415828,0.01784959015010009,0.016611835059784353,0.01784959015010009,0.016611835059784353,0.019087345240415828,0.019087345240415828,0.019087345240415828,0.019087345240415828,0.019087345240415828,0.019087345240415828
2016-11-16,0.0017518347970524053,0.001938692048236934,0.002125549299421463,0.001938692048236934,0.002125549299421463,0.0017518347970524053,0.0017518347970524053,0.0017518347970524053,0.0017518347970524053,0.0017518347970524053,0.0017518347970524053
2016-11-17,-0.005063086255103088,-0.005909934637017635,-0.006756783018932182,-0.005909934637017635,-0.006756783018932182,-0.005063086255103088,-0.005063086255103088,-0.005063086255103088,-0.005063086255103088,-0.005063086255103088,-0.005063086255103088
2016-11-18,-0.00800279005249504,-0.008137775441191684,-0.008272760829888327,-0.008137775441191684,-0.008272760829888327,-0.00800279005249504,-0.00800279005249504,-0.00800279005249504,-0.00800279005249504,-0.00800279005249504,-0.00800279005249504
2016-11-21,0.014877246841984205,0.013474924931748958,0.012072603021513712,0.013474924931748958,0.012072603021513712,0.014877246841984205,0.014877246841984205,0.014877246841984205,0.014877246841984205,0.014877246841984205,0.014877246841984205
2016-11-22,0.0009638811899980953,0.0011352051585238744,0.0013065291270496536,0.0011352051585238744,0.0013065291270496536,0.0009638811899980953,0.0009638811899980953,0.0009638811899980953,0.0011352051585238744,0.0013065291270496536,0.0016491770641012121
2016-11-23,-0.019031016525524132,-0.018942945900044663,-0.018854875274565194,-0.018942945900044663,-0.018854875274565194,-0.019031016525524132,-0.019031016525524132,-0.019031016525524132,-0.019031016525524132,-0.019031016525524132,-0.019031016525524132
2016-11-25,-0.0016721022679572468,-0.0019324619920597036,-0.002192821716162161,-0.0019324619920597036,-0.002192821716162161,-0.0016721022679572468,-0.0016721022679572468,-0.0016721022679572468,-0.0016721022679572468,-0.0016721022679572468,-0.0016721022679572468
2016-11-28,0.013572979897534162,0.013887660958350251,0.01420234201916634,0.013887660958350251,0.01420234201916634,0.013572979897534162,0.013572979897534162,0.013572979897534162,0.013572979897534162,0.013572979897534162,0.013572979897534162
2016-11-29,0.003310066191183462,0.0031086161638264136,0.0029071661364693654,0.0031086161638264136,0.0029071661364693654,0.003310066191183462,0.003310066191183462,0.003310066191183462,0.003310066191183462,0.003310066191183462,0.003310066191183462
2016-11-30,-0.028877179827246087,-0.028797558025005703,-0.028717936222765316,-0.028877179827246087,-0.028877179827246087,-0.028877179827246087,-0.028877179827246087,-0.028877179827246087,-0.028877179827246087,-0.028877179827246087,-0.028877179827246087
2016-12-01,-0.012117015328631029,-0.011167949565923225,-0.010218883803215423,-0.012117015328631029,-0.012117015328631029,-0.012117015328631029,-0.012117015328631029,-0.012117015328631029,-0.012117015328631029,-0.012117015328631029,-0.012117015328631029
2016-12-02,0.004827214334274577,0.004802969371245336,0.004778724408216096,0.004827214334274577,0.004827214334274577,0.004827214334274577,0.004827214334274577,0.004827214334274577,0.004802969371245336,0.004778724408216096,0.004730234482157615
2016-12-05,0.011036576104775157,0.009456160033473264,0.00787574396217137,0.011036576104775157,0.011036576104775157,0.011036576104775157,0.011036576104775157,0.011036576104775157,0.009456160033473264,0.00787574396217137,0.004714911819567583
2016-12-06,0.008309172379073762,0.0074768769942973835,0.006644581609521007,0.008309172379073762,0.008309172379073762,0.008309172379073762,0.008309172379073762,0.008309172379073762,0.008309172379073762,0.008309172379073762,0.008309172379073762
2016-12-07,0.0175467101252499,0.017611798322951906,0.017676886520653915,0.0175467101252499,0.0175467101252499,0.0175467101252499,0.0175467101252499,0.0175467101252499,0.0175467101252499,0.0175467101252499,0.0175467101252499
2016-12-08,-0.002658620702931342,-0.0025985477350657362,-0.0025384747672001304,-0.002658620702931342,-0.002658620702931342,-0.002658620702931342,-0.002658620702931342,-0.002658620702931342,-0.002658620702931342,-0.002658620702931342,-0.002658620702931342
2016-12-09,-0.007704749707613189,-0.007704749707613189,-0.007704749707613189,-0.007704749707613189,-0.007704749707613189,-0.007704749707613189,-0.007704749707613189,-0.007704749707613189,-0.007704749707613189,-0.007704749707613189,-0.007704749707613189
2016-12-12,0.0004449515776009593,0.0004449515776009593,0.0004449515776009593,0.0004449515776009593,0.0004449515776009593,0.0004449515776009593,0.0004449515776009593,0.0004449515776009593,0.0004449515776009593,0.0004449515776009593,0.0004449515776009593
2016-12-13,0.0033396989619032627,0.0033396989619032627,0.0033396989619032627,0.0033396989619032627,0.0033396989619032627,0.0033396989619032627,0.0033396989619032627,0.0033396989619032627,0.0033396989619032627,0.0033396989619032627,0.0033396989619032627
2016-12-14,-0.020805332519216138,-0.020805332519216138,-0.020805332519216138,-0.020805332519216138,-0.020805332519216138,-0.020805332519216138,-0.020805332519216138,-0.020805332519216138,-0.020805332519216138,-0.020805332519216138,-0.020805332519216138
2016-12-15,-0.00036216701101172977,-0.00036216701101172977,-0.00036216701101172977,-0.00036216701101172977,-0.00036216701101172977,-0.00036216701101172977,-0.00036216701101172977,-0.00036216701101172977,-0.00036216701101172977,-0.00036216701101172977,-0.00036216701101172977
2016-12-16,0.0026414864150821945,0.0026414864150821945,0.0026414864150821945,0.0026414864150821945,0.0026414864150821945,0.0026414864150821945,0.0026414864150821945,0.0026414864150821945,0.002304980923817905,0.0019684754325536152,0.001295464450025036
2016-12-19,0.014930743691670273,0.014930743691670273,0.014930743691670273,0.014930743691670273,0.014930743691670273,0.014930743691670273,0.014930743691670273,0.014930743691670273,0.014930743691670273,0.014930743691670273,0.014930743691670273
2016-12-20,-0.0015135341173193539,-0.0015135341173193539,-0.0015135341173193539,-0.0015135341173193539,-0.0015135341173193539,-0.0015135341173193539,-0.0015135341173193539,-0.0015135341173193539,-0.0015135341173193539,-0.0015135341173193539,-0.0015135341173193539
2016-12-21,0.0025274591430519064,0.0025274591430519064,0.0025274591430519064,0.0025274591430519064,0.0025274591430519064,0.0025274591430519064,0.0025274591430519064,0.0025274591430519064,0.0025274591430519064,0.0025274591430519064,0.0025274591430519064
2016-12-22,-0.00635598431206075,-0.00635598431206075,-0.00635598431206075,-0.00635598431206075,-0.00635598431206075,-0.00635598431206075,-0.00635598431206075,-0.00635598431206075,-0.00635598431206075,-0.00635598431206075,-0.00635598431206075
2016-12-23,0.0047821451885760174,0.0047821451885760174,0.0047821451885760174,0.0047821451885760174,0.0047821451885760174,0.0047821451885760174,0.0047821451885760174,0.0047821451885760174,0.0047821451885760174,0.0047821451885760174,0.0047821451885760174
2016-12-27,0.0042225002740307205,0.0042225002740307205,0.0042225002740307205,0.0042225002740307205,0.0042225002740307205,0.0042225002740307205,0.0042225002740307205,0.0042225002740307205,0.0037359756534703402,0.00324945103290996,0.0022764017917891993
2016-12-28,0.004432421333254422,0.004432421333254422,0.004432421333254422,0.004432421333254422,0.004432421333254422,0.004432421333254422,0.004432421333254422,0.004432421333254422,0.004432421333254422,0.004432421333254422,0.004432421333254422
2016-12-29,0.009375682182752554,0.009375682182752554,0.009375682182752554,0.009375682182752554,0.009375682182752554,0.009375682182752554,0.009375682182752554,0.009375682182752554,0.009375682182752554,0.009375682182752554,0.009375682182752554
2016-12-30,-0.0037982293689363634,-0.0037982293689363634,-0.0037982293689363634,-0.0037982293689363634,-0.0037982293689363634,-0.0037982293689363634,-0.0037982293689363634,-0.0037982293689363634,-0.0037982293689363634,-0.0037982293689363634,-0.0037982293689363634
2017-01-03,0.02151953749488169,0.02151953749488169,0.02151953749488169,0.02151953749488169,0.02151953749488169,0.02151953749488169,0.02151953749488169,0.02151953749488169,0.02151953749488169,0.02151953749488169,0.02151953749488169
2017-01-04,0.017396908202237417,0.017396908202237417,0.017396908202237417,0.017396908202237417,0.017396908202237417,0.017396908202237417,0.017396908202237417,0.017396908202237417,0.017396908202237417,0.017396908202237417,0.017396908202237417
2017-01-05,0.006101005918418025,0.006101005918418025,0.006101005918418025,0.006101005918418025,0.006101005918418025,0.006101005918418025,0.006101005918418025,0.006101005918418025,0.006101005918418025,0.006101005918418025,0.006101005918418025
2017-01-06,0.0013610531379771398,0.0013610531379771398,0.0013610531379771398,0.0013610531379771398,0.0013610531379771398,0.0013610531379771398,0.0013610531379771398,0.0013610531379771398,0.0013610531379771398,0.0013610531379771398,0.0013610531379771398
2017-01-09,-0.00015727637662809007,-0.00015727637662809007,-0.00015727637662809007,-0.00015727637662809007,-0.00015727637662809007,-0.00015727637662809007,-0.00015727637662809007,-0.00015727637662809007,-0.00015727637662809007,-0.00015727637662809007,-0.00015727637662809007
2017-01-10,0.0028546612269598594,0.0028546612269598594,0.0028546612269598594,0.0028546612269598594,0.0028546612269598594,0.0028546612269598594,0.0028546612269598594,0.0028546612269598594,0.0028546612269598594,0.0028546612269598594,0.0028546612269598594
2017-01-11,0.008061252928399154,0.008061252928399154,0.008061252928399154,0.008061252928399154,0.008061252928399154,0.008061252928399154,0.008061252928399154,0.008061252928399154,0.008061252928399154,0.008061252928399154,0.008061252928399154
2017-01-12,-0.0011458210507061589,-0.0011458210507061589,-0.0011458210507061589,-0.0011458210507061589,-0.0011458210507061589,-0.0011458210507061589,-0.0011458210507061589,-0.0011458210507061589,-0.0011458210507061589,-0.0011458210507061589,-0.0011458210507061589
2017-01-13,0.0007926498534850457,0.0007926498534850457,0.0007926498534850457,0.0007926498534850457,0.0007926498534850457,0.0007926498534850457,0.0007926498534850457,0.0007926498534850457,0.0007926498534850457,0.0007926498534850457,0.0007926498534850457
2017-01-17,0.009497698905219235,0.009497698905219235,0.009497698905219235,0.009497698905219235,0.009497698905219235,0.009497698905219235,0.009497698905219235,0.009497698905219235,0.009497698905219235,0.009497698905219235,0.009497698905219235
2017-01-18,-0.008354128031197294,-0.008354128031197294,-0.008354128031197294,-0.008354128031197294,-0.008354128031197294,-0.008354128031197294,-0.008354128031197294,-0.008354128031197294,-0.008354128031197294,-0.008354128031197294,-0.008354128031197294
2017-01-19,-0.007999129578517596,-0.007999129578517596,-0.007999129578517596,-0.007999129578517596,-0.007999129578517596,-0.007999129578517596,-0.007999129578517596,-0.007999129578517596,-0.007999129578517596,-0.007999129578517596,-0.007999129578517596
2017-01-20,0.007277685107539046,0.007277685107539046,0.007277685107539046,0.007277685107539046,0.007277685107539046,0.007277685107539046,0.007277685107539046,0.007277685107539046,0.007277685107539046,0.007277685107539046,0.007277685107539046
2017-01-23,0.006997364842858115,0.006997364842858115,0.006997364842858115,0.006997364842858115,0.006997364842858115,0.006997364842858115,0.006997364842858115,0.006997364842858115,0.006771995428668733,0.006546626014479351,0.006095887186100587
2017-01-24,0.005534897213635388,0.005534897213635388,0.005534897213635388,0.005534897213635388,0.005534897213635388,0.005534897213635388,0.005534897213635388,0.005534897213635388,0.005534897213635388,0.005534897213635388,0.005534897213635388
2017-01-25,-0.0007549286546710039,-0.0007549286546710039,-0.0007549286546710039,-0.0007549286546710039,-0.0007549286546710039,-0.0007549286546710039,-0.0007549286546710039,-0.0007549286546710039,-0.0007549286546710039,-0.0007549286546710039,-0.0007549286546710039
2017-01-26,-0.005292427851831452,-0.005292427851831452,-0.005292427851831452,-0.005292427851831452,-0.005292427851831452,-0.005292427851831452,-0.005292427851831452,-0.005292427851831452,-0.005292427851831452,-0.005292427851831452,-0.005292427851831452
2017-01-27,0.005414143099055631,0.005414143099055631,0.005414143099055631,0.005414143099055631,0.005414143099055631,0.005414143099055631,0.005414143099055631,0.005414143099055631,0.005414143099055631,0.005414143099055631,0.005414143099055631
2017-01-30,-0.004854203931453141,-0.004854203931453141,-0.004854203931453141,-0.004854203931453141,-0.004854203931453141,-0.004854203931453141,-0.004854203931453141,-0.004854203931453141,-0.004854203931453141,-0.004854203931453141,-0.004854203931453141
2017-01-31,0.015712595930114488,0.015712595930114488,0.015712595930114488,0.015712595930114488,0.015712595930114488,0.015712595930114488,0.015712595930114488,0.015712595930114488,0.015712595930114488,0.015712595930114488,0.015712595930114488
2017-02-01,-0.0002291765538764356,-0.0002291765538764356,-0.0002291765538764356,-0.0002291765538764356,-0.0002291765538764356,-0.0002291765538764356,-0.0002291765538764356,-0.0002291765538764356,-0.0002291765538764356,-0.0002291765538764356,-0.0002291765538764356
2017-02-02,0.00276824403025495,0.00276824403025495,0.00276824403025495,0.00276824403025495,0.00276824403025495,0.00276824403025495,0.00276824403025495,0.00276824403025495,0.00276824403025495,0.00276824403025495,0.00276824403025495
2017-02-03,0.013620477677377365,0.013620477677377365,0.013620477677377365,0.013620477677377365,0.013620477677377365,0.013620477677377365,0.013620477677377365,0.013620477677377365,0.013082193358428596,0.012543909039479828,0.011467340401582291
2017-02-06,0.003249219517827046,0.003249219517827046,0.003249219517827046,0.003249219517827046,0.003249219517827046,0.003249219517827046,0.003249219517827046,0.003249219517827046,0.003249219517827046,0.003249219517827046,0.003249219517827046
2017-02-07,-0.0012456640588646845,-0.0012456640588646845,-0.0012456640588646845,-0.0012456640588646845,-0.0012456640588646845,-0.0012456640588646845,-0.0012456640588646845,-0.0012456640588646845,-0.0012456640588646845,-0.0012456640588646845,-0.0012456640588646845
2017-02-08,0.008299182216037253,0.008299182216037253,0.008299182216037253,0.008299182216037253,0.008299182216037253,0.008299182216037253,0.008299182216037253,0.008299182216037253,0.008299182216037253,0.008299182216037253,0.008299182216037253
2017-02-09,-0.0009736944419708362,-0.0009736944419708362,-0.0009736944419708362,-0.0009736944419708362,-0.0009736944419708362,-0.0009736944419708362,-0.0009736944419708362,-0.0009736944419708362,-0.0009736944419708362,-0.0009736944419708362,-0.0009736944419708362
2017-02-10,0.006521660058549939,0.006521660058549939,0.006521660058549939,0.006521660058549939,0.006521660058549939,0.006521660058549939,0.006521660058549939,0.006521660058549939,0.006521660058549939,0.006521660058549939,0.006521660058549939
2017-02-13,0.002666059707829866,0.002666059707829866,0.002666059707829866,0.002666059707829866,0.002666059707829866,0.002666059707829866,0.002666059707829866,0.002666059707829866,0.002666059707829866,0.002666059707829866,0.002666059707829866
2017-02-14,0.004580850942139664,0.004580850942139664,0.004580850942139664,0.004580850942139664,0.004580850942139664,0.004580850942139664,0.004580850942139664,0.004580850942139664,0.004580850942139664,0.004580850942139664,0.004580850942139664
2017-02-15,0.0007912965903783256,0.0007912965903783256,0.0007912965903783256,0.0007912965903783256,0.0007912965903783256,0.0007912965903783256,0.0007912965903783256,0.0007912965903783256,0.0007912965903783256,0.0007912965903783256,0.0007912965903783256
2017-02-16,0.004004305527194193,0.004004305527194193,0.004004305527194193,0.004004305527194193,0.004004305527194193,0.004004305527194193,0.004004305527194193,0.004004305527194193,0.004004305527194193,0.004004305527194193,0.004004305527194193
2017-02-17,0.0028968623783008586,0.0028968623783008586,0.0028968623783008586,0.0028968623783008586,0.0028968623783008586,0.0028968623783008586,0.0028968623783008586,0.0028968623783008586,0.0028968623783008586,0.0028968623783008586,0.0028968623783008586
2017-02-21,0.005609381839459574,0.005609381839459574,0.005609381839459574,0.005609381839459574,0.005609381839459574,0.005609381839459574,0.005609381839459574,0.005609381839459574,0.005609381839459574,0.005609381839459574,0.005609381839459574
2017-02-22,-7.9430205183468e-05,-7.9430205183468e-05,-7.9430205183468e-05,-7.9430205183468e-05,-7.9430205183468e-05,-7.9430205183468e-05,-7.9430205183468e-05,-7.9430205183468e-05,-7.9430205183468e-05,-7.9430205183468e-05,-7.9430205183468e-05
2017-02-23,0.0025437787737958,0.0025437787737958,0.0025437787737958,0.0025437787737958,0.0025437787737958,0.0025437787737958,0.0025437787737958,0.0025437787737958,0.0025437787737958,0.0025437787737958,0.0025437787737958
2017-02-24,0.015906288522185938,0.015906288522185938,0.015906288522185938,0.015906288522185938,0.015906288522185938,0.015906288522185938,0.015906288522185938,0.015906288522185938,0.015906288522185938,0.015906288522185938,0.015906288522185938
2017-02-27,-0.007546224217378192,-0.007546224217378192,-0.007546224217378192,-0.007546224217378192,-0.007546224217378192,-0.007546224217378192,-0.007546224217378192,-0.007546224217378192,-0.007546224217378192,-0.007546224217378192,-0.007546224217378192
2017-02-28,0.0015839480892510633,0.0015839480892510633,0.0015839480892510633,0.0015839480892510633,0.0015839480892510633,0.0015839480892510633,0.0015839480892510633,0.0015839480892510633,0.0015839480892510633,0.0015839480892510633,0.0015839480892510633
2017-03-01,0.01842748379532575,0.01842748379532575,0.01842748379532575,0.01842748379532575,0.01842748379532575,0.01842748379532575,0.01842748379532575,0.01842748379532575,0.01842748379532575,0.01842748379532575,0.01842748379532575
2017-03-02,-0.014707901406774495,-0.014707901406774495,-0.014707901406774495,-0.014707901406774495,-0.014707901406774495,-0.014707901406774495,-0.014707901406774495,-0.014707901406774495,-0.014707901406774495,-0.014707901406774495,-0.014707901406774495
2017-03-03,0.0037573940522078824,0.0037573940522078824,0.0037573940522078824,0.0037573940522078824,0.0037573940522078824,0.0037573940522078824,0.0037573940522078824,0.0037573940522078824,0.0037573940522078824,0.0037573940522078824,0.0037573940522078824
2017-03-06,-0.007427486748278078,-0.007427486748278078,-0.007427486748278078,-0.007427486748278078,-0.007427486748278078,-0.007427486748278078,-0.007427486748278078,-0.007427486748278078,-0.007819499423494481,-0.008211512098710884,-0.008995537449143689
2017-03-07,-0.008820590966603113,-0.008820590966603113,-0.008820590966603113,-0.008820590966603113,-0.008820590966603113,-0.008820590966603113,-0.008820590966603113,-0.008820590966603113,-0.008820590966603113,-0.008820590966603113,-0.008820590966603113
2017-03-08,-0.008493952395182776,-0.008493952395182776,-0.008493952395182776,-0.008493952395182776,-0.008493952395182776,-0.008493952395182776,-0.008493952395182776,-0.008493952395182776,-0.00835243007944572,-0.008210907763708666,-0.007927863132234555
2017-03-09,-0.006246714716646263,-0.006246714716646263,-0.006246714716646263,-0.006246714716646263,-0.006246714716646263,-0.006246714716646263,-0.006246714716646263,-0.006246714716646263,-0.006380211889051114,-0.006513709061455966,-0.006780703406265669
2017-03-10,0.007605873326862005,0.007605873326862005,0.007605873326862005,0.007605873326862005,0.007605873326862005,0.007605873326862005,0.007605873326862005,0.007605873326862005,0.007244969745253861,0.006884066163645716,0.006162259000429428
2017-03-13,-0.0005122046885176045,-0.0005122046885176045,-0.0005122046885176045,-0.0005122046885176045,-0.0005122046885176045,-0.0005122046885176045,-0.0005122046885176045,-0.0005122046885176045,-0.0005122046885176045,-0.0005122046885176045,-0.0005122046885176045
2017-03-14,-0.0054611863281789266,-0.0054611863281789266,-0.0054611863281789266,-0.0054611863281789266,-0.0054611863281789266,-0.0054611863281789266,-0.0054611863281789266,-0.0054611863281789266,-0.0054611863281789266,-0.0054611863281789266,-0.0054611863281789266
2017-03-15,0.028312609039960572,0.027363738187773236,0.026414867335585904,0.028312609039960572,0.028312609039960572,0.028312609039960572,0.028312609039960572,0.028312609039960572,0.028312609039960572,0.028312609039960572,0.028312609039960572
2017-03-16,0.0008350096350679752,0.0008350096350679752,0.0008350096350679752,0.0008350096350679752,0.0008350096350679752,0.0008350096350679752,0.0008350096350679752,0.0008350096350679752,0.0008350096350679752,0.0008350096350679752,0.0008350096350679752
2017-03-17,0.005278038004330271,0.004981003446807811,0.0046839688892853495,0.005278038004330271,0.005278038004330271,0.005278038004330271,0.005278038004330271,0.005278038004330271,0.005278038004330271,0.005278038004330271,0.005278038004330271
2017-03-20,0.0029137513930441905,0.002931030634511426,0.0029483098759786617,0.0029137513930441905,0.0029137513930441905,0.0029137513930441905,0.0029137513930441905,0.0029137513930441905,0.0029137513930441905,0.0029137513930441905,0.0029137513930441905
2017-03-21,-0.0060570717482616165,-0.005123257762539627,-0.004189443776817638,-0.0060570717482616165,-0.0060570717482616165,-0.0060570717482616165,-0.0060570717482616165,-0.0060570717482616165,-0.0060570717482616165,-0.0060570717482616165,-0.0060570717482616165
2017-03-22,0.00408518251240024,0.004208254152475875,0.004331325792551508,0.00408518251240024,0.00408518251240024,0.00408518251240024,0.00408518251240024,0.00408518251240024,0.00408518251240024,0.00408518251240024,0.00408518251240024
2017-03-23,0.0011386693745558977,0.0011386693745558977,0.0011386693745558977,0.0011386693745558977,0.0011386693745558977,0.0011386693745558977,0.0011386693745558977,0.0011386693745558977,0.0011386693745558977,0.0011386693745558977,0.0011386693745558977
2017-03-24,0.0008397389430399519,0.0008397389430399519,0.0008397389430399519,0.0008397389430399519,0.0008397389430399519,0.0008397389430399519,0.0008397389430399519,0.0008397389430399519,0.0008397389430399519,0.0008397389430399519,0.0008397389430399519
2017-03-27,0.002513828342752279,0.002513828342752279,0.002513828342752279,0.002513828342752279,0.002513828342752279,0.002513828342752279,0.002513828342752279,0.002513828342752279,0.002513828342752279,0.002513828342752279,0.002513828342752279
2017-03-28,-0.0004024316058474902,-0.0004024316058474902,-0.0004024316058474902,-0.0004024316058474902,-0.0004024316058474902,-0.0004024316058474902,-0.0004024316058474902,-0.0004024316058474902,-0.0004024316058474902,-0.0004024316058474902,-0.0004024316058474902
2017-03-29,0.005614565222785213,0.005614565222785213,0.005614565222785213,0.005614565222785213,0.005614565222785213,0.005614565222785213,0.005614565222785213,0.005614565222785213,0.005614565222785213,0.005614565222785213,0.005614565222785213
2017-03-30,-0.0027443512619420526,-0.0027443512619420526,-0.0027443512619420526,-0.0027443512619420526,-0.0027443512619420526,-0.0027443512619420526,-0.0027443512619420526,-0.0027443512619420526,-0.0027443512619420526,-0.0027443512619420526,-0.0027443512619420526
2017-03-31,0.0012682265992185855,0.0012682265992185855,0.0012682265992185855,0.0012682265992185855,0.0012682265992185855,0.0012682265992185855,0.0012682265992185855,0.0012682265992185855,0.0012682265992185855,0.0012682265992185855,0.0012682265992185855
2017-04-03,0.002978192896604299,0.002978192896604299,0.002978192896604299,0.002978192896604299,0.002978192896604299,0.002978192896604299,0.002978192896604299,0.002978192896604299,0.002978192896604299,0.002978192896604299,0.002978192896604299
2017-04-04,-6.578600866046728e-05,-6.578600866046728e-05,-6.578600866046728e-05,-6.578600866046728e-05,-6.578600866046728e-05,-6.578600866046728e-05,-6.578600866046728e-05,-6.578600866046728e-05,-6.578600866046728e-05,-6.578600866046728e-05,-6.578600866046728e-05
2017-04-05,2.7977284201278573e-05,2.7977284201278573e-05,2.7977284201278573e-05,2.7977284201278573e-05,2.7977284201278573e-05,2.7977284201278573e-05,2.7977284201278573e-05,2.7977284201278573e-05,2.7977284201278573e-05,2.7977284201278573e-05,2.7977284201278573e-05
2017-04-06,-0.0017770476389560438,-0.0017770476389560438,-0.0017770476389560438,-0.0017770476389560438,-0.0017770476389560438,-0.0017770476389560438,-0.0017770476389560438,-0.0017770476389560438,-0.0017770476389560438,-0.0017770476389560438,-0.0017770476389560438
2017-04-07,0.004666595136949418,0.004666595136949418,0.004666595136949418,0.004666595136949418,0.004666595136949418,0.004666595136949418,0.004666595136949418,0.004666595136949418,0.004666595136949418,0.004666595136949418,0.004666595136949418
2017-04-10,0.0068559908971571725,0.0068559908971571725,0.0068559908971571725,0.0068559908971571725,0.0068559908971571725,0.0068559908971571725,0.0068559908971571725,0.0068559908971571725,0.0068559908971571725,0.0068559908971571725,0.0068559908971571725
2017-04-11,0.017408521586334286,0.017408521586334286,0.017408521586334286,0.017408521586334286,0.017408521586334286,0.017408521586334286,0.017408521586334286,0.017408521586334286,0.017408521586334286,0.017408521586334286,0.017408521586334286
2017-04-12,0.0031325455924226153,0.0031325455924226153,0.0031325455924226153,0.0031325455924226153,0.0031325455924226153,0.0031325455924226153,0.0031325455924226153,0.0031325455924226153,0.0031325455924226153,0.0031325455924226153,0.0031325455924226153
2017-04-13,0.0010768612807288895,0.0010768612807288895,0.0010768612807288895,0.0010768612807288895,0.0010768612807288895,0.0010768612807288895,0.0010768612807288895,0.0010768612807288895,0.0010768612807288895,0.0010768612807288895,0.0010768612807288895
2017-04-17,-0.001772462070102919,-0.001772462070102919,-0.001772462070102919,-0.001772462070102919,-0.001772462070102919,-0.001772462070102919,-0.001772462070102919,-0.001772462070102919,-0.001772462070102919,-0.001772462070102919,-0.001772462070102919
2017-04-18,0.007041745380893519,0.007041745380893519,0.007041745380893519,0.007041745380893519,0.007041745380893519,0.007041745380893519,0.007041745380893519,0.007041745380893519,0.007041745380893519,0.007041745380893519,0.007041745380893519
2017-04-19,-0.006367082359350001,-0.006367082359350001,-0.006367082359350001,-0.006367082359350001,-0.006367082359350001,-0.006367082359350001,-0.006367082359350001,-0.006367082359350001,-0.006367082359350001,-0.006367082359350001,-0.006367082359350001
2017-04-20,0.0030030332654524448,0.0030030332654524448,0.0030030332654524448,0.0030030332654524448,0.0030030332654524448,0.0030030332654524448,0.0030030332654524448,0.0030030332654524448,0.0030030332654524448,0.0030030332654524448,0.0030030332654524448
2017-04-21,-0.0006052841565429719,-0.0006052841565429719,-0.0006052841565429719,-0.0006052841565429719,-0.0006052841565429719,-0.0006052841565429719,-0.0006052841565429719,-0.0006052841565429719,-0.0006052841565429719,-0.0006052841565429719,-0.0006052841565429719
2017-04-24,-0.008538725112405712,-0.008538725112405712,-0.008538725112405712,-0.008538725112405712,-0.008538725112405712,-0.008538725112405712,-0.008538725112405712,-0.008538725112405712,-0.008538725112405712,-0.008538725112405712,-0.008538725112405712
2017-04-25,-0.00718122880301497,-0.00718122880301497,-0.00718122880301497,-0.00718122880301497,-0.00718122880301497,-0.00718122880301497,-0.00718122880301497,-0.00718122880301497,-0.00718122880301497,-0.00718122880301497,-0.00718122880301497
2017-04-26,0.006806523958386163,0.006806523958386163,0.006806523958386163,0.006806523958386163,0.006806523958386163,0.006806523958386163,0.006806523958386163,0.006806523958386163,0.006806523958386163,0.006806523958386163,0.006806523958386163
2017-04-27,-0.001569845162525897,-0.001569845162525897,-0.001569845162525897,-0.001569845162525897,-0.001569845162525897,-0.001569845162525897,-0.001569845162525897,-0.001569845162525897,-0.001569845162525897,-0.001569845162525897,-0.001569845162525897
2017-04-28,0.0034433454229952027,0.0034433454229952027,0.0034433454229952027,0.0034433454229952027,0.0034433454229952027,0.0034433454229952027,0.0034433454229952027,0.0034433454229952027,0.0034433454229952027,0.0034433454229952027,0.0034433454229952027
2017-05-01,0.0007964525843245159,0.0007964525843245159,0.0007964525843245159,0.0007964525843245159,0.0007964525843245159,0.0007964525843245159,0.0007964525843245159,0.0007964525843245159,0.0007964525843245159,0.0007964525843245159,0.0007964525843245159
2017-05-02,0.00029796099880917166,0.00029796099880917166,0.00029796099880917166,0.00029796099880917166,0.00029796099880917166,0.00029796099880917166,0.00029796099880917166,0.00029796099880917166,0.00029796099880917166,0.00029796099880917166,0.00029796099880917166
2017-05-03,-0.011988297763220065,-0.011988297763220065,-0.011988297763220065,-0.011988297763220065,-0.011988297763220065,-0.011988297763220065,-0.011988297763220065,-0.011988297763220065,-0.011988297763220065,-0.011988297763220065,-0.011988297763220065
2017-05-04,-0.002630176134987283,-0.002630176134987283,-0.002630176134987283,-0.002630176134987283,-0.002630176134987283,-0.002630176134987283,-0.002630176134987283,-0.002630176134987283,-0.002630176134987283,-0.002630176134987283,-0.002630176134987283
2017-05-05,0.006773692676871098,0.006773692676871098,0.006773692676871098,0.006773692676871098,0.006773692676871098,0.006773692676871098,0.006773692676871098,0.006773692676871098,0.006773692676871098,0.006773692676871098,0.006773692676871098
2017-05-08,-0.0029035885292601135,-0.0029035885292601135,-0.0029035885292601135,-0.0029035885292601135,-0.0029035885292601135,-0.0029035885292601135,-0.0029035885292601135,-0.0029035885292601135,-0.0029035885292601135,-0.0029035885292601135,-0.0029035885292601135
2017-05-09,-0.0035778997878608675,-0.0035778997878608675,-0.0035778997878608675,-0.0035778997878608675,-0.0035778997878608675,-0.0035778997878608675,-0.0035778997878608675,-0.0035778997878608675,-0.0035778997878608675,-0.0035778997878608675,-0.0035778997878608675
2017-05-10,0.0006477164695683408,0.0006477164695683408,0.0006477164695683408,0.0006477164695683408,0.0006477164695683408,0.0006477164695683408,0.0006477164695683408,0.0006477164695683408,0.0007424223174210196,0.0008371281652736984,0.001026539860979056
2017-05-11,0.00023149802806862052,0.00023149802806862052,0.00023149802806862052,0.00023149802806862052,0.00023149802806862052,0.00023149802806862052,0.00023149802806862052,0.00023149802806862052,0.0001678577305537602,0.00010421743303889989,-2.3063161990820747e-05
2017-05-12,0.004500439948932878,0.004500439948932878,0.004500439948932878,0.004500439948932878,0.004500439948932878,0.004500439948932878,0.004500439948932878,0.004500439948932878,0.004500439948932878,0.004500439948932878,0.004500439948932878
2017-05-15,0.006237262389076324,0.006237262389076324,0.006237262389076324,0.006237262389076324,0.006237262389076324,0.006237262389076324,0.006237262389076324,0.006237262389076324,0.006237262389076324,0.006237262389076324,0.006237262389076324
2017-05-16,0.0051162460044868975,0.0051162460044868975,0.0051162460044868975,0.0051162460044868975,0.0051162460044868975,0.0051162460044868975,0.0051162460044868975,0.0051162460044868975,0.0051162460044868975,0.0051162460044868975,0.0051162460044868975
2017-05-17,-0.014151467950002878,-0.014151467950002878,-0.014151467950002878,-0.014151467950002878,-0.014151467950002878,-0.014151467950002878,-0.014151467950002878,-0.014151467950002878,-0.014151467950002878,-0.014151467950002878,-0.014151467950002878
2017-05-18,0.0006971929750554665,0.0006971929750554665,0.0006971929750554665,0.0006971929750554665,0.0006971929750554665,0.0006971929750554665,0.0006971929750554665,0.0006971929750554665,0.0006971929750554665,0.0006971929750554665,0.0006971929750554665
2017-05-19,0.009814527777109784,0.009814527777109784,0.009814527777109784,0.009814527777109784,0.009814527777109784,0.009814527777109784,0.009814527777109784,0.009814527777109784,0.009814527777109784,0.009814527777109784,0.009814527777109784
2017-05-22,0.0049884139905574856,0.0049884139905574856,0.0049884139905574856,0.0049884139905574856,0.0049884139905574856,0.0049884139905574856,0.0049884139905574856,0.0049884139905574856,0.0049884139905574856,0.0049884139905574856,0.0049884139905574856
2017-05-23,-0.00453872224528704,-0.00453872224528704,-0.00453872224528704,-0.00453872224528704,-0.00453872224528704,-0.00453872224528704,-0.00453872224528704,-0.00453872224528704,-0.00453872224528704,-0.00453872224528704,-0.00453872224528704
2017-05-24,0.009782307796961983,0.009782307796961983,0.009782307796961983,0.009782307796961983,0.009782307796961983,0.009782307796961983,0.009782307796961983,0.009782307796961983,0.009782307796961983,0.009782307796961983,0.009782307796961983
2017-05-25,0.0025637846261939374,0.0025637846261939374,0.0025637846261939374,0.0025637846261939374,0.0025637846261939374,0.0025637846261939374,0.0025637846261939374,0.0025637846261939374,0.0025637846261939374,0.0025637846261939374,0.0025637846261939374
2017-05-26,0.004568353480368801,0.004568353480368801,0.004568353480368801,0.004568353480368801,0.004568353480368801,0.004568353480368801,0.004568353480368801,0.004568353480368801,0.004568353480368801,0.004568353480368801,0.004568353480368801
2017-05-30,0.0007094251385952059,0.0007094251385952059,0.0007094251385952059,0.0007094251385952059,0.0007094251385952059,0.0007094251385952059,0.0007094251385952059,0.0007094251385952059,0.0007094251385952059,0.0007094251385952059,0.0007094251385952059
2017-05-31,0.0019435706368110494,0.0019435706368110494,0.0019435706368110494,0.0019435706368110494,0.0019435706368110494,0.0019435706368110494,0.0019435706368110494,0.0019435706368110494,0.0019435706368110494,0.0019435706368110494,0.0019435706368110494
2017-06-01,0.012815571434963651,0.012815571434963651,0.012815571434963651,0.012815571434963651,0.012815571434963651,0.012815571434963651,0.012815571434963651,0.012815571434963651,0.012815571434963651,0.012815571434963651,0.012815571434963651
2017-06-02,0.009900019520461063,0.009900019520461063,0.009900019520461063,0.009900019520461063,0.009900019520461063,0.009900019520461063,0.009900019520461063,0.009900019520461063,0.009900019520461063,0.009900019520461063,0.009900019520461063
2017-06-05,-0.0020756395364148186,-0.0020756395364148186,-0.0020756395364148186,-0.0020756395364148186,-0.0020756395364148186,-0.0020756395364148186,-0.0020756395364148186,-0.0020756395364148186,-0.0020756395364148186,-0.0020756395364148186,-0.0020756395364148186
2017-06-06,0.0037812733100209797,0.0037812733100209797,0.0037812733100209797,0.0037812733100209797,0.0037812733100209797,0.0037812733100209797,0.0037812733100209797,0.0037812733100209797,0.0037812733100209797,0.0037812733100209797,0.0037812733100209797
2017-06-07,-0.0023314050557063557,-0.0023314050557063557,-0.0023314050557063557,-0.0023314050557063557,-0.0023314050557063557,-0.0023314050557063557,-0.0023314050557063557,-0.0023314050557063557,-0.0023314050557063557,-0.0023314050557063557,-0.0023314050557063557
2017-06-08,-0.0017139459490489125,-0.0017139459490489125,-0.0017139459490489125,-0.0017139459490489125,-0.0017139459490489125,-0.0017139459490489125,-0.0017139459490489125,-0.0017139459490489125,-0.0017139459490489125,-0.0017139459490489125,-0.0017139459490489125
2017-06-09,-0.007894829416829967,-0.007894829416829967,-0.007894829416829967,-0.007894829416829967,-0.007894829416829967,-0.007894829416829967,-0.007894829416829967,-0.007894829416829967,-0.007894829416829967,-0.007894829416829967,-0.007894829416829967
2017-06-12,-0.002140370158068136,-0.002140370158068136,-0.002140370158068136,-0.002140370158068136,-0.002140370158068136,-0.002140370158068136,-0.002140370158068136,-0.002140370158068136,-0.002140370158068136,-0.002140370158068136,-0.002140370158068136
2017-06-13,0.007442533675583246,0.007442533675583246,0.007442533675583246,0.007442533675583246,0.007442533675583246,0.007442533675583246,0.007442533675583246,0.007442533675583246,0.006635443051842322,0.0058283524281013965,0.004214171180619548
2017-06-14,0.005336617858181464,0.005336617858181464,0.005336617858181464,0.005336617858181464,0.005336617858181464,0.005336617858181464,0.005336617858181464,0.005336617858181464,0.005336617858181464,0.005336617858181464,0.005336617858181464
2017-06-15,-0.005860758789577976,-0.005860758789577976,-0.005860758789577976,-0.005860758789577976,-0.005860758789577976,-0.005860758789577976,-0.005860758789577976,-0.005860758789577976,-0.005860758789577976,-0.005860758789577976,-0.005860758789577976
2017-06-16,0.0018723970409527096,0.0018723970409527096,0.0018723970409527096,0.0018723970409527096,0.0018723970409527096,0.0018723970409527096,0.0018723970409527096,0.0018723970409527096,0.0018723970409527096,0.0018723970409527096,0.0018723970409527096
2017-06-19,0.0036329096894432665,0.0036329096894432665,0.0036329096894432665,0.0036329096894432665,0.0036329096894432665,0.0036329096894432665,0.0036329096894432665,0.0036329096894432665,0.002946717085612462,0.0022605244817816574,0.0008881392741200483
2017-06-20,-0.003037503134710003,-0.003037503134710003,-0.003037503134710003,-0.003037503134710003,-0.003037503134710003,-0.003037503134710003,-0.003037503134710003,-0.003037503134710003,-0.003037503134710003,-0.003037503134710003,-0.003037503134710003
2017-06-21,0.0027344411880692934,0.0027344411880692934,0.0027344411880692934,0.0027344411880692934,0.0027344411880692934,0.0027344411880692934,0.0027344411880692934,0.0027344411880692934,0.0027344411880692934,0.0027344411880692934,0.0027344411880692934
2017-06-22,0.003386794853901341,0.003386794853901341,0.003386794853901341,0.003386794853901341,0.003386794853901341,0.003386794853901341,0.003386794853901341,0.003386794853901341,0.003386794853901341,0.003386794853901341,0.003386794853901341
2017-06-23,0.00473806798306867,0.00473806798306867,0.00473806798306867,0.00473806798306867,0.00473806798306867,0.00473806798306867,0.00473806798306867,0.00473806798306867,0.00473806798306867,0.00473806798306867,0.00473806798306867
2017-06-26,-0.0008793763193277033,-0.0008793763193277033,-0.0008793763193277033,-0.0008793763193277033,-0.0008793763193277033,-0.0008793763193277033,-0.0008793763193277033,-0.0008793763193277033,-0.0008793763193277033,-0.0008793763193277033,-0.0008793763193277033
2017-06-27,-0.015041894841654734,-0.015041894841654734,-0.015041894841654734,-0.015041894841654734,-0.015041894841654734,-0.015041894841654734,-0.015041894841654734,-0.015041894841654734,-0.015041894841654734,-0.015041894841654734,-0.015041894841654734
2017-06-28,0.006056212782885533,0.006056212782885533,0.006056212782885533,0.006056212782885533,0.006056212782885533,0.006056212782885533,0.006056212782885533,0.006056212782885533,0.006056212782885533,0.006056212782885533,0.006056212782885533
2017-06-29,-0.013938199016156415,-0.013938199016156415,-0.013938199016156415,-0.013938199016156415,-0.013938199016156415,-0.013938199016156415,-0.013938199016156415,-0.013938199016156415,-0.013938199016156415,-0.013938199016156415,-0.013938199016156415
2017-06-30,-0.00047455007621570444,-0.00047455007621570444,-0.00047455007621570444,-0.00047455007621570444,-0.00047455007621570444,-0.00047455007621570444,-0.00047455007621570444,-0.00047455007621570444,-0.00047455007621570444,-0.00047455007621570444,-0.00047455007621570444
2017-07-03,-0.010901857844193364,-0.010901857844193364,-0.010901857844193364,-0.010901857844193364,-0.010901857844193364,-0.010901857844193364,-0.010901857844193364,-0.010901857844193364,-0.010901857844193364,-0.010901857844193364,-0.010901857844193364
2017-07-05,0.0039080292293818585,0.0039080292293818585,0.0039080292293818585,0.0039080292293818585,0.0039080292293818585,0.0039080292293818585,0.0039080292293818585,0.0039080292293818585,0.0039080292293818585,0.0039080292293818585,0.0039080292293818585
2017-07-06,-0.019497782552573898,-0.019497782552573898,-0.019497782552573898,-0.019497782552573898,-0.019497782552573898,-0.019497782552573898,-0.019497782552573898,-0.019497782552573898,-0.019497782552573898,-0.019497782552573898,-0.019497782552573898
2017-07-07,0.0027336833893878746,0.0027336833893878746,0.0027336833893878746,0.0027336833893878746,0.0027336833893878746,0.0027336833893878746,0.0027336833893878746,0.0027336833893878746,0.0027336833893878746,0.0027336833893878746,0.0027336833893878746
2017-07-10,0.0022782033686318984,0.0022782033686318984,0.0022782033686318984,0.0022782033686318984,0.0022782033686318984,0.0022782033686318984,0.0022782033686318984,0.0022782033686318984,0.0022782033686318984,0.0022782033686318984,0.0022782033686318984
2017-07-11,0.0021723128547763665,0.0021723128547763665,0.0021723128547763665,0.0021723128547763665,0.0021723128547763665,0.0021723128547763665,0.0021723128547763665,0.0021723128547763665,0.0021723128547763665,0.0021723128547763665,0.0021723128547763665
2017-07-12,0.014980535937895497,0.014980535937895497,0.014980535937895497,0.014980535937895497,0.014980535937895497,0.014980535937895497,0.014980535937895497,0.014980535937895497,0.014980535937895497,0.014980535937895497,0.014980535937895497
2017-07-13,-0.002405642280341179,-0.002405642280341179,-0.002405642280341179,-0.002405642280341179,-0.002405642280341179,-0.002405642280341179,-0.002405642280341179,-0.002405642280341179,-0.002405642280341179,-0.002405642280341179,-0.002405642280341179
2017-07-14,0.010727052147490243,0.010727052147490243,0.010727052147490243,0.010727052147490243,0.010727052147490243,0.010727052147490243,0.010727052147490243,0.010727052147490243,0.010727052147490243,0.010727052147490243,0.010727052147490243
2017-07-17,0.007535510659283698,0.007535510659283698,0.007535510659283698,0.007535510659283698,0.007535510659283698,0.007535510659283698,0.007535510659283698,0.007535510659283698,0.007535510659283698,0.007535510659283698,0.007535510659283698
2017-07-18,0.011253287729556836,0.011253287729556836,0.011253287729556836,0.011253287729556836,0.011253287729556836,0.011253287729556836,0.011253287729556836,0.011253287729556836,0.011253287729556836,0.011253287729556836,0.011253287729556836
2017-07-19,0.0054691324642014965,0.0054691324642014965,0.0054691324642014965,0.0054691324642014965,0.0054691324642014965,0.0054691324642014965,0.0054691324642014965,0.0054691324642014965,0.0054691324642014965,0.0054691324642014965,0.0054691324642014965
2017-07-20,0.004053221128348295,0.004053221128348295,0.004053221128348295,0.004053221128348295,0.004053221128348295,0.004053221128348295,0.004053221128348295,0.004053221128348295,0.004053221128348295,0.004053221128348295,0.004053221128348295
2017-07-21,0.007262873822090605,0.007025309565199616,0.0067877453083086264,0.007262873822090605,0.007262873822090605,0.007262873822090605,0.007262873822090605,0.007262873822090605,0.007262873822090605,0.007262873822090605,0.007262873822090605
2017-07-24,-8.626950501099215e-05,-0.0005902804994247757,-0.0010942914938385593,-8.626950501099215e-05,-8.626950501099215e-05,-8.626950501099215e-05,-8.626950501099215e-05,-8.626950501099215e-05,-8.626950501099215e-05,-8.626950501099215e-05,-8.626950501099215e-05
2017-07-25,-0.007973195979424913,-0.007834257885869783,-0.00769531979231465,-0.007973195979424913,-0.007973195979424913,-0.007973195979424913,-0.007973195979424913,-0.007973195979424913,-0.007973195979424913,-0.007973195979424913,-0.007973195979424913
2017-07-26,0.006686566483067333,0.00671878909462481,0.0067510117061822875,0.006686566483067333,0.006686566483067333,0.006686566483067333,0.006686566483067333,0.006686566483067333,0.006686566483067333,0.006686566483067333,0.006686566483067333
2017-07-27,-0.006406812992185246,-0.006066721786841895,-0.0057266305814985445,-0.006406812992185246,-0.006406812992185246,-0.006406812992185246,-0.006406812992185246,-0.006406812992185246,-0.006406812992185246,-0.006406812992185246,-0.006406812992185246
2017-07-28,0.008789105019651446,0.009095291741202603,0.00940147846275376,0.008789105019651446,0.008789105019651446,0.008789105019651446,0.008789105019651446,0.008789105019651446,0.008789105019651446,0.008789105019651446,0.008789105019651446
2017-07-31,0.0023693416579965544,0.002175146212974579,0.001980950767952604,0.0023693416579965544,0.0023693416579965544,0.0023693416579965544,0.0023693416579965544,0.0023693416579965544,0.002175146212974579,0.001980950767952604,0.001592559877908653
2017-08-01,0.004510757291927211,0.004232095321898723,0.003953433351870234,0.004510757291927211,0.004510757291927211,0.004510757291927211,0.004510757291927211,0.004510757291927211,0.004510757291927211,0.004510757291927211,0.004510757291927211
2017-08-02,-0.0023162098185181067,-0.0022395916423167553,-0.002162973466115404,-0.0023162098185181067,-0.0023162098185181067,-0.0023162098185181067,-0.0023162098185181067,-0.0023162098185181067,-0.0023162098185181067,-0.0023162098185181067,-0.0023162098185181067
2017-08-03,-0.0017788599915674885,-0.0014637313645143,-0.0011486027374611118,-0.0017788599915674885,-0.0017788599915674885,-0.0017788599915674885,-0.0017788599915674885,-0.0017788599915674885,-0.0017788599915674885,-0.0017788599915674885,-0.0017788599915674885
2017-08-04,-0.0019747235450252036,-0.002041045014712612,-0.00210736648440002,-0.0019747235450252036,-0.0019747235450252036,-0.0019747235450252036,-0.0019747235450252036,-0.0019747235450252036,-0.0019747235450252036,-0.0019747235450252036,-0.0019747235450252036
2017-08-07,0.00337314861070276,0.0030541756728325545,0.0027352027349623496,0.00337314861070276,0.00337314861070276,0.00337314861070276,0.00337314861070276,0.00337314861070276,0.00337314861070276,0.00337314861070276,0.00337314861070276
2017-08-08,-0.005932172394155265,-0.005932172394155265,-0.005932172394155265,-0.005932172394155265,-0.005932172394155265,-0.005932172394155265,-0.005932172394155265,-0.005932172394155265,-0.005932172394155265,-0.005932172394155265,-0.005932172394155265
2017-08-09,0.006122163059848302,0.006915728162322372,0.007709293264796442,0.006122163059848302,0.006122163059848302,0.006122163059848302,0.006122163059848302,0.006122163059848302,0.006122163059848302,0.006122163059848302,0.006122163059848302
2017-08-10,-0.016844132894794465,-0.012999844847110384,-0.0091555567994263,-0.016844132894794465,-0.016844132894794465,-0.016844132894794465,-0.016844132894794465,-0.016844132894794465,-0.016844132894794465,-0.016844132894794465,-0.016844132894794465
2017-08-11,-0.0006532352906543661,0.000616751817014602,0.0018867389246835693,-0.0006532352906543661,-0.0006532352906543661,-0.0006532352906543661,-0.0006532352906543661,-0.0006532352906543661,-0.0006532352906543661,-0.0006532352906543661,-0.0006532352906543661
2017-08-14,0.00022890083035093794,0.00022890083035093794,0.00022890083035093794,0.00022890083035093794,0.00022890083035093794,0.00022890083035093794,0.00022890083035093794,0.00022890083035093794,0.00022890083035093794,0.00022890083035093794,0.00022890083035093794
2017-08-15,-0.007751047203961801,-0.007751047203961801,-0.007751047203961801,-0.007751047203961801,-0.007751047203961801,-0.007751047203961801,-0.007751047203961801,-0.007751047203961801,-0.007751047203961801,-0.007751047203961801,-0.007751047203961801
2017-08-16,0.00788104083652721,0.00788104083652721,0.00788104083652721,0.00788104083652721,0.00788104083652721,0.00788104083652721,0.00788104083652721,0.00788104083652721,0.00788104083652721,0.00788104083652721,0.00788104083652721
2017-08-17,0.013654208330186405,0.013654208330186405,0.013654208330186405,0.013654208330186405,0.013654208330186405,0.013654208330186405,0.013654208330186405,0.013654208330186405,0.013654208330186405,0.013654208330186405,0.013654208330186405
2017-08-18,-0.005387838764444611,-0.005387838764444611,-0.005387838764444611,-0.005387838764444611,-0.005387838764444611,-0.005387838764444611,-0.005387838764444611,-0.005387838764444611,-0.005387838764444611,-0.005387838764444611,-0.005387838764444611
2017-08-21,0.0047099430170675066,0.0047099430170675066,0.0047099430170675066,0.0047099430170675066,0.0047099430170675066,0.0047099430170675066,0.0047099430170675066,0.0047099430170675066,0.0047099430170675066,0.0047099430170675066,0.0047099430170675066
2017-08-22,0.002310560023503766,0.002310560023503766,0.002310560023503766,0.002310560023503766,0.002310560023503766,0.002310560023503766,0.002310560023503766,0.002310560023503766,0.002310560023503766,0.002310560023503766,0.002310560023503766
2017-08-23,0.002413894188621831,0.002413894188621831,0.002413894188621831,0.002413894188621831,0.002413894188621831,0.002413894188621831,0.002413894188621831,0.002413894188621831,0.002413894188621831,0.002413894188621831,0.002413894188621831
2017-08-24,-0.0075685095416397246,-0.0075685095416397246,-0.0075685095416397246,-0.0075685095416397246,-0.0075685095416397246,-0.0075685095416397246,-0.0075685095416397246,-0.0075685095416397246,-0.0075685095416397246,-0.0075685095416397246,-0.0075685095416397246
2017-08-25,0.0064842618446834055,0.0064842618446834055,0.0064842618446834055,0.0064842618446834055,0.0064842618446834055,0.0064842618446834055,0.0064842618446834055,0.0064842618446834055,0.0064842618446834055,0.0064842618446834055,0.0064842618446834055
2017-08-28,0.006163844976771819,0.006163844976771819,0.006163844976771819,0.006163844976771819,0.006163844976771819,0.006163844976771819,0.006163844976771819,0.006163844976771819,0.006058688237769896,0.005953531498767973,0.005743218020764127
2017-08-29,0.0008978634328935813,0.0008978634328935813,0.0008978634328935813,0.0008978634328935813,0.0008978634328935813,0.0008978634328935813,0.0008978634328935813,0.0008978634328935813,0.0008978634328935813,0.0008978634328935813,0.0008978634328935813
2017-08-30,0.004847633751121029,0.004847633751121029,0.004847633751121029,0.004847633751121029,0.004847633751121029,0.004847633751121029,0.004847633751121029,0.004847633751121029,0.004847633751121029,0.004847633751121029,0.004847633751121029
2017-08-31,0.014263204064937344,0.014263204064937344,0.014263204064937344,0.014263204064937344,0.014263204064937344,0.014263204064937344,0.014263204064937344,0.014263204064937344,0.014263204064937344,0.014263204064937344,0.014263204064937344
2017-09-01,0.0021562081103373614,0.0021562081103373614,0.0021562081103373614,0.0021562081103373614,0.0021562081103373614,0.0021562081103373614,0.0021562081103373614,0.0021562081103373614,0.0021562081103373614,0.0021562081103373614,0.0021562081103373614
2017-09-05,-0.00353490128467719,-0.00353490128467719,-0.00353490128467719,-0.00353490128467719,-0.00353490128467719,-0.00353490128467719,-0.00353490128467719,-0.00353490128467719,-0.00353490128467719,-0.00353490128467719,-0.00353490128467719
2017-09-06,0.0009882886050824203,0.0009882886050824203,0.0009882886050824203,0.0009882886050824203,0.0009882886050824203,0.0009882886050824203,0.0009882886050824203,0.0009882886050824203,0.0009882886050824203,0.0009882886050824203,0.0009882886050824203
2017-09-07,0.010206703003396721,0.010206703003396721,0.010206703003396721,0.010206703003396721,0.010206703003396721,0.010206703003396721,0.010206703003396721,0.010206703003396721,0.010206703003396721,0.010206703003396721,0.010206703003396721
2017-09-08,-0.005237575396664118,-0.005237575396664118,-0.005237575396664118,-0.005237575396664118,-0.005237575396664118,-0.005237575396664118,-0.005237575396664118,-0.005237575396664118,-0.005237575396664118,-0.005237575396664118,-0.005237575396664118
2017-09-11,-0.0014789433630082779,-0.0014789433630082779,-0.0014789433630082779,-0.0014789433630082779,-0.0014789433630082779,-0.0014789433630082779,-0.0014789433630082779,-0.0014789433630082779,-0.0014789433630082779,-0.0014789433630082779,-0.0014789433630082779
2017-09-12,0.004256436155203753,0.004256436155203753,0.004256436155203753,0.004256436155203753,0.004256436155203753,0.004256436155203753,0.004256436155203753,0.004256436155203753,0.003522545857122706,0.002788655559041659,0.0013208749628795644
2017-09-13,-0.002172785339914489,-0.002172785339914489,-0.002172785339914489,-0.002172785339914489,-0.002172785339914489,-0.002172785339914489,-0.002172785339914489,-0.002172785339914489,-0.002172785339914489,-0.002172785339914489,-0.002172785339914489
2017-09-14,0.0030295878576962806,0.0030295878576962806,0.0030295878576962806,0.0030295878576962806,0.0030295878576962806,0.0030295878576962806,0.0030295878576962806,0.0030295878576962806,0.0030295878576962806,0.0030295878576962806,0.0030295878576962806
2017-09-15,0.0009474369070813105,0.0009474369070813105,0.0009474369070813105,0.0009474369070813105,0.0009474369070813105,0.0009474369070813105,0.0009474369070813105,0.0009474369070813105,0.0009474369070813105,0.0009474369070813105,0.0009474369070813105
2017-09-18,-0.0016584990910016991,-0.0016584990910016991,-0.0016584990910016991,-0.0016584990910016991,-0.0016584990910016991,-0.0016584990910016991,-0.0016584990910016991,-0.0016584990910016991,-0.0016584990910016991,-0.0016584990910016991,-0.0016584990910016991
2017-09-19,4.688310659152858e-05,4.688310659152858e-05,4.688310659152858e-05,4.688310659152858e-05,4.688310659152858e-05,4.688310659152858e-05,4.688310659152858e-05,4.688310659152858e-05,4.688310659152858e-05,4.688310659152858e-05,4.688310659152858e-05
2017-09-20,-0.003126280773464469,-0.003126280773464469,-0.003126280773464469,-0.003126280773464469,-0.003126280773464469,-0.003126280773464469,-0.003126280773464469,-0.003126280773464469,-0.003126280773464469,-0.003126280773464469,-0.003126280773464469
2017-09-21,-0.006499363457144984,-0.006499363457144984,-0.006499363457144984,-0.006499363457144984,-0.006499363457144984,-0.006499363457144984,-0.006499363457144984,-0.006499363457144984,-0.006499363457144984,-0.006499363457144984,-0.006499363457144984
2017-09-22,0.00394440985645082,0.00394440985645082,0.00394440985645082,0.00394440985645082,0.00394440985645082,0.00394440985645082,0.00394440985645082,0.00394440985645082,0.00394440985645082,0.00394440985645082,0.00394440985645082
2017-09-25,0.008309819394969784,0.008309819394969784,0.008309819394969784,0.008309819394969784,0.008309819394969784,0.008309819394969784,0.008309819394969784,0.008309819394969784,0.008324227887241239,0.008338636379512694,0.008367453364055604
2017-09-26,-0.008930715207740067,-0.008930715207740067,-0.008930715207740067,-0.008930715207740067,-0.008930715207740067,-0.008930715207740067,-0.008930715207740067,-0.008930715207740067,-0.008930715207740067,-0.008930715207740067,-0.008930715207740067
2017-09-27,-0.02035509921576709,-0.02035509921576709,-0.02035509921576709,-0.02035509921576709,-0.02035509921576709,-0.02035509921576709,-0.02035509921576709,-0.02035509921576709,-0.02035509921576709,-0.02035509921576709,-0.02035509921576709
2017-09-28,-0.0002982545688368305,-0.0002982545688368305,-0.0002982545688368305,-0.0002982545688368305,-0.0002982545688368305,-0.0002982545688368305,-0.0002982545688368305,-0.0002982545688368305,-0.0002982545688368305,-0.0002982545688368305,-0.0002982545688368305
2017-09-29,0.002466138412513172,0.002466138412513172,0.002466138412513172,0.002466138412513172,0.002466138412513172,0.002466138412513172,0.002466138412513172,0.002466138412513172,0.002466138412513172,0.002466138412513172,0.002466138412513172
2017-10-02,0.005087540230173285,0.005087540230173285,0.005087540230173285,0.005087540230173285,0.005087540230173285,0.005087540230173285,0.005087540230173285,0.005087540230173285,0.005087540230173285,0.005087540230173285,0.005087540230173285
2017-10-03,0.0033509416322534996,0.0033509416322534996,0.0033509416322534996,0.0033509416322534996,0.0033509416322534996,0.0033509416322534996,0.0033509416322534996,0.0033509416322534996,0.0033509416322534996,0.0033509416322534996,0.0033509416322534996
2017-10-04,0.00243483350847749,0.00243483350847749,0.00243483350847749,0.00243483350847749,0.00243483350847749,0.00243483350847749,0.00243483350847749,0.00243483350847749,0.00243483350847749,0.00243483350847749,0.00243483350847749
2017-10-05,0.006681244778143199,0.006681244778143199,0.006681244778143199,0.006681244778143199,0.006681244778143199,0.006681244778143199,0.006681244778143199,0.006681244778143199,0.006681244778143199,0.006681244778143199,0.006681244778143199
2017-10-06,0.0008023158127821099,0.0008023158127821099,0.0008023158127821099,0.0008023158127821099,0.0008023158127821099,0.0008023158127821099,0.0008023158127821099,0.0008023158127821099,0.0008023158127821099,0.0008023158127821099,0.0008023158127821099
2017-10-09,0.0001649322075264451,0.0001649322075264451,0.0001649322075264451,0.0001649322075264451,0.0001649322075264451,0.0001649322075264451,0.0001649322075264451,0.0001649322075264451,0.0001649322075264451,0.0001649322075264451,0.0001649322075264451
2017-10-10,0.006626553972987661,0.006626553972987661,0.006626553972987661,0.006626553972987661,0.006626553972987661,0.006626553972987661,0.006626553972987661,0.006626553972987661,0.006626553972987661,0.006626553972987661,0.006626553972987661
2017-10-11,0.006300251048592138,0.006300251048592138,0.006300251048592138,0.006300251048592138,0.006300251048592138,0.006300251048592138,0.006300251048592138,0.006300251048592138,0.006300251048592138,0.006300251048592138,0.006300251048592138
2017-10-12,0.0028327768425581087,0.0028327768425581087,0.0028327768425581087,0.0028327768425581087,0.0028327768425581087,0.0028327768425581087,0.0028327768425581087,0.0028327768425581087,0.0028327768425581087,0.0028327768425581087,0.0028327768425581087
2017-10-13,0.010808940203335306,0.010808940203335306,0.010808940203335306,0.010808940203335306,0.010808940203335306,0.010808940203335306,0.010808940203335306,0.010808940203335306,0.010808940203335306,0.010808940203335306,0.010808940203335306
2017-10-16,-0.0012759327377170485,-0.0012759327377170485,-0.0012759327377170485,-0.0012759327377170485,-0.0012759327377170485,-0.0012759327377170485,-0.0012759327377170485,-0.0012759327377170485,-0.0012759327377170485,-0.0012759327377170485,-0.0012759327377170485
2017-10-17,-0.0025814667629591513,-0.0025814667629591513,-0.0025814667629591513,-0.0025814667629591513,-0.0025814667629591513,-0.0025814667629591513,-0.0025814667629591513,-0.0025814667629591513,-0.0025814667629591513,-0.0025814667629591513,-0.0025814667629591513
2017-10-18,-0.004208216421688965,-0.004208216421688965,-0.004208216421688965,-0.004208216421688965,-0.004208216421688965,-0.004208216421688965,-0.004208216421688965,-0.004208216421688965,-0.004208216421688965,-0.004208216421688965,-0.004208216421688965
2017-10-19,0.004141165567708961,0.004141165567708961,0.004141165567708961,0.004141165567708961,0.004141165567708961,0.004141165567708961,0.004141165567708961,0.004141165567708961,0.004141165567708961,0.004141165567708961,0.004141165567708961
2017-10-20,-0.0032212395711813595,-0.0032212395711813595,-0.0032212395711813595,-0.0032212395711813595,-0.0032212395711813595,-0.0032212395711813595,-0.0032212395711813595,-0.0032212395711813595,-0.0032212395711813595,-0.0032212395711813595,-0.0032212395711813595
2017-10-23,-0.005103367137163867,-0.005103367137163867,-0.005103367137163867,-0.005103367137163867,-0.005103367137163867,-0.005103367137163867,-0.005103367137163867,-0.005103367137163867,-0.005103367137163867,-0.005103367137163867,-0.005103367137163867
2017-10-24,-0.009352287659215437,-0.009352287659215437,-0.009352287659215437,-0.009352287659215437,-0.009352287659215437,-0.009352287659215437,-0.009352287659215437,-0.009352287659215437,-0.009352287659215437,-0.009352287659215437,-0.009352287659215437
2017-10-25,-0.0022938148357056765,-0.0022938148357056765,-0.0022938148357056765,-0.0022938148357056765,-0.0022938148357056765,-0.0022938148357056765,-0.0022938148357056765,-0.0022938148357056765,-0.0022938148357056765,-0.0022938148357056765,-0.0022938148357056765
2017-10-26,-0.00875637475496809,-0.00875637475496809,-0.00875637475496809,-0.00875637475496809,-0.00875637475496809,-0.00875637475496809,-0.00875637475496809,-0.00875637475496809,-0.00875637475496809,-0.00875637475496809,-0.00875637475496809
2017-10-27,0.010281556027791051,0.010281556027791051,0.010281556027791051,0.010281556027791051,0.010281556027791051,0.010281556027791051,0.010281556027791051,0.010281556027791051,0.010281556027791051,0.010281556027791051,0.010281556027791051
2017-10-30,0.014548638281072017,0.014548638281072017,0.014548638281072017,0.014548638281072017,0.014548638281072017,0.014548638281072017,0.014548638281072017,0.014548638281072017,0.014548638281072017,0.014548638281072017,0.014548638281072017
2017-10-31,0.0004885754812088292,0.0004885754812088292,0.0004885754812088292,0.0004885754812088292,0.0004885754812088292,0.0004885754812088292,0.0004885754812088292,0.0004885754812088292,0.0004885754812088292,0.0004885754812088292,0.0004885754812088292
2017-11-01,0.0024705341144629733,0.0024705341144629733,0.0024705341144629733,0.0024705341144629733,0.0024705341144629733,0.0024705341144629733,0.0024705341144629733,0.0024705341144629733,0.0024705341144629733,0.0024705341144629733,0.0024705341144629733
2017-11-02,0.002183670199261447,0.002183670199261447,0.002183670199261447,0.002183670199261447,0.002183670199261447,0.002183670199261447,0.002183670199261447,0.002183670199261447,0.002183670199261447,0.002183670199261447,0.002183670199261447
2017-11-03,0.002133600222092309,0.002133600222092309,0.002133600222092309,0.002133600222092309,0.002133600222092309,0.002133600222092309,0.002133600222092309,0.002133600222092309,0.002133600222092309,0.002133600222092309,0.002133600222092309
2017-11-06,0.007271180411120865,0.007271180411120865,0.007271180411120865,0.007271180411120865,0.007271180411120865,0.007271180411120865,0.007271180411120865,0.007271180411120865,0.007271180411120865,0.007271180411120865,0.007271180411120865
2017-11-07,-0.003708901645356483,-0.003708901645356483,-0.003708901645356483,-0.003708901645356483,-0.003708901645356483,-0.003708901645356483,-0.003708901645356483,-0.003708901645356483,-0.003708901645356483,-0.003708901645356483,-0.003708901645356483
2017-11-08,0.0020394143567724317,0.0020394143567724317,0.0020394143567724317,0.0020394143567724317,0.0020394143567724317,0.0020394143567724317,0.0020394143567724317,0.0020394143567724317,0.0020394143567724317,0.0020394143567724317,0.0020394143567724317
2017-11-09,-0.004230669864476083,-0.004230669864476083,-0.004230669864476083,-0.004230669864476083,-0.004230669864476083,-0.004230669864476083,-0.004230669864476083,-0.004230669864476083,-0.004230669864476083,-0.004230669864476083,-0.004230669864476083
2017-11-10,-0.0157486530459609,-0.0157486530459609,-0.0157486530459609,-0.0157486530459609,-0.0157486530459609,-0.0157486530459609,-0.0157486530459609,-0.0157486530459609,-0.0157486530459609,-0.0157486530459609,-0.0157486530459609
2017-11-13,0.002086113308029685,0.002086113308029685,0.002086113308029685,0.002086113308029685,0.002086113308029685,0.002086113308029685,0.002086113308029685,0.002086113308029685,0.002086113308029685,0.002086113308029685,0.002086113308029685
2017-11-14,0.0026091404583160047,0.0026091404583160047,0.0026091404583160047,0.0026091404583160047,0.0026091404583160047,0.0026091404583160047,0.0026091404583160047,0.0026091404583160047,0.0026091404583160047,0.0026091404583160047,0.0026091404583160047
2017-11-15,-0.0038186485610488983,-0.0038186485610488983,-0.0038186485610488983,-0.0038186485610488983,-0.0038186485610488983,-0.0038186485610488983,-0.0038186485610488983,-0.0038186485610488983,-0.0038186485610488983,-0.0038186485610488983,-0.0038186485610488983
2017-11-16,0.008233882318197593,0.008233882318197593,0.008233882318197593,0.008233882318197593,0.008233882318197593,0.008233882318197593,0.008233882318197593,0.008233882318197593,0.008233882318197593,0.008233882318197593,0.008233882318197593
2017-11-17,0.006489191438031133,0.006489191438031133,0.006489191438031133,0.006489191438031133,0.006489191438031133,0.006489191438031133,0.006489191438031133,0.006489191438031133,0.006489191438031133,0.006489191438031133,0.006489191438031133
2017-11-20,-0.0006650538598963621,-0.0006650538598963621,-0.0006650538598963621,-0.0006650538598963621,-0.0006650538598963621,-0.0006650538598963621,-0.0006650538598963621,-0.0006650538598963621,-0.0006650538598963621,-0.0006650538598963621,-0.0006650538598963621
2017-11-21,0.0128844196769391,0.0128844196769391,0.0128844196769391,0.0128844196769391,0.0128844196769391,0.0128844196769391,0.0128844196769391,0.0128844196769391,0.0128844196769391,0.0128844196769391,0.0128844196769391
2017-11-22,0.00660166060642957,0.00660166060642957,0.00660166060642957,0.00660166060642957,0.00660166060642957,0.00660166060642957,0.00660166060642957,0.00660166060642957,0.00660166060642957,0.00660166060642957,0.00660166060642957
2017-11-24,-0.001966223107715548,-0.001966223107715548,-0.001966223107715548,-0.001966223107715548,-0.001966223107715548,-0.001966223107715548,-0.001966223107715548,-0.001966223107715548,-0.001966223107715548,-0.001966223107715548,-0.001966223107715548
2017-11-27,0.0014540182412940597,0.0014540182412940597,0.0014540182412940597,0.0014540182412940597,0.0014540182412940597,0.0014540182412940597,0.0014540182412940597,0.0014540182412940597,0.0014540182412940597,0.0014540182412940597,0.0014540182412940597
2017-11-28,0.0058664047056883805,0.0058664047056883805,0.0058664047056883805,0.0058664047056883805,0.0058664047056883805,0.0058664047056883805,0.0058664047056883805,0.0058664047056883805,0.0058664047056883805,0.0058664047056883805,0.0058664047056883805
2017-11-29,-0.011492093245776198,-0.011492093245776198,-0.011492093245776198,-0.011492093245776198,-0.011492093245776198,-0.011492093245776198,-0.011492093245776198,-0.011492093245776198,-0.011492093245776198,-0.011492093245776198,-0.011492093245776198
2017-11-30,-3.855437755432307e-05,-3.855437755432307e-05,-3.855437755432307e-05,-3.855437755432307e-05,-3.855437755432307e-05,-3.855437755432307e-05,-3.855437755432307e-05,-3.855437755432307e-05,-3.855437755432307e-05,-3.855437755432307e-05,-3.855437755432307e-05
2017-12-01,-0.0007310381949918191,-0.0007310381949918191,-0.0007310381949918191,-0.0007310381949918191,-0.0007310381949918191,-0.0007310381949918191,-0.0007310381949918191,-0.0007310381949918191,-0.0007310381949918191,-0.0007310381949918191,-0.0007310381949918191
2017-12-04,-0.004387472577428395,-0.004387472577428395,-0.004387472577428395,-0.004387472577428395,-0.004387472577428395,-0.004387472577428395,-0.004387472577428395,-0.004387472577428395,-0.004387472577428395,-0.004387472577428395,-0.004387472577428395
2017-12-05,-0.00822775628994889,-0.00822775628994889,-0.00822775628994889,-0.00822775628994889,-0.00822775628994889,-0.00822775628994889,-0.00822775628994889,-0.00822775628994889,-0.00822775628994889,-0.00822775628994889,-0.00822775628994889
2017-12-06,-0.00111218145391912,-0.00111218145391912,-0.00111218145391912,-0.00111218145391912,-0.00111218145391912,-0.00111218145391912,-0.00111218145391912,-0.00111218145391912,-0.00111218145391912,-0.00111218145391912,-0.00111218145391912
2017-12-07,-0.0011020823587245146,-0.0011020823587245146,-0.0011020823587245146,-0.0011020823587245146,-0.0011020823587245146,-0.0011020823587245146,-0.0011020823587245146,-0.0011020823587245146,-0.0011020823587245146,-0.0011020823587245146,-0.0011020823587245146
2017-12-08,0.007978940141680975,0.007978940141680975,0.007978940141680975,0.007978940141680975,0.007978940141680975,0.007978940141680975,0.007978940141680975,0.007978940141680975,0.007978940141680975,0.007978940141680975,0.007978940141680975
2017-12-11,0.0029383033579815834,0.0029383033579815834,0.0029383033579815834,0.0029383033579815834,0.0029383033579815834,0.0029383033579815834,0.0029383033579815834,0.0029383033579815834,0.0029383033579815834,0.0029383033579815834,0.0029383033579815834
2017-12-12,0.0010642473876105332,0.0010642473876105332,0.0010642473876105332,0.0010642473876105332,0.0010642473876105332,0.0010642473876105332,0.0010642473876105332,0.0010642473876105332,0.0010642473876105332,0.0010642473876105332,0.0010642473876105332
2017-12-13,0.008721153352074977,0.008721153352074977,0.008721153352074977,0.008721153352074977,0.008721153352074977,0.008721153352074977,0.008721153352074977,0.008721153352074977,0.008721153352074977,0.008721153352074977,0.008721153352074977
2017-12-14,-0.002283936461640797,-0.002283936461640797,-0.002283936461640797,-0.002283936461640797,-0.002283936461640797,-0.002283936461640797,-0.002283936461640797,-0.002283936461640797,-0.002283936461640797,-0.002283936461640797,-0.002283936461640797
2017-12-15,0.014601858751623849,0.014601858751623849,0.014601858751623849,0.014601858751623849,0.014601858751623849,0.014601858751623849,0.014601858751623849,0.014601858751623849,0.014601858751623849,0.014601858751623849,0.014601858751623849
2017-12-18,0.00526975391892351,0.00526975391892351,0.00526975391892351,0.00526975391892351,0.00526975391892351,0.00526975391892351,0.00526975391892351,0.00526975391892351,0.00526975391892351,0.00526975391892351,0.00526975391892351
2017-12-19,-0.010500811827890474,-0.010500811827890474,-0.010500811827890474,-0.010500811827890474,-0.010500811827890474,-0.010500811827890474,-0.010500811827890474,-0.010500811827890474,-0.010500811827890474,-0.010500811827890474,-0.010500811827890474
2017-12-20,-0.0038683601775167517,-0.0038683601775167517,-0.0038683601775167517,-0.0038683601775167517,-0.0038683601775167517,-0.0038683601775167517,-0.0038683601775167517,-0.0038683601775167517,-0.0038683601775167517,-0.0038683601775167517,-0.0038683601775167517
2017-12-21,0.006482178678849771,0.006482178678849771,0.006482178678849771,0.006482178678849771,0.006482178678849771,0.006482178678849771,0.006482178678849771,0.006482178678849771,0.006482178678849771,0.006482178678849771,0.006482178678849771
2017-12-22,0.002266719962198808,0.002266719962198808,0.002266719962198808,0.002266719962198808,0.002266719962198808,0.002266719962198808,0.002266719962198808,0.002266719962198808,0.002266719962198808,0.002266719962198808,0.002266719962198808
2017-12-26,0.006789485736830319,0.006789485736830319,0.006789485736830319,0.006789485736830319,0.006789485736830319,0.006789485736830319,0.006789485736830319,0.006789485736830319,0.006789485736830319,0.006789485736830319,0.006789485736830319
2017-12-27,0.01093582495884594,0.01093582495884594,0.01093582495884594,0.01093582495884594,0.01093582495884594,0.01093582495884594,0.01093582495884594,0.01093582495884594,0.01093582495884594,0.01093582495884594,0.01093582495884594
2017-12-28,0.004893608275953856,0.004893608275953856,0.004893608275953856,0.004893608275953856,0.004893608275953856,0.004893608275953856,0.004893608275953856,0.004893608275953856,0.004893608275953856,0.004893608275953856,0.004893608275953856
2017-12-29,-0.00016572106406957356,-0.00016572106406957356,-0.00016572106406957356,-0.00016572106406957356,-0.00016572106406957356,-0.00016572106406957356,-0.00016572106406957356,-0.00016572106406957356,-0.00016572106406957356,-0.00016572106406957356,-0.00016572106406957356
2018-01-02,0.016469194515842632,0.016469194515842632,0.016469194515842632,0.016469194515842632,0.016469194515842632,0.016469194515842632,0.016469194515842632,0.016469194515842632,0.016469194515842632,0.016469194515842632,0.016469194515842632
2018-01-03,0.007954616305265776,0.007954616305265776,0.007954616305265776,0.007954616305265776,0.007954616305265776,0.007954616305265776,0.007954616305265776,0.007954616305265776,0.007954616305265776,0.007954616305265776,0.007954616305265776
2018-01-04,0.007274070168361641,0.007274070168361641,0.007274070168361641,0.007274070168361641,0.007274070168361641,0.007274070168361641,0.007274070168361641,0.007274070168361641,0.007274070168361641,0.007274070168361641,0.007274070168361641
2018-01-05,0.004412272151897983,0.004412272151897983,0.004412272151897983,0.004412272151897983,0.004412272151897983,0.004412272151897983,0.004412272151897983,0.004412272151897983,0.004412272151897983,0.004412272151897983,0.004412272151897983
2018-01-08,0.0035176215319648375,0.0035176215319648375,0.0035176215319648375,0.0035176215319648375,0.0035176215319648375,0.0035176215319648375,0.0035176215319648375,0.0035176215319648375,0.0035176215319648375,0.0035176215319648375,0.0035176215319648375
2018-01-09,-0.008671584415482273,-0.008671584415482273,-0.008671584415482273,-0.008671584415482273,-0.008671584415482273,-0.008671584415482273,-0.008671584415482273,-0.008671584415482273,-0.008671584415482273,-0.008671584415482273,-0.008671584415482273
2018-01-10,0.000594074337306613,0.000594074337306613,0.000594074337306613,0.000594074337306613,0.000594074337306613,0.000594074337306613,0.000594074337306613,0.000594074337306613,0.000594074337306613,0.000594074337306613,0.000594074337306613
2018-01-11,0.011131079479685394,0.011131079479685394,0.011131079479685394,0.011131079479685394,0.011131079479685394,0.011131079479685394,0.011131079479685394,0.011131079479685394,0.011131079479685394,0.011131079479685394,0.011131079479685394
2018-01-12,0.011952116572875298,0.011952116572875298,0.011952116572875298,0.011952116572875298,0.011952116572875298,0.011952116572875298,0.011952116572875298,0.011952116572875298,0.011952116572875298,0.011952116572875298,0.011952116572875298
2018-01-16,-0.007434762114794221,-0.007434762114794221,-0.007434762114794221,-0.007434762114794221,-0.007434762114794221,-0.007434762114794221,-0.007434762114794221,-0.007434762114794221,-0.007434762114794221,-0.007434762114794221,-0.007434762114794221
2018-01-17,0.004776012731959102,0.004776012731959102,0.004776012731959102,0.004776012731959102,0.004776012731959102,0.004776012731959102,0.004776012731959102,0.004776012731959102,0.004776012731959102,0.004776012731959102,0.004776012731959102
2018-01-18,-0.006400138890171033,-0.006400138890171033,-0.006400138890171033,-0.006400138890171033,-0.006400138890171033,-0.006400138890171033,-0.006400138890171033,-0.006400138890171033,-0.006400138890171033,-0.006400138890171033,-0.006400138890171033
2018-01-19,0.0036412577416892215,0.0036412577416892215,0.0036412577416892215,0.0036412577416892215,0.0036412577416892215,0.0036412577416892215,0.0036412577416892215,0.0036412577416892215,0.0036412577416892215,0.0036412577416892215,0.0036412577416892215
2018-01-22,0.0053847968230720505,0.0053847968230720505,0.0053847968230720505,0.0053847968230720505,0.0053847968230720505,0.0053847968230720505,0.0053847968230720505,0.0053847968230720505,0.0053847968230720505,0.0053847968230720505,0.0053847968230720505
2018-01-23,0.008442610813726999,0.008442610813726999,0.008442610813726999,0.008442610813726999,0.008442610813726999,0.008442610813726999,0.008442610813726999,0.008442610813726999,0.008442610813726999,0.008442610813726999,0.008442610813726999
2018-01-24,0.0002505887033211915,0.0002505887033211915,0.0002505887033211915,0.0002505887033211915,0.0002505887033211915,0.0002505887033211915,0.0002505887033211915,0.0002505887033211915,0.0002505887033211915,0.0002505887033211915,0.0002505887033211915
2018-01-25,-0.0022555491929132573,-0.0022555491929132573,-0.0022555491929132573,-0.0022555491929132573,-0.0022555491929132573,-0.0022555491929132573,-0.0022555491929132573,-0.0022555491929132573,-0.0022555491929132573,-0.0022555491929132573,-0.0022555491929132573
2018-01-26,0.0019048604083884539,0.0019048604083884539,0.0019048604083884539,0.0019048604083884539,0.0019048604083884539,0.0019048604083884539,0.0019048604083884539,0.0019048604083884539,0.0019048604083884539,0.0019048604083884539,0.0019048604083884539
2018-01-29,-0.020909145473834913,-0.020909145473834913,-0.020909145473834913,-0.020909145473834913,-0.020909145473834913,-0.020909145473834913,-0.020909145473834913,-0.020909145473834913,-0.020909145473834913,-0.020909145473834913,-0.020909145473834913
2018-01-30,-0.01424112117580085,-0.01424112117580085,-0.01424112117580085,-0.01424112117580085,-0.01424112117580085,-0.01424112117580085,-0.01424112117580085,-0.01424112117580085,-0.01424112117580085,-0.01424112117580085,-0.01424112117580085
2018-01-31,0.0077728769781053066,0.0077728769781053066,0.0077728769781053066,0.0077728769781053066,0.0077728769781053066,0.0077728769781053066,0.0077728769781053066,0.0077728769781053066,0.0077728769781053066,0.0077728769781053066,0.0077728769781053066
2018-02-01,-0.004144736293948809,-0.004144736293948809,-0.004144736293948809,-0.004144736293948809,-0.004144736293948809,-0.004144736293948809,-0.004144736293948809,-0.004144736293948809,-0.004144736293948809,-0.004144736293948809,-0.004144736293948809
2018-02-02,-0.01748752703700174,-0.01748752703700174,-0.01748752703700174,-0.01748752703700174,-0.01748752703700174,-0.01748752703700174,-0.01748752703700174,-0.01748752703700174,-0.01748752703700174,-0.01748752703700174,-0.01748752703700174
2018-02-05,-0.0027767690353068994,-0.0027767690353068994,-0.0027767690353068994,-0.0027767690353068994,-0.0027767690353068994,-0.0027767690353068994,-0.0027767690353068994,-0.0027767690353068994,-0.0027767690353068994,-0.0027767690353068994,-0.0027767690353068994
2018-02-06,0.010511471848995924,0.010511471848995924,0.010511471848995924,0.010511471848995924,0.010511471848995924,0.010511471848995924,0.010511471848995924,0.010511471848995924,0.010511471848995924,0.010511471848995924,0.010511471848995924
2018-02-07,-0.0032795611097311585,-0.0032795611097311585,-0.0032795611097311585,-0.0032795611097311585,-0.0032795611097311585,-0.0032795611097311585,-0.0032795611097311585,-0.0032795611097311585,-0.0032795611097311585,-0.0032795611097311585,-0.0032795611097311585
2018-02-08,0.00589430070794656,0.00589430070794656,0.00589430070794656,0.00589430070794656,0.00589430070794656,0.00589430070794656,0.00589430070794656,0.00589430070794656,0.00589430070794656,0.00589430070794656,0.00589430070794656
2018-02-09,-0.012989388134058644,-0.012989388134058644,-0.012989388134058644,-0.012989388134058644,-0.012989388134058644,-0.012989388134058644,-0.012989388134058644,-0.012989388134058644,-0.012989388134058644,-0.012989388134058644,-0.012989388134058644
2018-02-12,0.006644625726935713,0.006644625726935713,0.006644625726935713,0.006644625726935713,0.006644625726935713,0.006644625726935713,0.006644625726935713,0.006644625726935713,0.006644625726935713,0.006644625726935713,0.006644625726935713
2018-02-13,0.008541079245266394,0.008541079245266394,0.008541079245266394,0.008541079245266394,0.008541079245266394,0.008541079245266394,0.008541079245266394,0.008541079245266394,0.008541079245266394,0.008541079245266394,0.008541079245266394
2018-02-14,-0.004278102985285966,-0.004278102985285966,-0.004278102985285966,-0.004278102985285966,-0.004278102985285966,-0.004278102985285966,-0.004278102985285966,-0.004278102985285966,-0.004278102985285966,-0.004278102985285966,-0.004278102985285966
2018-02-15,0.006773289505881995,0.006773289505881995,0.006773289505881995,0.006773289505881995,0.006773289505881995,0.006773289505881995,0.006773289505881995,0.006773289505881995,0.006773289505881995,0.006773289505881995,0.006773289505881995
2018-02-16,0.0018849041679435317,0.0018849041679435317,0.0018849041679435317,0.0018849041679435317,0.0018849041679435317,0.0018849041679435317,0.0018849041679435317,0.0018849041679435317,0.0018849041679435317,0.0018849041679435317,0.0018849041679435317
2018-02-20,-0.01590090419751665,-0.01590090419751665,-0.01590090419751665,-0.01590090419751665,-0.01590090419751665,-0.01590090419751665,-0.01590090419751665,-0.01590090419751665,-0.01590090419751665,-0.01590090419751665,-0.01590090419751665
2018-02-21,-0.01489830157692723,-0.01489830157692723,-0.01489830157692723,-0.01489830157692723,-0.01489830157692723,-0.01489830157692723,-0.01489830157692723,-0.01489830157692723,-0.01489830157692723,-0.01489830157692723,-0.01489830157692723
2018-02-22,0.006250397833895968,0.006250397833895968,0.006250397833895968,0.006250397833895968,0.006250397833895968,0.006250397833895968,0.006250397833895968,0.006250397833895968,0.006250397833895968,0.006250397833895968,0.006250397833895968
2018-02-23,0.024811756934170502,0.024811756934170502,0.024811756934170502,0.024811756934170502,0.024811756934170502,0.024811756934170502,0.024811756934170502,0.024811756934170502,0.022056931413856784,0.019302105893543062,0.013792454852915623
2018-02-26,0.008970191904674973,0.008970191904674973,0.008970191904674973,0.008970191904674973,0.008970191904674973,0.008970191904674973,0.008970191904674973,0.008970191904674973,0.008970191904674973,0.008970191904674973,0.008970191904674973
2018-02-27,-0.02803389423708794,-0.02803389423708794,-0.02803389423708794,-0.02803389423708794,-0.02803389423708794,-0.02803389423708794,-0.02803389423708794,-0.02803389423708794,-0.02803389423708794,-0.02803389423708794,-0.02803389423708794
2018-02-28,-0.001070625245714356,-0.001070625245714356,-0.001070625245714356,-0.001070625245714356,-0.001070625245714356,-0.001070625245714356,-0.001070625245714356,-0.001070625245714356,-0.001070625245714356,-0.001070625245714356,-0.001070625245714356
2018-03-01,-0.009860721999722467,-0.009860721999722467,-0.009860721999722467,-0.009860721999722467,-0.009860721999722467,-0.009860721999722467,-0.009860721999722467,-0.009860721999722467,-0.009860721999722467,-0.009860721999722467,-0.009860721999722467
2018-03-02,0.007708747491445898,0.007708747491445898,0.007708747491445898,0.007708747491445898,0.007708747491445898,0.007708747491445898,0.007708747491445898,0.007708747491445898,0.007708747491445898,0.007708747491445898,0.007708747491445898
2018-03-05,0.007109019295178049,0.007109019295178049,0.007109019295178049,0.007109019295178049,0.007109019295178049,0.007109019295178049,0.007109019295178049,0.007109019295178049,0.007109019295178049,0.007109019295178049,0.007109019295178049
2018-03-06,0.012740782962754483,0.012740782962754483,0.012740782962754483,0.012740782962754483,0.012740782962754483,0.012740782962754483,0.012740782962754483,0.012740782962754483,0.012740782962754483,0.012740782962754483,0.012740782962754483
2018-03-07,-0.005194195453516355,-0.005194195453516355,-0.005194195453516355,-0.005194195453516355,-0.005194195453516355,-0.005194195453516355,-0.005194195453516355,-0.005194195453516355,-0.005194195453516355,-0.005194195453516355,-0.005194195453516355
2018-03-08,0.004502108818450392,0.004502108818450392,0.004502108818450392,0.004502108818450392,0.004502108818450392,0.004502108818450392,0.004502108818450392,0.004502108818450392,0.004502108818450392,0.004502108818450392,0.004502108818450392
2018-03-09,0.015029310530316666,0.015029310530316666,0.015029310530316666,0.015029310530316666,0.015029310530316666,0.015029310530316666,0.015029310530316666,0.015029310530316666,0.015029310530316666,0.015029310530316666,0.015029310530316666
2018-03-12,-0.004047473377051684,-0.004047473377051684,-0.004047473377051684,-0.004047473377051684,-0.004047473377051684,-0.004047473377051684,-0.004047473377051684,-0.004047473377051684,-0.004047473377051684,-0.004047473377051684,-0.004047473377051684
2018-03-13,-0.0001857998849317281,-0.0001857998849317281,-0.0001857998849317281,-0.0001857998849317281,-0.0001857998849317281,-0.0001857998849317281,-0.0001857998849317281,-0.0001857998849317281,-0.0001857998849317281,-0.0001857998849317281,-0.0001857998849317281
2018-03-14,0.0008565359233014829,0.0008565359233014829,0.0008565359233014829,0.0008565359233014829,0.0008565359233014829,0.0008565359233014829,0.0008565359233014829,0.0008565359233014829,0.0008565359233014829,0.0008565359233014829,0.0008565359233014829
2018-03-15,-0.00165731001924261,-0.00165731001924261,-0.00165731001924261,-0.00165731001924261,-0.00165731001924261,-0.00165731001924261,-0.00165731001924261,-0.00165731001924261,-0.00165731001924261,-0.00165731001924261,-0.00165731001924261
2018-03-16,-0.0006883644769473201,-0.0006883644769473201,-0.0006883644769473201,-0.0006883644769473201,-0.0006883644769473201,-0.0006883644769473201,-0.0006883644769473201,-0.0006883644769473201,-0.0006883644769473201,-0.0006883644769473201,-0.0006883644769473201
2018-03-19,-0.01805585272696764,-0.01805585272696764,-0.01805585272696764,-0.01805585272696764,-0.01805585272696764,-0.01805585272696764,-0.01805585272696764,-0.01805585272696764,-0.01805585272696764,-0.01805585272696764,-0.01805585272696764
2018-03-20,-0.0017188177847830691,-0.0017188177847830691,-0.0017188177847830691,-0.0017188177847830691,-0.0017188177847830691,-0.0017188177847830691,-0.0017188177847830691,-0.0017188177847830691,-0.0017188177847830691,-0.0017188177847830691,-0.0017188177847830691
2018-03-21,0.014233809916175523,0.014233809916175523,0.014233809916175523,0.014233809916175523,0.014233809916175523,0.014233809916175523,0.014233809916175523,0.014233809916175523,0.014233809916175523,0.014233809916175523,0.014233809916175523
2018-03-22,-0.006944492735918759,-0.006944492735918759,-0.006944492735918759,-0.006944492735918759,-0.006944492735918759,-0.006944492735918759,-0.006944492735918759,-0.006944492735918759,-0.006944492735918759,-0.006944492735918759,-0.006944492735918759
2018-03-23,0.010676019352737988,0.010676019352737988,0.010676019352737988,0.010676019352737988,0.010676019352737988,0.010676019352737988,0.010676019352737988,0.010676019352737988,0.010676019352737988,0.010676019352737988,0.010676019352737988
2018-03-26,0.003839866198213372,0.003839866198213372,0.003839866198213372,0.003839866198213372,0.003839866198213372,0.003839866198213372,0.003839866198213372,0.003839866198213372,0.003839866198213372,0.003839866198213372,0.003839866198213372
2018-03-27,0.007634289717277561,0.007634289717277561,0.007634289717277561,0.007634289717277561,0.007634289717277561,0.007634289717277561,0.007634289717277561,0.007634289717277561,0.007634289717277561,0.007634289717277561,0.007634289717277561
2018-03-28,-0.0054948135235673495,-0.0054948135235673495,-0.0054948135235673495,-0.0054948135235673495,-0.0054948135235673495,-0.0054948135235673495,-0.0054948135235673495,-0.0054948135235673495,-0.0054948135235673495,-0.0054948135235673495,-0.0054948135235673495
2018-03-29,0.00973601468494523,0.00973601468494523,0.00973601468494523,0.00973601468494523,0.00973601468494523,0.00973601468494523,0.00973601468494523,0.00973601468494523,0.00973601468494523,0.00973601468494523,0.00973601468494523
2018-04-02,-0.0009466711867664669,-0.0009466711867664669,-0.0009466711867664669,-0.0009466711867664669,-0.0009466711867664669,-0.0009466711867664669,-0.0009466711867664669,-0.0009466711867664669,-0.0009466711867664669,-0.0009466711867664669,-0.0009466711867664669
2018-04-03,0.005713765023544599,0.005713765023544599,0.005713765023544599,0.005713765023544599,0.005713765023544599,0.005713765023544599,0.005713765023544599,0.005713765023544599,0.005713765023544599,0.005713765023544599,0.005713765023544599
2018-04-04,0.006476128368359973,0.006476128368359973,0.006476128368359973,0.006476128368359973,0.006476128368359973,0.006476128368359973,0.006476128368359973,0.006476128368359973,0.006476128368359973,0.006476128368359973,0.006476128368359973
2018-04-05,-0.0024526542086922287,-0.0024526542086922287,-0.0024526542086922287,-0.0024526542086922287,-0.0024526542086922287,-0.0024526542086922287,-0.0024526542086922287,-0.0024526542086922287,-0.0024526542086922287,-0.0024526542086922287,-0.0024526542086922287
2018-04-06,-0.014451281619118383,-0.014451281619118383,-0.014451281619118383,-0.014451281619118383,-0.014451281619118383,-0.014451281619118383,-0.014451281619118383,-0.014451281619118383,-0.014451281619118383,-0.014451281619118383,-0.014451281619118383
2018-04-09,0.005364063032079664,0.005364063032079664,0.005364063032079664,0.005364063032079664,0.005364063032079664,0.005364063032079664,0.005364063032079664,0.005364063032079664,0.005364063032079664,0.005364063032079664,0.005364063032079664
2018-04-10,0.007038720746785017,0.007038720746785017,0.007038720746785017,0.007038720746785017,0.007038720746785017,0.007038720746785017,0.007038720746785017,0.007038720746785017,0.007038720746785017,0.007038720746785017,0.007038720746785017
2018-04-11,0.006866480911576386,0.006866480911576386,0.006866480911576386,0.006866480911576386,0.006866480911576386,0.006866480911576386,0.006866480911576386,0.006866480911576386,0.006866480911576386,0.006866480911576386,0.006866480911576386
2018-04-12,-0.011489034970368722,-0.011489034970368722,-0.011489034970368722,-0.011489034970368722,-0.011489034970368722,-0.011489034970368722,-0.011489034970368722,-0.011489034970368722,-0.011489034970368722,-0.011489034970368722,-0.011489034970368722
2018-04-13,0.010160769833896612,0.010160769833896612,0.010160769833896612,0.010160769833896612,0.010160769833896612,0.010160769833896612,0.010160769833896612,0.010160769833896612,0.010160769833896612,0.010160769833896612,0.010160769833896612
2018-04-16,0.004621722417252992,0.004621722417252992,0.004621722417252992,0.004621722417252992,0.004621722417252992,0.004621722417252992,0.004621722417252992,0.004621722417252992,0.004621722417252992,0.004621722417252992,0.004621722417252992
2018-04-17,0.014620235429015544,0.014620235429015544,0.014620235429015544,0.014620235429015544,0.014620235429015544,0.014620235429015544,0.014620235429015544,0.014620235429015544,0.014620235429015544,0.014620235429015544,0.014620235429015544
2018-04-18,-0.005175755046868019,-0.005175755046868019,-0.005175755046868019,-0.005175755046868019,-0.005175755046868019,-0.005175755046868019,-0.005175755046868019,-0.005175755046868019,-0.005175755046868019,-0.005175755046868019,-0.005175755046868019
2018-04-19,-0.010279825460033906,-0.010279825460033906,-0.010279825460033906,-0.010279825460033906,-0.010279825460033906,-0.010279825460033906,-0.010279825460033906,-0.010279825460033906,-0.010279825460033906,-0.010279825460033906,-0.010279825460033906
2018-04-20,-0.014743607196025263,-0.014743607196025263,-0.014743607196025263,-0.014743607196025263,-0.014743607196025263,-0.014743607196025263,-0.014743607196025263,-0.014743607196025263,-0.014743607196025263,-0.014743607196025263,-0.014743607196025263
2018-04-23,-0.0039628238534031275,-0.0039628238534031275,-0.0039628238534031275,-0.0039628238534031275,-0.0039628238534031275,-0.0039628238534031275,-0.0039628238534031275,-0.0039628238534031275,-0.004287553644364828,-0.004612283435326528,-0.005261743017249928
2018-04-24,-0.0019231679264041046,-0.0019231679264041046,-0.0019231679264041046,-0.0019231679264041046,-0.0019231679264041046,-0.0019231679264041046,-0.0019231679264041046,-0.0019231679264041046,-0.0019231679264041046,-0.0019231679264041046,-0.0019231679264041046
2018-04-25,-0.012069684032138846,-0.012069684032138846,-0.012069684032138846,-0.012069684032138846,-0.012069684032138846,-0.012069684032138846,-0.012069684032138846,-0.012069684032138846,-0.012069684032138846,-0.012069684032138846,-0.012069684032138846
2018-04-26,0.007323048997125969,0.007323048997125969,0.007323048997125969,0.007323048997125969,0.007323048997125969,0.007323048997125969,0.007323048997125969,0.007323048997125969,0.007323048997125969,0.007323048997125969,0.007323048997125969
2018-04-27,0.013447344211560377,0.013447344211560377,0.013447344211560377,0.013447344211560377,0.013447344211560377,0.013447344211560377,0.013447344211560377,0.013447344211560377,0.013447344211560377,0.013447344211560377,0.013447344211560377
2018-04-30,-0.001404454944893906,-0.001404454944893906,-0.001404454944893906,-0.001404454944893906,-0.001404454944893906,-0.001404454944893906,-0.001404454944893906,-0.001404454944893906,-0.001404454944893906,-0.001404454944893906,-0.001404454944893906
2018-05-01,-0.0022160277235051223,-0.0022160277235051223,-0.0022160277235051223,-0.0022160277235051223,-0.0022160277235051223,-0.0022160277235051223,-0.0022160277235051223,-0.0022160277235051223,-0.0022160277235051223,-0.0022160277235051223,-0.0022160277235051223
2018-05-02,-0.004289594201029119,-0.004289594201029119,-0.004289594201029119,-0.004289594201029119,-0.004289594201029119,-0.004289594201029119,-0.004289594201029119,-0.004289594201029119,-0.004289594201029119,-0.004289594201029119,-0.004289594201029119
2018-05-03,0.0028621091366928053,0.0028621091366928053,0.0028621091366928053,0.0028621091366928053,0.0028621091366928053,0.0028621091366928053,0.0028621091366928053,0.0028621091366928053,0.0028621091366928053,0.0028621091366928053,0.0028621091366928053
2018-05-04,0.01658643603853364,0.01658643603853364,0.01658643603853364,0.01658643603853364,0.01658643603853364,0.01658643603853364,0.01658643603853364,0.01658643603853364,0.01545503694088201,0.014323637843230378,0.012060839647927115
2018-05-07,0.004134698800516484,0.004134698800516484,0.004134698800516484,0.004134698800516484,0.004134698800516484,0.004134698800516484,0.004134698800516484,0.004134698800516484,0.004134698800516484,0.004134698800516484,0.004134698800516484
2018-05-08,-0.00011993586881596208,-0.00011993586881596208,-0.00011993586881596208,-0.00011993586881596208,-0.00011993586881596208,-0.00011993586881596208,-0.00011993586881596208,-0.00011993586881596208,-0.00011993586881596208,-0.00011993586881596208,-0.00011993586881596208
2018-05-09,0.0031577967021092952,0.0031577967021092952,0.0031577967021092952,0.0031577967021092952,0.0031577967021092952,0.0031577967021092952,0.0031577967021092952,0.0031577967021092952,0.0031577967021092952,0.0031577967021092952,0.0031577967021092952
2018-05-10,0.019212080836779995,0.019212080836779995,0.019212080836779995,0.019212080836779995,0.019212080836779995,0.019212080836779995,0.019212080836779995,0.019212080836779995,0.019212080836779995,0.019212080836779995,0.019212080836779995
2018-05-11,0.0033190715342951366,0.0033190715342951366,0.0033190715342951366,0.0033190715342951366,0.0033190715342951366,0.0033190715342951366,0.0033190715342951366,0.0033190715342951366,0.0033190715342951366,0.0033190715342951366,0.0033190715342951366
2018-05-14,-0.002292822961052497,-0.002292822961052497,-0.002292822961052497,-0.002292822961052497,-0.002292822961052497,-0.002292822961052497,-0.002292822961052497,-0.002292822961052497,-0.002292822961052497,-0.002292822961052497,-0.002292822961052497
2018-05-15,-0.021972984185130866,-0.021972984185130866,-0.021972984185130866,-0.021972984185130866,-0.021972984185130866,-0.021972984185130866,-0.021972984185130866,-0.021972984185130866,-0.021972984185130866,-0.021972984185130866,-0.021972984185130866
2018-05-16,-0.0020757024914507443,-0.0020757024914507443,-0.0020757024914507443,-0.0020757024914507443,-0.0020757024914507443,-0.0020757024914507443,-0.0020757024914507443,-0.0020757024914507443,-0.0020757024914507443,-0.0020757024914507443,-0.0020757024914507443
2018-05-17,-0.003598801372408251,-0.003598801372408251,-0.003598801372408251,-0.003598801372408251,-0.003598801372408251,-0.003598801372408251,-0.003598801372408251,-0.003598801372408251,-0.003598801372408251,-0.003598801372408251,-0.003598801372408251
2018-05-18,0.004022026244433699,0.004022026244433699,0.004022026244433699,0.004022026244433699,0.004022026244433699,0.004022026244433699,0.004022026244433699,0.004022026244433699,0.004022026244433699,0.004022026244433699,0.004022026244433699
2018-05-21,0.006971388461586042,0.006971388461586042,0.006971388461586042,0.006971388461586042,0.006971388461586042,0.006971388461586042,0.006971388461586042,0.006971388461586042,0.006971388461586042,0.006971388461586042,0.006971388461586042
2018-05-22,-0.0038472199350051382,-0.0038472199350051382,-0.0038472199350051382,-0.0038472199350051382,-0.0038472199350051382,-0.0038472199350051382,-0.0038472199350051382,-0.0038472199350051382,-0.0038472199350051382,-0.0038472199350051382,-0.0038472199350051382
2018-05-23,0.007489625652190123,0.007489625652190123,0.007489625652190123,0.007489625652190123,0.007489625652190123,0.007489625652190123,0.007489625652190123,0.007489625652190123,0.007489625652190123,0.007489625652190123,0.007489625652190123
2018-05-24,0.015143474982800678,0.015143474982800678,0.015143474982800678,0.015143474982800678,0.015143474982800678,0.015143474982800678,0.015143474982800678,0.015143474982800678,0.015143474982800678,0.015143474982800678,0.015143474982800678
2018-05-25,0.005587808066538352,0.005587808066538352,0.005587808066538352,0.005587808066538352,0.005587808066538352,0.005587808066538352,0.005587808066538352,0.005587808066538352,0.005587808066538352,0.005587808066538352,0.005587808066538352
2018-05-29,0.029439356000881576,0.029439356000881576,0.029439356000881576,0.029439356000881576,0.029439356000881576,0.029439356000881576,0.029439356000881576,0.029439356000881576,0.029439356000881576,0.029439356000881576,0.029439356000881576
2018-05-30,-0.00954529227767763,-0.00954529227767763,-0.00954529227767763,-0.00954529227767763,-0.00954529227767763,-0.00954529227767763,-0.00954529227767763,-0.00954529227767763,-0.00954529227767763,-0.00954529227767763,-0.00954529227767763
2018-05-31,-0.0027162916048681864,-0.0027162916048681864,-0.0027162916048681864,-0.0027162916048681864,-0.0027162916048681864,-0.0027162916048681864,-0.0027162916048681864,-0.0027162916048681864,-0.0027162916048681864,-0.0027162916048681864,-0.0027162916048681864
2018-06-01,0.005223595473531737,0.005223595473531737,0.005223595473531737,0.005223595473531737,0.005223595473531737,0.005223595473531737,0.005223595473531737,0.005223595473531737,0.005223595473531737,0.005223595473531737,0.005223595473531737
2018-06-04,0.0017988120028569203,0.0017988120028569203,0.0017988120028569203,0.0017988120028569203,0.0017988120028569203,0.0017988120028569203,0.0017988120028569203,0.0017988120028569203,0.0017988120028569203,0.0017988120028569203,0.0017988120028569203
2018-06-05,0.00565310703676607,0.00565310703676607,0.00565310703676607,0.00565310703676607,0.00565310703676607,0.00565310703676607,0.00565310703676607,0.00565310703676607,0.00565310703676607,0.00565310703676607,0.00565310703676607
2018-06-06,0.006425968460707597,0.006425968460707597,0.006425968460707597,0.006425968460707597,0.006425968460707597,0.006425968460707597,0.006425968460707597,0.006425968460707597,0.006425968460707597,0.006425968460707597,0.006425968460707597
2018-06-07,-0.0006100224596342227,-0.0006100224596342227,-0.0006100224596342227,-0.0006100224596342227,-0.0006100224596342227,-0.0006100224596342227,-0.0006100224596342227,-0.0006100224596342227,-0.0006100224596342227,-0.0006100224596342227,-0.0006100224596342227
2018-06-08,0.002163992462036373,0.002163992462036373,0.002163992462036373,0.002163992462036373,0.002163992462036373,0.002163992462036373,0.002163992462036373,0.002163992462036373,0.002163992462036373,0.002163992462036373,0.002163992462036373
2018-06-11,0.0031669113691395094,0.0031669113691395094,0.0031669113691395094,0.0031669113691395094,0.0031669113691395094,0.0031669113691395094,0.0031669113691395094,0.0031669113691395094,0.0031669113691395094,0.0031669113691395094,0.0031669113691395094
2018-06-12,-0.0012305566887344484,-0.0012305566887344484,-0.0012305566887344484,-0.0012305566887344484,-0.0012305566887344484,-0.0012305566887344484,-0.0012305566887344484,-0.0012305566887344484,-0.0012305566887344484,-0.0012305566887344484,-0.0012305566887344484
2018-06-13,-0.001447191043955492,-0.001447191043955492,-0.001447191043955492,-0.001447191043955492,-0.001447191043955492,-0.001447191043955492,-0.001447191043955492,-0.001447191043955492,-0.001447191043955492,-0.001447191043955492,-0.001447191043955492
2018-06-14,0.011709094234881121,0.011709094234881121,0.011709094234881121,0.011709094234881121,0.011709094234881121,0.011709094234881121,0.011709094234881121,0.011709094234881121,0.011709094234881121,0.011709094234881121,0.011709094234881121
2018-06-15,-0.012324556371549743,-0.012324556371549743,-0.012324556371549743,-0.012324556371549743,-0.012324556371549743,-0.012324556371549743,-0.012324556371549743,-0.012324556371549743,-0.012324556371549743,-0.012324556371549743,-0.012324556371549743
2018-06-18,-0.0001914859988492489,-0.0001914859988492489,-0.0001914859988492489,-0.0001914859988492489,-0.0001914859988492489,-0.0001914859988492489,-0.0001914859988492489,-0.0001914859988492489,-0.0001914859988492489,-0.0001914859988492489,-0.0001914859988492489
2018-06-19,-0.005453542151137321,-0.005453542151137321,-0.005453542151137321,-0.005453542151137321,-0.005453542151137321,-0.005453542151137321,-0.005453542151137321,-0.005453542151137321,-0.005453542151137321,-0.005453542151137321,-0.005453542151137321
2018-06-20,-0.008757255122796244,-0.008757255122796244,-0.008757255122796244,-0.008757255122796244,-0.008757255122796244,-0.008757255122796244,-0.008757255122796244,-0.008757255122796244,-0.008757255122796244,-0.008757255122796244,-0.008757255122796244
2018-06-21,-0.008908069762218796,-0.008908069762218796,-0.008908069762218796,-0.008908069762218796,-0.008908069762218796,-0.008908069762218796,-0.008908069762218796,-0.008908069762218796,-0.008908069762218796,-0.008908069762218796,-0.008908069762218796
2018-06-22,0.002516304904237151,0.002516304904237151,0.002516304904237151,0.002516304904237151,0.002516304904237151,0.002516304904237151,0.002516304904237151,0.002516304904237151,0.002516304904237151,0.002516304904237151,0.002516304904237151
2018-06-25,-0.0009418741022310041,-0.0009418741022310041,-0.0009418741022310041,-0.0009418741022310041,-0.0009418741022310041,-0.0009418741022310041,-0.0009418741022310041,-0.0009418741022310041,-0.0009418741022310041,-0.0009418741022310041,-0.0009418741022310041
2018-06-26,0.0022972813726652875,0.0022972813726652875,0.0022972813726652875,0.0022972813726652875,0.0022972813726652875,0.0022972813726652875,0.0022972813726652875,0.0022972813726652875,0.0022972813726652875,0.0022972813726652875,0.0022972813726652875
2018-06-27,0.005297361274469536,0.005297361274469536,0.005297361274469536,0.005297361274469536,0.005297361274469536,0.005297361274469536,0.005297361274469536,0.005297361274469536,0.005297361274469536,0.005297361274469536,0.005297361274469536
2018-06-28,-0.0014897875698455215,-0.0014897875698455215,-0.0014897875698455215,-0.0014897875698455215,-0.0014897875698455215,-0.0014897875698455215,-0.0014897875698455215,-0.0014897875698455215,-0.0014897875698455215,-0.0014897875698455215,-0.0014897875698455215
2018-06-29,-0.001971545233475776,-0.001971545233475776,-0.001971545233475776,-0.001971545233475776,-0.001971545233475776,-0.001971545233475776,-0.001971545233475776,-0.001971545233475776,-0.001971545233475776,-0.001971545233475776,-0.001971545233475776
2018-07-02,-0.005544670936160731,-0.005544670936160731,-0.005544670936160731,-0.005544670936160731,-0.005544670936160731,-0.005544670936160731,-0.005544670936160731,-0.005544670936160731,-0.005544670936160731,-0.005544670936160731,-0.005544670936160731
2018-07-03,0.0048832395863552805,0.0048832395863552805,0.0048832395863552805,0.0048832395863552805,0.0048832395863552805,0.0048832395863552805,0.0048832395863552805,0.0048832395863552805,0.0048832395863552805,0.0048832395863552805,0.0048832395863552805
2018-07-05,0.012213715680604248,0.012213715680604248,0.012213715680604248,0.012213715680604248,0.012213715680604248,0.012213715680604248,0.012213715680604248,0.012213715680604248,0.012213715680604248,0.012213715680604248,0.012213715680604248
2018-07-06,0.014241609529085058,0.014241609529085058,0.014241609529085058,0.014241609529085058,0.014241609529085058,0.014241609529085058,0.014241609529085058,0.014241609529085058,0.014241609529085058,0.014241609529085058,0.014241609529085058
2018-07-09,0.011089557244494976,0.011089557244494976,0.011089557244494976,0.011089557244494976,0.011089557244494976,0.011089557244494976,0.011089557244494976,0.011089557244494976,0.011089557244494976,0.011089557244494976,0.011089557244494976
2018-07-10,0.002722879310705755,0.002722879310705755,0.002722879310705755,0.002722879310705755,0.002722879310705755,0.002722879310705755,0.002722879310705755,0.002722879310705755,0.002722879310705755,0.002722879310705755,0.002722879310705755
2018-07-11,-0.009682607083235255,-0.009682607083235255,-0.009682607083235255,-0.009682607083235255,-0.009682607083235255,-0.009682607083235255,-0.009682607083235255,-0.009682607083235255,-0.009682607083235255,-0.009682607083235255,-0.009682607083235255
2018-07-12,0.0078087158921556436,0.0078087158921556436,0.0078087158921556436,0.0078087158921556436,0.0078087158921556436,0.0078087158921556436,0.0078087158921556436,0.0078087158921556436,0.0078087158921556436,0.0078087158921556436,0.0078087158921556436
2018-07-13,-0.0006009790477551316,-0.0006009790477551316,-0.0006009790477551316,-0.0006009790477551316,-0.0006009790477551316,-0.0006009790477551316,-0.0006009790477551316,-0.0006009790477551316,-0.0006009790477551316,-0.0006009790477551316,-0.0006009790477551316
2018-07-16,-0.0038754734687446763,-0.0038754734687446763,-0.0038754734687446763,-0.0038754734687446763,-0.0038754734687446763,-0.0038754734687446763,-0.0038754734687446763,-0.0038754734687446763,-0.0038754734687446763,-0.0038754734687446763,-0.0038754734687446763
2018-07-17,-0.004390424452103469,-0.004390424452103469,-0.004390424452103469,-0.004390424452103469,-0.004390424452103469,-0.004390424452103469,-0.004390424452103469,-0.004390424452103469,-0.004390424452103469,-0.004390424452103469,-0.004390424452103469
2018-07-18,-0.0010201876750226095,-0.0010201876750226095,-0.0010201876750226095,-0.0010201876750226095,-0.0010201876750226095,-0.0010201876750226095,-0.0010201876750226095,-0.0010201876750226095,-0.0010201876750226095,-0.0010201876750226095,-0.0010201876750226095
2018-07-19,-0.002526433604601673,-0.002526433604601673,-0.002526433604601673,-0.002526433604601673,-0.002526433604601673,-0.002526433604601673,-0.002526433604601673,-0.002526433604601673,-0.002526433604601673,-0.002526433604601673,-0.002526433604601673
2018-07-20,-0.004907699619423003,-0.004907699619423003,-0.004907699619423003,-0.004907699619423003,-0.004907699619423003,-0.004907699619423003,-0.004907699619423003,-0.004907699619423003,-0.004907699619423003,-0.004907699619423003,-0.004907699619423003
2018-07-23,-0.010160605641177477,-0.010160605641177477,-0.010160605641177477,-0.010160605641177477,-0.010160605641177477,-0.010160605641177477,-0.010160605641177477,-0.010160605641177477,-0.010160605641177477,-0.010160605641177477,-0.010160605641177477
2018-07-24,0.0055998034042089905,0.0055998034042089905,0.0055998034042089905,0.0055998034042089905,0.0055998034042089905,0.0055998034042089905,0.0055998034042089905,0.0055998034042089905,0.0055998034042089905,0.0055998034042089905,0.0055998034042089905
2018-07-25,0.005342086964880226,0.005342086964880226,0.005342086964880226,0.005342086964880226,0.005342086964880226,0.005342086964880226,0.005342086964880226,0.005342086964880226,0.005342086964880226,0.005342086964880226,0.005342086964880226
2018-07-26,-0.008152303202485165,-0.008152303202485165,-0.008152303202485165,-0.008152303202485165,-0.008152303202485165,-0.008152303202485165,-0.008152303202485165,-0.008152303202485165,-0.008152303202485165,-0.008152303202485165,-0.008152303202485165
2018-07-27,-0.0019122714659884435,-0.0019122714659884435,-0.0019122714659884435,-0.0019122714659884435,-0.0019122714659884435,-0.0019122714659884435,-0.0019122714659884435,-0.0019122714659884435,-0.0019122714659884435,-0.0019122714659884435,-0.0019122714659884435
2018-07-30,-0.007915548545180012,-0.007915548545180012,-0.007915548545180012,-0.007915548545180012,-0.007915548545180012,-0.007915548545180012,-0.007915548545180012,-0.007915548545180012,-0.007300468255674757,-0.006685387966169501,-0.00545522738715899
2018-07-31,0.010686423615141627,0.010686423615141627,0.010686423615141627,0.010686423615141627,0.010686423615141627,0.010686423615141627,0.010686423615141627,0.010686423615141627,0.010686423615141627,0.010686423615141627,0.010686423615141627
2018-08-01,-0.007543646483882985,-0.007543646483882985,-0.007543646483882985,-0.007543646483882985,-0.007543646483882985,-0.007543646483882985,-0.007543646483882985,-0.007543646483882985,-0.007543646483882985,-0.007543646483882985,-0.007543646483882985
2018-08-02,0.00323501809752727,0.00323501809752727,0.00323501809752727,0.00323501809752727,0.00323501809752727,0.00323501809752727,0.00323501809752727,0.00323501809752727,0.00323501809752727,0.00323501809752727,0.00323501809752727
2018-08-03,0.007507028722090937,0.007507028722090937,0.007507028722090937,0.007507028722090937,0.007507028722090937,0.007507028722090937,0.007507028722090937,0.007507028722090937,0.007226843857871694,0.00694665899365245,0.0063862892652139635
2018-08-06,0.005112315293968547,0.005112315293968547,0.005112315293968547,0.005112315293968547,0.005112315293968547,0.005112315293968547,0.005112315293968547,0.005112315293968547,0.005112315293968547,0.005112315293968547,0.005112315293968547
2018-08-07,0.006626363172965815,0.006626363172965815,0.006626363172965815,0.006626363172965815,0.006626363172965815,0.006626363172965815,0.006626363172965815,0.006626363172965815,0.006626363172965815,0.006626363172965815,0.006626363172965815
2018-08-08,0.0020874987494247754,0.0020874987494247754,0.0020874987494247754,0.0020874987494247754,0.0020874987494247754,0.0020874987494247754,0.0020874987494247754,0.0020874987494247754,0.0020874987494247754,0.0020874987494247754,0.0020874987494247754
2018-08-09,0.0018089628611733068,0.0018089628611733068,0.0018089628611733068,0.0018089628611733068,0.0018089628611733068,0.0018089628611733068,0.0018089628611733068,0.0018089628611733068,0.0018089628611733068,0.0018089628611733068,0.0018089628611733068
2018-08-10,-0.0048921105613527254,-0.0048921105613527254,-0.0048921105613527254,-0.0048921105613527254,-0.0048921105613527254,-0.0048921105613527254,-0.0048921105613527254,-0.0048921105613527254,-0.0048921105613527254,-0.0048921105613527254,-0.0048921105613527254
2018-08-13,-0.018714329112587823,-0.018714329112587823,-0.018714329112587823,-0.018714329112587823,-0.018714329112587823,-0.018714329112587823,-0.018714329112587823,-0.018714329112587823,-0.018714329112587823,-0.018714329112587823,-0.018714329112587823
2018-08-14,0.00811958498287554,0.00811958498287554,0.00811958498287554,0.00811958498287554,0.00811958498287554,0.00811958498287554,0.00811958498287554,0.00811958498287554,0.00811958498287554,0.00811958498287554,0.00811958498287554
2018-08-15,-0.013591916189729937,-0.013591916189729937,-0.013591916189729937,-0.013591916189729937,-0.013591916189729937,-0.013591916189729937,-0.013591916189729937,-0.013591916189729937,-0.013591916189729937,-0.013591916189729937,-0.013591916189729937
2018-08-16,0.009818046686121329,0.009818046686121329,0.009818046686121329,0.009818046686121329,0.009818046686121329,0.009818046686121329,0.009818046686121329,0.009818046686121329,0.009818046686121329,0.009818046686121329,0.009818046686121329
2018-08-17,0.009582988834391008,0.009582988834391008,0.009582988834391008,0.009582988834391008,0.009582988834391008,0.009582988834391008,0.009582988834391008,0.009582988834391008,0.009582988834391008,0.009582988834391008,0.009582988834391008
2018-08-20,0.009945874804256679,0.009945874804256679,0.009945874804256679,0.009945874804256679,0.009945874804256679,0.009945874804256679,0.009945874804256679,0.009945874804256679,0.009945874804256679,0.009945874804256679,0.009945874804256679
2018-08-21,-9.670515445593057e-05,-9.670515445593057e-05,-9.670515445593057e-05,-9.670515445593057e-05,-9.670515445593057e-05,-9.670515445593057e-05,-9.670515445593057e-05,-9.670515445593057e-05,-9.670515445593057e-05,-9.670515445593057e-05,-9.670515445593057e-05
2018-08-22,0.0050844162663434235,0.0050844162663434235,0.0050844162663434235,0.0050844162663434235,0.0050844162663434235,0.0050844162663434235,0.0050844162663434235,0.0050844162663434235,0.0050844162663434235,0.0050844162663434235,0.0050844162663434235
2018-08-23,-0.006003621554031825,-0.006003621554031825,-0.006003621554031825,-0.006003621554031825,-0.006003621554031825,-0.006003621554031825,-0.006003621554031825,-0.006003621554031825,-0.006003621554031825,-0.006003621554031825,-0.006003621554031825
2018-08-24,0.01689346944862035,0.01689346944862035,0.01689346944862035,0.01689346944862035,0.01689346944862035,0.01689346944862035,0.01689346944862035,0.01689346944862035,0.01689346944862035,0.01689346944862035,0.01689346944862035
2018-08-27,-0.0037446950911725267,-0.0037446950911725267,-0.0037446950911725267,-0.0037446950911725267,-0.0037446950911725267,-0.0037446950911725267,-0.0037446950911725267,-0.0037446950911725267,-0.0037446950911725267,-0.0037446950911725267,-0.0037446950911725267
2018-08-28,-0.011092709933226967,-0.011092709933226967,-0.011092709933226967,-0.011092709933226967,-0.011092709933226967,-0.011092709933226967,-0.011092709933226967,-0.011092709933226967,-0.011092709933226967,-0.011092709933226967,-0.011092709933226967
2018-08-29,0.0041412643115570896,0.0041412643115570896,0.0041412643115570896,0.0041412643115570896,0.0041412643115570896,0.0041412643115570896,0.0041412643115570896,0.0041412643115570896,0.0041412643115570896,0.0041412643115570896,0.0041412643115570896
2018-08-30,-0.0011724664404232769,-0.0011724664404232769,-0.0011724664404232769,-0.0011724664404232769,-0.0011724664404232769,-0.0011724664404232769,-0.0011724664404232769,-0.0011724664404232769,-0.0011724664404232769,-0.0011724664404232769,-0.0011724664404232769
2018-08-31,-0.002534650562811153,-0.002534650562811153,-0.002534650562811153,-0.002534650562811153,-0.002534650562811153,-0.002534650562811153,-0.002534650562811153,-0.002534650562811153,-0.002534650562811153,-0.002534650562811153,-0.002534650562811153
2018-09-04,-0.005074493505906168,-0.005074493505906168,-0.005074493505906168,-0.005074493505906168,-0.005074493505906168,-0.005074493505906168,-0.005074493505906168,-0.005074493505906168,-0.005074493505906168,-0.005074493505906168,-0.005074493505906168
2018-09-05,-0.003854557700009301,-0.003854557700009301,-0.003854557700009301,-0.003854557700009301,-0.003854557700009301,-0.003854557700009301,-0.003854557700009301,-0.003854557700009301,-0.003854557700009301,-0.003854557700009301,-0.003854557700009301
2018-09-06,-0.00467127357387331,-0.00467127357387331,-0.00467127357387331,-0.00467127357387331,-0.00467127357387331,-0.00467127357387331,-0.00467127357387331,-0.00467127357387331,-0.0039829227864237515,-0.0032945719989741938,-0.0019178704240750773
2018-09-07,-0.007536538957431153,-0.007536538957431153,-0.007536538957431153,-0.007536538957431153,-0.007536538957431153,-0.007536538957431153,-0.007536538957431153,-0.007536538957431153,-0.007536538957431153,-0.007536538957431153,-0.007536538957431153
2018-09-10,0.0056851714449322795,0.0056851714449322795,0.0056851714449322795,0.0056851714449322795,0.0056851714449322795,0.0056851714449322795,0.0056851714449322795,0.0056851714449322795,0.0056851714449322795,0.0056851714449322795,0.0056851714449322795
2018-09-11,0.002125527770827705,0.002125527770827705,0.002125527770827705,0.002125527770827705,0.002125527770827705,0.002125527770827705,0.002125527770827705,0.002125527770827705,0.001449010388764365,0.0007724930067010244,-0.0005805417574256565
2018-09-12,0.00697530028367961,0.00697530028367961,0.00697530028367961,0.00697530028367961,0.00697530028367961,0.00697530028367961,0.00697530028367961,0.00697530028367961,0.00697530028367961,0.00697530028367961,0.00697530028367961
2018-09-13,0.0055360899293438945,0.0055360899293438945,0.0055360899293438945,0.0055360899293438945,0.0055360899293438945,0.0055360899293438945,0.0055360899293438945,0.0055360899293438945,0.0055360899293438945,0.0055360899293438945,0.0055360899293438945
2018-09-14,-0.00392125580859092,-0.00392125580859092,-0.00392125580859092,-0.00392125580859092,-0.00392125580859092,-0.00392125580859092,-0.00392125580859092,-0.00392125580859092,-0.00392125580859092,-0.00392125580859092,-0.00392125580859092
2018-09-17,-0.004579358028766919,-0.004579358028766919,-0.004579358028766919,-0.004579358028766919,-0.004579358028766919,-0.004579358028766919,-0.004579358028766919,-0.004579358028766919,-0.004579358028766919,-0.004579358028766919,-0.004579358028766919
2018-09-18,-0.004633847240715578,-0.004633847240715578,-0.004633847240715578,-0.004633847240715578,-0.004633847240715578,-0.004633847240715578,-0.004633847240715578,-0.004633847240715578,-0.004633847240715578,-0.004633847240715578,-0.004633847240715578
2018-09-19,0.0027579195942153277,0.0027579195942153277,0.0027579195942153277,0.0027579195942153277,0.0027579195942153277,0.0027579195942153277,0.0027579195942153277,0.0027579195942153277,0.0027579195942153277,0.0027579195942153277,0.0027579195942153277
2018-09-20,0.012209194547588502,0.012209194547588502,0.012209194547588502,0.012209194547588502,0.012209194547588502,0.012209194547588502,0.012209194547588502,0.012209194547588502,0.012209194547588502,0.012209194547588502,0.012209194547588502
2018-09-21,-0.0055250215168126515,-0.0055250215168126515,-0.0055250215168126515,-0.0055250215168126515,-0.0055250215168126515,-0.0055250215168126515,-0.0055250215168126515,-0.0055250215168126515,-0.0055250215168126515,-0.0055250215168126515,-0.0055250215168126515
2018-09-24,-0.0038272745054582676,-0.0038272745054582676,-0.0038272745054582676,-0.0038272745054582676,-0.0038272745054582676,-0.0038272745054582676,-0.0038272745054582676,-0.0038272745054582676,-0.0038272745054582676,-0.0038272745054582676,-0.0038272745054582676
2018-09-25,-0.001418981382571478,-0.0011174488250618145,-0.0008159162675521514,-0.001418981382571478,-0.001418981382571478,-0.001418981382571478,-0.001418981382571478,-0.001418981382571478,-0.0011174488250618145,-0.0008159162675521514,-0.00021285115253282492
2018-09-26,0.000646731401158307,0.0010028751567015635,0.0013590189122448203,0.000646731401158307,0.000646731401158307,0.000646731401158307,0.000646731401158307,0.000646731401158307,0.0010028751567015635,0.0013590189122448203,0.0020713064233313337
2018-09-27,-0.003411121633823703,-0.0039094006389051306,-0.004407679643986558,-0.003411121633823703,-0.003411121633823703,-0.003411121633823703,-0.003411121633823703,-0.003411121633823703,-0.003411121633823703,-0.003411121633823703,-0.003411121633823703
2018-09-28,0.001395571801955345,0.0011321505309846325,0.0008687292600139204,0.001395571801955345,0.001395571801955345,0.001395571801955345,0.001395571801955345,0.001395571801955345,0.001395571801955345,0.001395571801955345,0.001395571801955345
2018-10-01,0.0005471714619173051,0.00038656148195850815,0.00022595150199971112,0.0005471714619173051,0.0005471714619173051,0.0005471714619173051,0.0005471714619173051,0.0005471714619173051,0.0005471714619173051,0.0005471714619173051,0.0005471714619173051
2018-10-02,0.00433883035421476,0.004384693824735057,0.004430557295255356,0.00433883035421476,0.00433883035421476,0.00433883035421476,0.00433883035421476,0.00433883035421476,0.00433883035421476,0.00433883035421476,0.00433883035421476
2018-10-03,-0.0021744115002420464,-0.002372294624523794,-0.0025701777488055413,-0.0021744115002420464,-0.0021744115002420464,-0.0021744115002420464,-0.0021744115002420464,-0.0021744115002420464,-0.0021744115002420464,-0.0021744115002420464,-0.0021744115002420464
2018-10-04,-0.016620115422320822,-0.015247169982786513,-0.013874224543252203,-0.016620115422320822,-0.016620115422320822,-0.016620115422320822,-0.016620115422320822,-0.016620115422320822,-0.016620115422320822,-0.016620115422320822,-0.016620115422320822
2018-10-05,-0.010275788369977206,-0.009748354073941999,-0.009220919777906794,-0.010275788369977206,-0.010275788369977206,-0.010275788369977206,-0.010275788369977206,-0.010275788369977206,-0.010275788369977206,-0.010275788369977206,-0.010275788369977206
2018-10-08,-0.007427225408595721,-0.00724935253922269,-0.0070714796698496596,-0.007427225408595721,-0.007427225408595721,-0.007427225408595721,-0.007427225408595721,-0.007427225408595721,-0.007427225408595721,-0.007427225408595721,-0.007427225408595721
2018-10-09,0.007158162375551747,0.007158162375551747,0.007158162375551747,0.007158162375551747,0.007158162375551747,0.007158162375551747,0.007158162375551747,0.007158162375551747,0.007158162375551747,0.007158162375551747,0.007158162375551747
2018-10-10,-0.007105056434689571,-0.007105056434689571,-0.007105056434689571,-0.007105056434689571,-0.007105056434689571,-0.007105056434689571,-0.007105056434689571,-0.007105056434689571,-0.007105056434689571,-0.007105056434689571,-0.007105056434689571
2018-10-11,0.015582701066560498,0.015582701066560498,0.015582701066560498,0.015582701066560498,0.015582701066560498,0.015582701066560498,0.015582701066560498,0.015582701066560498,0.015582701066560498,0.015582701066560498,0.015582701066560498
2018-10-12,-0.005681275414048104,-0.005681275414048104,-0.005681275414048104,-0.005681275414048104,-0.005681275414048104,-0.005681275414048104,-0.005681275414048104,-0.005681275414048104,-0.005681275414048104,-0.005681275414048104,-0.005681275414048104
2018-10-15,0.002347923330523318,0.002347923330523318,0.002347923330523318,0.002347923330523318,0.002347923330523318,0.002347923330523318,0.002347923330523318,0.002347923330523318,0.002347923330523318,0.002347923330523318,0.002347923330523318
2018-10-16,0.014680854746354442,0.014680854746354442,0.014680854746354442,0.014680854746354442,0.014680854746354442,0.014680854746354442,0.014680854746354442,0.014680854746354442,0.014680854746354442,0.014680854746354442,0.014680854746354442
2018-10-17,-0.0042978504659633016,-0.0042978504659633016,-0.0042978504659633016,-0.0042978504659633016,-0.0042978504659633016,-0.0042978504659633016,-0.0042978504659633016,-0.0042978504659633016,-0.0042978504659633016,-0.0042978504659633016,-0.0042978504659633016
2018-10-18,-0.009002975855226216,-0.009002975855226216,-0.009002975855226216,-0.009002975855226216,-0.009002975855226216,-0.009002975855226216,-0.009002975855226216,-0.009002975855226216,-0.009002975855226216,-0.009002975855226216,-0.009002975855226216
2018-10-19,-0.0029334620557270237,-0.0029334620557270237,-0.0029334620557270237,-0.0029334620557270237,-0.0029334620557270237,-0.0029334620557270237,-0.0029334620557270237,-0.0029334620557270237,-0.0029334620557270237,-0.0029334620557270237,-0.0029334620557270237
2018-10-22,-0.00502735896197988,-0.00502735896197988,-0.00502735896197988,-0.00502735896197988,-0.00502735896197988,-0.00502735896197988,-0.00502735896197988,-0.00502735896197988,-0.00502735896197988,-0.00502735896197988,-0.00502735896197988
2018-10-23,0.0009030600727025807,0.0009030600727025807,0.0009030600727025807,0.0009030600727025807,0.0009030600727025807,0.0009030600727025807,0.0009030600727025807,0.0009030600727025807,0.0009030600727025807,0.0009030600727025807,0.0009030600727025807
2018-10-24,-0.01762913099563239,-0.01762913099563239,-0.01762913099563239,-0.01762913099563239,-0.01762913099563239,-0.01762913099563239,-0.01762913099563239,-0.01762913099563239,-0.01762913099563239,-0.01762913099563239,-0.01762913099563239
2018-10-25,0.007619188396831603,0.007619188396831603,0.007619188396831603,0.007619188396831603,0.007619188396831603,0.007619188396831603,0.007619188396831603,0.007619188396831603,0.007619188396831603,0.007619188396831603,0.007619188396831603
2018-10-26,0.00022627703006235857,0.00022627703006235857,0.00022627703006235857,0.00022627703006235857,0.00022627703006235857,0.00022627703006235857,0.00022627703006235857,0.00022627703006235857,0.00022627703006235857,0.00022627703006235857,0.00022627703006235857
2018-10-29,-0.00744733310806026,-0.00744733310806026,-0.00744733310806026,-0.00744733310806026,-0.00744733310806026,-0.00744733310806026,-0.00744733310806026,-0.00744733310806026,-0.00744733310806026,-0.00744733310806026,-0.00744733310806026
2018-10-30,0.00416599357537371,0.00416599357537371,0.00416599357537371,0.00416599357537371,0.00416599357537371,0.00416599357537371,0.00416599357537371,0.00416599357537371,0.00416599357537371,0.00416599357537371,0.00416599357537371
2018-10-31,0.00012417163638587912,0.00012417163638587912,0.00012417163638587912,0.00012417163638587912,0.00012417163638587912,0.00012417163638587912,0.00012417163638587912,0.00012417163638587912,0.00012417163638587912,0.00012417163638587912,0.00012417163638587912
2018-11-01,0.019399769431599986,0.019399769431599986,0.019399769431599986,0.019399769431599986,0.019399769431599986,0.019399769431599986,0.019399769431599986,0.019399769431599986,0.019399769431599986,0.019399769431599986,0.019399769431599986
2018-11-02,-0.008568425008683482,-0.008568425008683482,-0.008568425008683482,-0.008568425008683482,-0.008568425008683482,-0.008568425008683482,-0.008568425008683482,-0.008568425008683482,-0.008568425008683482,-0.008568425008683482,-0.008568425008683482
2018-11-05,0.0036146290707546823,0.0036146290707546823,0.0036146290707546823,0.0036146290707546823,0.0036146290707546823,0.0036146290707546823,0.0036146290707546823,0.0036146290707546823,0.0036146290707546823,0.0036146290707546823,0.0036146290707546823
2018-11-06,0.006328119958016203,0.006328119958016203,0.006328119958016203,0.006328119958016203,0.006328119958016203,0.006328119958016203,0.006328119958016203,0.006328119958016203,0.006328119958016203,0.006328119958016203,0.006328119958016203
2018-11-07,0.023910845288194548,0.023910845288194548,0.023910845288194548,0.023910845288194548,0.023910845288194548,0.023910845288194548,0.023910845288194548,0.023910845288194548,0.023910845288194548,0.023910845288194548,0.023910845288194548
2018-11-08,-0.0023874941462072234,-0.0023874941462072234,-0.0023874941462072234,-0.0023874941462072234,-0.0023874941462072234,-0.0023874941462072234,-0.0023874941462072234,-0.0023874941462072234,-0.0023874941462072234,-0.0023874941462072234,-0.0023874941462072234
2018-11-09,-0.010304136410495268,-0.010304136410495268,-0.010304136410495268,-0.010304136410495268,-0.010304136410495268,-0.010304136410495268,-0.010304136410495268,-0.010304136410495268,-0.010304136410495268,-0.010304136410495268,-0.010304136410495268
2018-11-12,-0.016534784775904057,-0.016534784775904057,-0.016534784775904057,-0.016534784775904057,-0.016534784775904057,-0.016534784775904057,-0.016534784775904057,-0.016534784775904057,-0.01426477008478291,-0.011994755393661759,-0.00745472601141946
2018-11-13,-0.001999196274332935,-0.001999196274332935,-0.001999196274332935,-0.001999196274332935,-0.001999196274332935,-0.001999196274332935,-0.001999196274332935,-0.001999196274332935,-0.001999196274332935,-0.001999196274332935,-0.001999196274332935
2018-11-14,0.0023768331787382287,0.0023768331787382287,0.0023768331787382287,0.0023768331787382287,0.0023768331787382287,0.0023768331787382287,0.0023768331787382287,0.0023768331787382287,0.0023768331787382287,0.0023768331787382287,0.0023768331787382287
2018-11-15,0.006195486043308526,0.006195486043308526,0.006195486043308526,0.006195486043308526,0.006195486043308526,0.006195486043308526,0.006195486043308526,0.006195486043308526,0.006195486043308526,0.006195486043308526,0.006195486043308526
2018-11-16,0.010410674386674267,0.010410674386674267,0.010410674386674267,0.010410674386674267,0.010410674386674267,0.010410674386674267,0.010410674386674267,0.010410674386674267,0.010410674386674267,0.010410674386674267,0.010410674386674267
2018-11-19,-0.010151086348096139,-0.010151086348096139,-0.010151086348096139,-0.010151086348096139,-0.010151086348096139,-0.010151086348096139,-0.010151086348096139,-0.010151086348096139,-0.010151086348096139,-0.010151086348096139,-0.010151086348096139
2018-11-20,-0.01432416177130139,-0.01432416177130139,-0.01432416177130139,-0.01432416177130139,-0.01432416177130139,-0.01432416177130139,-0.01432416177130139,-0.01432416177130139,-0.01432416177130139,-0.01432416177130139,-0.01432416177130139
2018-11-21,0.0053211730053407316,0.0053211730053407316,0.0053211730053407316,0.0053211730053407316,0.0053211730053407316,0.0053211730053407316,0.0053211730053407316,0.0053211730053407316,0.0053211730053407316,0.0053211730053407316,0.0053211730053407316
2018-11-23,-0.0019099896625855125,-0.0019099896625855125,-0.0019099896625855125,-0.0019099896625855125,-0.0019099896625855125,-0.0019099896625855125,-0.0019099896625855125,-0.0019099896625855125,-0.0019099896625855125,-0.0019099896625855125,-0.0019099896625855125
2018-11-26,0.01188763919500881,0.01188763919500881,0.01188763919500881,0.01188763919500881,0.01188763919500881,0.01188763919500881,0.01188763919500881,0.01188763919500881,0.01188763919500881,0.01188763919500881,0.01188763919500881
2018-11-27,1.96533667858063e-07,1.96533667858063e-07,1.96533667858063e-07,1.96533667858063e-07,1.96533667858063e-07,1.96533667858063e-07,1.96533667858063e-07,1.96533667858063e-07,1.96533667858063e-07,1.96533667858063e-07,1.96533667858063e-07
2018-11-28,0.009410019250790106,0.009410019250790106,0.009410019250790106,0.009410019250790106,0.009410019250790106,0.009410019250790106,0.009410019250790106,0.009410019250790106,0.009410019250790106,0.009410019250790106,0.009410019250790106
2018-11-29,0.003850832408596422,0.003850832408596422,0.003850832408596422,0.003850832408596422,0.003850832408596422,0.003850832408596422,0.003850832408596422,0.003850832408596422,0.003850832408596422,0.003850832408596422,0.003850832408596422
2018-11-30,0.006811330546985547,0.006811330546985547,0.006811330546985547,0.006811330546985547,0.006811330546985547,0.006811330546985547,0.006811330546985547,0.006811330546985547,0.006811330546985547,0.006811330546985547,0.006811330546985547
2018-12-03,0.016143527353521488,0.016143527353521488,0.016143527353521488,0.016143527353521488,0.016143527353521488,0.016143527353521488,0.016143527353521488,0.016143527353521488,0.016143527353521488,0.016143527353521488,0.016143527353521488
2018-12-04,-0.010859201127332926,-0.010859201127332926,-0.010859201127332926,-0.010859201127332926,-0.010859201127332926,-0.010859201127332926,-0.010859201127332926,-0.010859201127332926,-0.010859201127332926,-0.010859201127332926,-0.010859201127332926
2018-12-06,-0.004839384264824838,-0.004839384264824838,-0.004839384264824838,-0.004839384264824838,-0.004839384264824838,-0.004839384264824838,-0.004839384264824838,-0.004839384264824838,-0.004839384264824838,-0.004839384264824838,-0.004839384264824838
2018-12-07,-0.01542209676828038,-0.01542209676828038,-0.01542209676828038,-0.01542209676828038,-0.01542209676828038,-0.01542209676828038,-0.01542209676828038,-0.01542209676828038,-0.01542209676828038,-0.01542209676828038,-0.01542209676828038
2018-12-10,-0.002834497334578777,-0.002834497334578777,-0.002834497334578777,-0.002834497334578777,-0.002834497334578777,-0.002834497334578777,-0.002834497334578777,-0.002834497334578777,-0.002834497334578777,-0.002834497334578777,-0.002834497334578777
2018-12-11,-0.001183332805605569,-0.001183332805605569,-0.001183332805605569,-0.001183332805605569,-0.001183332805605569,-0.001183332805605569,-0.001183332805605569,-0.001183332805605569,-0.001183332805605569,-0.001183332805605569,-0.001183332805605569
2018-12-12,0.00019575815674115248,0.00019575815674115248,0.00019575815674115248,0.00019575815674115248,0.00019575815674115248,0.00019575815674115248,0.00019575815674115248,0.00019575815674115248,0.00019575815674115248,0.00019575815674115248,0.00019575815674115248
2018-12-13,-0.004762080311624864,-0.004762080311624864,-0.004762080311624864,-0.004762080311624864,-0.004762080311624864,-0.004762080311624864,-0.004762080311624864,-0.004762080311624864,-0.004762080311624864,-0.004762080311624864,-0.004762080311624864
2018-12-14,-0.010084733216363419,-0.010084733216363419,-0.010084733216363419,-0.010084733216363419,-0.010084733216363419,-0.010084733216363419,-0.010084733216363419,-0.010084733216363419,-0.010084733216363419,-0.010084733216363419,-0.010084733216363419
2018-12-17,-0.005025840124981029,-0.005025840124981029,-0.005025840124981029,-0.005025840124981029,-0.005025840124981029,-0.005025840124981029,-0.005025840124981029,-0.005025840124981029,-0.00325453957197189,-0.0014832390189627488,0.0020593620870555315
2018-12-18,0.00559667612713233,0.00559667612713233,0.00559667612713233,0.00559667612713233,0.00559667612713233,0.00559667612713233,0.00559667612713233,0.00559667612713233,0.00559667612713233,0.00559667612713233,0.00559667612713233
2018-12-19,0.0005775457439586955,0.0005775457439586955,0.0005775457439586955,0.0005775457439586955,0.0005775457439586955,0.0005775457439586955,0.0005775457439586955,0.0005775457439586955,0.0005775457439586955,0.0005775457439586955,0.0005775457439586955
2018-12-20,0.003235554469914397,0.003235554469914397,0.003235554469914397,0.003235554469914397,0.003235554469914397,0.003235554469914397,0.003235554469914397,0.003235554469914397,0.003235554469914397,0.003235554469914397,0.003235554469914397
2018-12-21,-0.01159159791368527,-0.01159159791368527,-0.01159159791368527,-0.01159159791368527,-0.01159159791368527,-0.01159159791368527,-0.01159159791368527,-0.01159159791368527,-0.01159159791368527,-0.01159159791368527,-0.01159159791368527
2018-12-24,0.010765153875553244,0.010765153875553244,0.010765153875553244,0.010765153875553244,0.010765153875553244,0.010765153875553244,0.010765153875553244,0.010765153875553244,0.010765153875553244,0.010765153875553244,0.010765153875553244
2018-12-26,-0.00222473278378532,-0.00222473278378532,-0.00222473278378532,-0.00222473278378532,-0.00222473278378532,-0.00222473278378532,-0.00222473278378532,-0.00222473278378532,-0.00222473278378532,-0.00222473278378532,-0.00222473278378532
2018-12-27,0.015024030318983023,0.015024030318983023,0.015024030318983023,0.015024030318983023,0.015024030318983023,0.015024030318983023,0.015024030318983023,0.015024030318983023,0.015024030318983023,0.015024030318983023,0.015024030318983023
2018-12-28,0.008259325646826857,0.008259325646826857,0.008259325646826857,0.008259325646826857,0.008259325646826857,0.008259325646826857,0.008259325646826857,0.008259325646826857,0.008259325646826857,0.008259325646826857,0.008259325646826857
2018-12-31,0.004446407388389642,0.004446407388389642,0.004446407388389642,0.004446407388389642,0.004446407388389642,0.004446407388389642,0.004446407388389642,0.004446407388389642,0.004446407388389642,0.004446407388389642,0.004446407388389642
2019-01-02,-0.002448570126622471,-0.002448570126622471,-0.002448570126622471,-0.002448570126622471,-0.002448570126622471,-0.002448570126622471,-0.002448570126622471,-0.002448570126622471,-0.002448570126622471,-0.002448570126622471,-0.002448570126622471
2019-01-03,0.004216368098469825,0.004216368098469825,0.004216368098469825,0.004216368098469825,0.004216368098469825,0.004216368098469825,0.004216368098469825,0.004216368098469825,0.004216368098469825,0.004216368098469825,0.004216368098469825
2019-01-04,0.0009072226106700988,0.0009072226106700988,0.0009072226106700988,0.0009072226106700988,0.0009072226106700988,0.0009072226106700988,0.0009072226106700988,0.0009072226106700988,0.0009072226106700988,0.0009072226106700988,0.0009072226106700988
2019-01-07,0.006573406878419376,0.006573406878419376,0.006573406878419376,0.006573406878419376,0.006573406878419376,0.006573406878419376,0.006573406878419376,0.006573406878419376,0.006573406878419376,0.006573406878419376,0.006573406878419376
2019-01-08,0.003435118474933669,0.003435118474933669,0.003435118474933669,0.003435118474933669,0.003435118474933669,0.003435118474933669,0.003435118474933669,0.003435118474933669,0.003435118474933669,0.003435118474933669,0.003435118474933669
2019-01-09,0.007254724781803557,0.007254724781803557,0.007254724781803557,0.007254724781803557,0.007254724781803557,0.007254724781803557,0.007254724781803557,0.007254724781803557,0.007254724781803557,0.007254724781803557,0.007254724781803557
2019-01-10,-0.006341145389572253,-0.006341145389572253,-0.006341145389572253,-0.006341145389572253,-0.006341145389572253,-0.006341145389572253,-0.006341145389572253,-0.006341145389572253,-0.006341145389572253,-0.006341145389572253,-0.006341145389572253
2019-01-11,0.00823421696250031,0.00823421696250031,0.00823421696250031,0.00823421696250031,0.00823421696250031,0.00823421696250031,0.00823421696250031,0.00823421696250031,0.00823421696250031,0.00823421696250031,0.00823421696250031
2019-01-14,-0.0031968384615399022,-0.0031968384615399022,-0.0031968384615399022,-0.0031968384615399022,-0.0031968384615399022,-0.0031968384615399022,-0.0031968384615399022,-0.0031968384615399022,-0.0031968384615399022,-0.0031968384615399022,-0.0031968384615399022
2019-01-15,0.0039585572129048376,0.0039585572129048376,0.0039585572129048376,0.0039585572129048376,0.0039585572129048376,0.0039585572129048376,0.0039585572129048376,0.0039585572129048376,0.0039585572129048376,0.0039585572129048376,0.0039585572129048376
2019-01-16,0.004235160872235204,0.004235160872235204,0.004235160872235204,0.004235160872235204,0.004235160872235204,0.004235160872235204,0.004235160872235204,0.004235160872235204,0.004235160872235204,0.004235160872235204,0.004235160872235204
2019-01-17,0.0012486554080229119,0.0012486554080229119,0.0012486554080229119,0.0012486554080229119,0.0012486554080229119,0.0012486554080229119,0.0012486554080229119,0.0012486554080229119,0.0012486554080229119,0.0012486554080229119,0.0012486554080229119
2019-01-18,-0.007957245558085413,-0.007957245558085413,-0.007957245558085413,-0.007957245558085413,-0.007957245558085413,-0.007957245558085413,-0.007957245558085413,-0.007957245558085413,-0.007957245558085413,-0.007957245558085413,-0.007957245558085413
2019-01-22,-0.005564443429377661,-0.005564443429377661,-0.005564443429377661,-0.005564443429377661,-0.005564443429377661,-0.005564443429377661,-0.005564443429377661,-0.005564443429377661,-0.005564443429377661,-0.005564443429377661,-0.005564443429377661
2019-01-23,-0.0014953589952991988,-0.0014953589952991988,-0.0014953589952991988,-0.0014953589952991988,-0.0014953589952991988,-0.0014953589952991988,-0.0014953589952991988,-0.0014953589952991988,-0.0014953589952991988,-0.0014953589952991988,-0.0014953589952991988
2019-01-24,0.004145979714977388,0.004145979714977388,0.004145979714977388,0.004145979714977388,0.004145979714977388,0.004145979714977388,0.004145979714977388,0.004145979714977388,0.004145979714977388,0.004145979714977388,0.004145979714977388
2019-01-25,0.014112628958966467,0.014112628958966467,0.014112628958966467,0.014112628958966467,0.014112628958966467,0.014112628958966467,0.014112628958966467,0.014112628958966467,0.014112628958966467,0.014112628958966467,0.014112628958966467
2019-01-28,0.0013410201272991864,0.0013410201272991864,0.0013410201272991864,0.0013410201272991864,0.0013410201272991864,0.0013410201272991864,0.0013410201272991864,0.0013410201272991864,0.0013410201272991864,0.0013410201272991864,0.0013410201272991864
2019-01-29,0.00901803613255794,0.00901803613255794,0.00901803613255794,0.00901803613255794,0.00901803613255794,0.00901803613255794,0.00901803613255794,0.00901803613255794,0.00901803613255794,0.00901803613255794,0.00901803613255794
2019-01-30,0.0022141692347056492,0.0022141692347056492,0.0022141692347056492,0.0022141692347056492,0.0022141692347056492,0.0022141692347056492,0.0022141692347056492,0.0022141692347056492,0.0022141692347056492,0.0022141692347056492,0.0022141692347056492
2019-01-31,0.011840825551946824,0.011840825551946824,0.011840825551946824,0.011840825551946824,0.011840825551946824,0.011840825551946824,0.011840825551946824,0.011840825551946824,0.011840825551946824,0.011840825551946824,0.011840825551946824
2019-02-01,-0.001010536932710334,-0.001010536932710334,-0.001010536932710334,-0.001010536932710334,-0.001010536932710334,-0.001010536932710334,-0.001010536932710334,-0.001010536932710334,-0.001010536932710334,-0.001010536932710334,-0.001010536932710334
2019-02-04,0.004176090995146663,0.004176090995146663,0.004176090995146663,0.004176090995146663,0.004176090995146663,0.004176090995146663,0.004176090995146663,0.004176090995146663,0.004176090995146663,0.004176090995146663,0.004176090995146663
2019-02-05,0.006808428476955406,0.006808428476955406,0.006808428476955406,0.006808428476955406,0.006808428476955406,0.006808428476955406,0.006808428476955406,0.006808428476955406,0.006808428476955406,0.006808428476955406,0.006808428476955406
2019-02-06,-0.005193523667144817,-0.005193523667144817,-0.005193523667144817,-0.005193523667144817,-0.005193523667144817,-0.005193523667144817,-0.005193523667144817,-0.005193523667144817,-0.005193523667144817,-0.005193523667144817,-0.005193523667144817
2019-02-07,-0.008629842640811857,-0.008629842640811857,-0.008629842640811857,-0.008629842640811857,-0.008629842640811857,-0.008629842640811857,-0.008629842640811857,-0.008629842640811857,-0.008629842640811857,-0.008629842640811857,-0.008629842640811857
2019-02-08,0.006090669372744175,0.006090669372744175,0.006090669372744175,0.006090669372744175,0.006090669372744175,0.006090669372744175,0.006090669372744175,0.006090669372744175,0.006090669372744175,0.006090669372744175,0.006090669372744175
2019-02-11,-0.004067154581144148,-0.004067154581144148,-0.004067154581144148,-0.004067154581144148,-0.004067154581144148,-0.004067154581144148,-0.004067154581144148,-0.004067154581144148,-0.004067154581144148,-0.004067154581144148,-0.004067154581144148
2019-02-12,0.00512699020106426,0.00512699020106426,0.00512699020106426,0.00512699020106426,0.00512699020106426,0.00512699020106426,0.00512699020106426,0.00512699020106426,0.00512699020106426,0.00512699020106426,0.00512699020106426
2019-02-13,-0.00419641653376972,-0.00419641653376972,-0.00419641653376972,-0.00419641653376972,-0.00419641653376972,-0.00419641653376972,-0.00419641653376972,-0.00419641653376972,-0.00419641653376972,-0.00419641653376972,-0.00419641653376972
2019-02-14,0.00899551614433636,0.00899551614433636,0.00899551614433636,0.00899551614433636,0.00899551614433636,0.00899551614433636,0.00899551614433636,0.00899551614433636,0.00899551614433636,0.00899551614433636,0.00899551614433636
2019-02-15,0.009489995760707142,0.009489995760707142,0.009489995760707142,0.009489995760707142,0.009489995760707142,0.009489995760707142,0.009489995760707142,0.009489995760707142,0.009489995760707142,0.009489995760707142,0.009489995760707142
2019-02-19,0.013228353284600241,0.013228353284600241,0.013228353284600241,0.013228353284600241,0.013228353284600241,0.013228353284600241,0.013228353284600241,0.013228353284600241,0.013228353284600241,0.013228353284600241,0.013228353284600241
2019-02-20,-0.003129611226080243,-0.003129611226080243,-0.003129611226080243,-0.003129611226080243,-0.003129611226080243,-0.003129611226080243,-0.003129611226080243,-0.003129611226080243,-0.003129611226080243,-0.003129611226080243,-0.003129611226080243
2019-02-21,-0.017559259885002974,-0.017559259885002974,-0.017559259885002974,-0.017559259885002974,-0.017559259885002974,-0.017559259885002974,-0.017559259885002974,-0.017559259885002974,-0.017559259885002974,-0.017559259885002974,-0.017559259885002974
2019-02-22,0.013526528817166508,0.013526528817166508,0.013526528817166508,0.013526528817166508,0.013526528817166508,0.013526528817166508,0.013526528817166508,0.013526528817166508,0.013526528817166508,0.013526528817166508,0.013526528817166508
2019-02-25,-0.004786071554814409,-0.004786071554814409,-0.004786071554814409,-0.004786071554814409,-0.004786071554814409,-0.004786071554814409,-0.004786071554814409,-0.004786071554814409,-0.004203160181498772,-0.0036202488081831337,-0.0024544260615518574
2019-02-26,0.003951418723164628,0.003951418723164628,0.003951418723164628,0.003951418723164628,0.003951418723164628,0.003951418723164628,0.003951418723164628,0.003951418723164628,0.003951418723164628,0.003951418723164628,0.003951418723164628
2019-02-27,-0.01597294968041099,-0.01597294968041099,-0.01597294968041099,-0.01597294968041099,-0.01597294968041099,-0.01597294968041099,-0.01597294968041099,-0.01597294968041099,-0.01597294968041099,-0.01597294968041099,-0.01597294968041099
2019-02-28,-0.007250059092057742,-0.007250059092057742,-0.007250059092057742,-0.007250059092057742,-0.007250059092057742,-0.007250059092057742,-0.007250059092057742,-0.007250059092057742,-0.007250059092057742,-0.007250059092057742,-0.007250059092057742
2019-03-01,-0.009337803511283336,-0.009337803511283336,-0.009337803511283336,-0.009337803511283336,-0.009337803511283336,-0.009337803511283336,-0.009337803511283336,-0.009337803511283336,-0.009337803511283336,-0.009337803511283336,-0.009337803511283336
2019-03-04,-0.005038417632383385,-0.005038417632383385,-0.005038417632383385,-0.005038417632383385,-0.005038417632383385,-0.005038417632383385,-0.005038417632383385,-0.005038417632383385,-0.005038417632383385,-0.005038417632383385,-0.005038417632383385
2019-03-05,-0.001298178232070334,-0.001298178232070334,-0.001298178232070334,-0.001298178232070334,-0.001298178232070334,-0.001298178232070334,-0.001298178232070334,-0.001298178232070334,-0.001298178232070334,-0.001298178232070334,-0.001298178232070334
2019-03-06,-0.007368715648223617,-0.007368715648223617,-0.007368715648223617,-0.007368715648223617,-0.007368715648223617,-0.007368715648223617,-0.007368715648223617,-0.007368715648223617,-0.007368715648223617,-0.007368715648223617,-0.007368715648223617
2019-03-07,-0.006888439434099625,-0.006888439434099625,-0.006888439434099625,-0.006888439434099625,-0.006888439434099625,-0.006888439434099625,-0.006888439434099625,-0.006888439434099625,-0.006888439434099625,-0.006888439434099625,-0.006888439434099625
2019-03-08,0.007561940552518984,0.007561940552518984,0.007561940552518984,0.007561940552518984,0.007561940552518984,0.007561940552518984,0.007561940552518984,0.007561940552518984,0.007561940552518984,0.007561940552518984,0.007561940552518984
2019-03-11,-0.0006704928130539462,-0.0006704928130539462,-0.0006704928130539462,-0.0006704928130539462,-0.0006704928130539462,-0.0006704928130539462,-0.0006704928130539462,-0.0006704928130539462,-0.0006704928130539462,-0.0006704928130539462,-0.0006704928130539462
2019-03-12,0.014384842431051498,0.014384842431051498,0.014384842431051498,0.014384842431051498,0.014384842431051498,0.014384842431051498,0.014384842431051498,0.014384842431051498,0.014384842431051498,0.014384842431051498,0.014384842431051498
2019-03-13,0.0068388117698234795,0.0068388117698234795,0.0068388117698234795,0.0068388117698234795,0.0068388117698234795,0.0068388117698234795,0.0068388117698234795,0.0068388117698234795,0.0068388117698234795,0.0068388117698234795,0.0068388117698234795
2019-03-14,-0.011069384393301563,-0.011069384393301563,-0.011069384393301563,-0.011069384393301563,-0.011069384393301563,-0.011069384393301563,-0.011069384393301563,-0.011069384393301563,-0.011069384393301563,-0.011069384393301563,-0.011069384393301563
2019-03-15,0.012264894646765232,0.012264894646765232,0.012264894646765232,0.012264894646765232,0.012264894646765232,0.012264894646765232,0.012264894646765232,0.012264894646765232,0.012264894646765232,0.012264894646765232,0.012264894646765232
2019-03-18,0.0007940395789108794,0.0007940395789108794,0.0007940395789108794,0.0007940395789108794,0.0007940395789108794,0.0007940395789108794,0.0007940395789108794,0.0007940395789108794,0.0008984877476182814,0.0010029359163256835,0.0012118322537404873
2019-03-19,7.619532135950776e-05,7.619532135950776e-05,7.619532135950776e-05,7.619532135950776e-05,7.619532135950776e-05,7.619532135950776e-05,7.619532135950776e-05,7.619532135950776e-05,7.619532135950776e-05,7.619532135950776e-05,7.619532135950776e-05
2019-03-20,0.009018076229288357,0.009018076229288357,0.009018076229288357,0.009018076229288357,0.009018076229288357,0.009018076229288357,0.009018076229288357,0.009018076229288357,0.009018076229288357,0.009018076229288357,0.009018076229288357
2019-03-21,0.00495059687458255,0.00495059687458255,0.00495059687458255,0.00495059687458255,0.00495059687458255,0.00495059687458255,0.00495059687458255,0.00495059687458255,0.00495059687458255,0.00495059687458255,0.00495059687458255
2019-03-22,-0.010608153122469835,-0.010608153122469835,-0.010608153122469835,-0.010608153122469835,-0.010608153122469835,-0.010608153122469835,-0.010608153122469835,-0.010608153122469835,-0.010608153122469835,-0.010608153122469835,-0.010608153122469835
2019-03-25,0.006757758749567972,0.006757758749567972,0.006757758749567972,0.006757758749567972,0.006757758749567972,0.006757758749567972,0.006757758749567972,0.006757758749567972,0.006757758749567972,0.006757758749567972,0.006757758749567972
2019-03-26,0.003624927697988007,0.003624927697988007,0.003624927697988007,0.003624927697988007,0.003624927697988007,0.003624927697988007,0.003624927697988007,0.003624927697988007,0.003624927697988007,0.003624927697988007,0.003624927697988007
2019-03-27,0.0046838343877252655,0.0046838343877252655,0.0046838343877252655,0.0046838343877252655,0.0046838343877252655,0.0046838343877252655,0.0046838343877252655,0.0046838343877252655,0.0046838343877252655,0.0046838343877252655,0.0046838343877252655
2019-03-28,-0.0005711041337360327,-0.0005711041337360327,-0.0005711041337360327,-0.0005711041337360327,-0.0005711041337360327,-0.0005711041337360327,-0.0005711041337360327,-0.0005711041337360327,-0.0005711041337360327,-0.0005711041337360327,-0.0005711041337360327
2019-03-29,0.0023259217894481105,0.0023259217894481105,0.0023259217894481105,0.0023259217894481105,0.0023259217894481105,0.0023259217894481105,0.0023259217894481105,0.0023259217894481105,0.0023259217894481105,0.0023259217894481105,0.0023259217894481105
2019-04-01,0.0022070884361815235,0.0022070884361815235,0.0022070884361815235,0.0022070884361815235,0.0022070884361815235,0.0022070884361815235,0.0022070884361815235,0.0022070884361815235,0.0022070884361815235,0.0022070884361815235,0.0022070884361815235
2019-04-02,0.003919297592764993,0.003919297592764993,0.003919297592764993,0.003919297592764993,0.003919297592764993,0.003919297592764993,0.003919297592764993,0.003919297592764993,0.003919297592764993,0.003919297592764993,0.003919297592764993
2019-04-03,-0.0034840764126636455,-0.0034840764126636455,-0.0034840764126636455,-0.0034840764126636455,-0.0034840764126636455,-0.0034840764126636455,-0.0034840764126636455,-0.0034840764126636455,-0.0034840764126636455,-0.0034840764126636455,-0.0034840764126636455
2019-04-04,0.0055063988858458915,0.0055063988858458915,0.0055063988858458915,0.0055063988858458915,0.0055063988858458915,0.0055063988858458915,0.0055063988858458915,0.0055063988858458915,0.0055063988858458915,0.0055063988858458915,0.0055063988858458915
2019-04-05,0.005666903303105948,0.005666903303105948,0.005666903303105948,0.005666903303105948,0.005666903303105948,0.005666903303105948,0.005666903303105948,0.005666903303105948,0.005666903303105948,0.005666903303105948,0.005666903303105948
2019-04-08,0.0014013433919184378,0.0014013433919184378,0.0014013433919184378,0.0014013433919184378,0.0014013433919184378,0.0014013433919184378,0.0014013433919184378,0.0014013433919184378,0.0014013433919184378,0.0014013433919184378,0.0014013433919184378
2019-04-09,-0.002425595988574683,-0.002425595988574683,-0.002425595988574683,-0.002425595988574683,-0.002425595988574683,-0.002425595988574683,-0.002425595988574683,-0.002425595988574683,-0.002425595988574683,-0.002425595988574683,-0.002425595988574683
2019-04-10,0.008941166546382247,0.008941166546382247,0.008941166546382247,0.008941166546382247,0.008941166546382247,0.008941166546382247,0.008941166546382247,0.008941166546382247,0.008941166546382247,0.008941166546382247,0.008941166546382247
2019-04-11,-0.008749045324912297,-0.008749045324912297,-0.008749045324912297,-0.008749045324912297,-0.008749045324912297,-0.008749045324912297,-0.008749045324912297,-0.008749045324912297,-0.008749045324912297,-0.008749045324912297,-0.008749045324912297
2019-04-12,0.0039211237198270524,0.0039211237198270524,0.0039211237198270524,0.0039211237198270524,0.0039211237198270524,0.0039211237198270524,0.0039211237198270524,0.0039211237198270524,0.0039211237198270524,0.0039211237198270524,0.0039211237198270524
2019-04-15,0.0016043559850654285,0.0016043559850654285,0.0016043559850654285,0.0016043559850654285,0.0016043559850654285,0.0016043559850654285,0.0016043559850654285,0.0016043559850654285,0.0012126744088148246,0.0008209928325642205,3.7629680063012375e-05
2019-04-16,-0.008253925667090097,-0.008253925667090097,-0.008253925667090097,-0.008253925667090097,-0.008253925667090097,-0.008253925667090097,-0.008253925667090097,-0.008253925667090097,-0.008253925667090097,-0.008253925667090097,-0.008253925667090097
2019-04-17,-0.0033854152735740654,-0.0033854152735740654,-0.0033854152735740654,-0.0033854152735740654,-0.0033854152735740654,-0.0033854152735740654,-0.0033854152735740654,-0.0033854152735740654,-0.0033854152735740654,-0.0033854152735740654,-0.0033854152735740654
2019-04-18,0.0064204513721696655,0.0064204513721696655,0.0064204513721696655,0.0064204513721696655,0.0064204513721696655,0.0064204513721696655,0.0064204513721696655,0.0064204513721696655,0.0064204513721696655,0.0064204513721696655,0.0064204513721696655
2019-04-22,-0.003250481042901093,-0.003250481042901093,-0.003250481042901093,-0.003250481042901093,-0.003250481042901093,-0.003250481042901093,-0.003250481042901093,-0.003250481042901093,-0.003250481042901093,-0.003250481042901093,-0.003250481042901093
2019-04-23,0.006653747603695521,0.006653747603695521,0.006653747603695521,0.006653747603695521,0.006653747603695521,0.006653747603695521,0.006653747603695521,0.006653747603695521,0.006653747603695521,0.006653747603695521,0.006653747603695521
2019-04-24,0.004542578780318923,0.004542578780318923,0.004542578780318923,0.004542578780318923,0.004542578780318923,0.004542578780318923,0.004542578780318923,0.004542578780318923,0.004542578780318923,0.004542578780318923,0.004542578780318923
2019-04-25,-0.0034975245192101563,-0.0034975245192101563,-0.0034975245192101563,-0.0034975245192101563,-0.0034975245192101563,-0.0034975245192101563,-0.0034975245192101563,-0.0034975245192101563,-0.0034975245192101563,-0.0034975245192101563,-0.0034975245192101563
2019-04-26,0.011903313041384799,0.011903313041384799,0.011903313041384799,0.011903313041384799,0.011903313041384799,0.011903313041384799,0.011903313041384799,0.011903313041384799,0.011903313041384799,0.011903313041384799,0.011903313041384799
2019-04-29,-0.01165081083084386,-0.01165081083084386,-0.01165081083084386,-0.01165081083084386,-0.01165081083084386,-0.01165081083084386,-0.01165081083084386,-0.01165081083084386,-0.01165081083084386,-0.01165081083084386,-0.01165081083084386
2019-04-30,0.0085079793636857,0.0085079793636857,0.0085079793636857,0.0085079793636857,0.0085079793636857,0.0085079793636857,0.0085079793636857,0.0085079793636857,0.0085079793636857,0.0085079793636857,0.0085079793636857
2019-05-01,-0.015081786842785428,-0.015081786842785428,-0.015081786842785428,-0.015081786842785428,-0.015081786842785428,-0.015081786842785428,-0.015081786842785428,-0.015081786842785428,-0.015081786842785428,-0.015081786842785428,-0.015081786842785428
2019-05-02,-0.004795865646013479,-0.004795865646013479,-0.004795865646013479,-0.004795865646013479,-0.004795865646013479,-0.004795865646013479,-0.004795865646013479,-0.004795865646013479,-0.004795865646013479,-0.004795865646013479,-0.004795865646013479
2019-05-03,0.018107079983300103,0.018107079983300103,0.018107079983300103,0.018107079983300103,0.018107079983300103,0.018107079983300103,0.018107079983300103,0.018107079983300103,0.018107079983300103,0.018107079983300103,0.018107079983300103
2019-05-06,-0.008798305950256274,-0.008798305950256274,-0.008798305950256274,-0.008798305950256274,-0.008798305950256274,-0.008798305950256274,-0.008798305950256274,-0.008798305950256274,-0.007255653922087271,-0.005713001893918266,-0.002627697837580258
2019-05-07,-0.034963895239261994,-0.034963895239261994,-0.034963895239261994,-0.034963895239261994,-0.034963895239261994,-0.034963895239261994,-0.034963895239261994,-0.034963895239261994,-0.034963895239261994,-0.034963895239261994,-0.034963895239261994
2019-05-08,-0.007025593810390425,-0.007025593810390425,-0.007025593810390425,-0.007025593810390425,-0.007025593810390425,-0.007025593810390425,-0.007025593810390425,-0.007025593810390425,-0.007025593810390425,-0.007025593810390425,-0.007025593810390425
2019-05-09,0.002593379345348122,0.002593379345348122,0.002593379345348122,0.002593379345348122,0.002593379345348122,0.002593379345348122,0.002593379345348122,0.002593379345348122,0.002593379345348122,0.002593379345348122,0.002593379345348122
2019-05-10,0.0033925954039402675,0.0033925954039402675,0.0033925954039402675,0.0033925954039402675,0.0033925954039402675,0.0033925954039402675,0.0033925954039402675,0.0033925954039402675,0.0033925954039402675,0.0033925954039402675,0.0033925954039402675
2019-05-13,-0.0038231957012908125,-0.0038231957012908125,-0.0038231957012908125,-0.0038231957012908125,-0.0038231957012908125,-0.0038231957012908125,-0.0038231957012908125,-0.0038231957012908125,-0.0038231957012908125,-0.0038231957012908125,-0.0038231957012908125
2019-05-14,0.0024612375571320816,0.0024612375571320816,0.0024612375571320816,0.0024612375571320816,0.0024612375571320816,0.0024612375571320816,0.0024612375571320816,0.0024612375571320816,0.0024612375571320816,0.0024612375571320816,0.0024612375571320816
2019-05-15,0.00802435281553786,0.00802435281553786,0.00802435281553786,0.00802435281553786,0.00802435281553786,0.00802435281553786,0.00802435281553786,0.00802435281553786,0.00802435281553786,0.00802435281553786,0.00802435281553786
2019-05-16,-0.001656239131839891,-0.001656239131839891,-0.001656239131839891,-0.001656239131839891,-0.001656239131839891,-0.001656239131839891,-0.001656239131839891,-0.001656239131839891,-0.001656239131839891,-0.001656239131839891,-0.001656239131839891
2019-05-17,-0.009156119569209333,-0.009156119569209333,-0.009156119569209333,-0.009156119569209333,-0.009156119569209333,-0.009156119569209333,-0.009156119569209333,-0.009156119569209333,-0.009156119569209333,-0.009156119569209333,-0.009156119569209333
2019-05-20,-0.005950177470254689,-0.005950177470254689,-0.005950177470254689,-0.005950177470254689,-0.005950177470254689,-0.005950177470254689,-0.005950177470254689,-0.005950177470254689,-0.005950177470254689,-0.005950177470254689,-0.005950177470254689
2019-05-21,0.008488779099934392,0.008488779099934392,0.008488779099934392,0.008488779099934392,0.008488779099934392,0.008488779099934392,0.008488779099934392,0.008488779099934392,0.008488779099934392,0.008488779099934392,0.008488779099934392
2019-05-22,0.0026801219971827554,0.0026801219971827554,0.0026801219971827554,0.0026801219971827554,0.0026801219971827554,0.0026801219971827554,0.0026801219971827554,0.0026801219971827554,0.002285898128302899,0.0018916742594230422,0.0011032265216633296
2019-05-23,0.002567869585714502,0.002567869585714502,0.002567869585714502,0.002567869585714502,0.002567869585714502,0.002567869585714502,0.002567869585714502,0.002567869585714502,0.002567869585714502,0.002567869585714502,0.002567869585714502
2019-05-24,0.005350651638237866,0.005350651638237866,0.005350651638237866,0.005350651638237866,0.005350651638237866,0.005350651638237866,0.005350651638237866,0.005350651638237866,0.005350651638237866,0.005350651638237866,0.005350651638237866
2019-05-28,-0.0002638481415384726,-0.0002638481415384726,-0.0002638481415384726,-0.0002638481415384726,-0.0002638481415384726,-0.0002638481415384726,-0.0002638481415384726,-0.0002638481415384726,-0.0002638481415384726,-0.0002638481415384726,-0.0002638481415384726
2019-05-29,-0.004533915459355891,-0.004533915459355891,-0.004533915459355891,-0.004533915459355891,-0.004533915459355891,-0.004533915459355891,-0.004533915459355891,-0.004533915459355891,-0.004533915459355891,-0.004533915459355891,-0.004533915459355891
2019-05-30,0.011085568159758434,0.011085568159758434,0.011085568159758434,0.011085568159758434,0.011085568159758434,0.011085568159758434,0.011085568159758434,0.011085568159758434,0.011085568159758434,0.011085568159758434,0.011085568159758434
2019-05-31,0.006734307120093745,0.006734307120093745,0.006734307120093745,0.006734307120093745,0.006734307120093745,0.006734307120093745,0.006734307120093745,0.006734307120093745,0.006734307120093745,0.006734307120093745,0.006734307120093745
2019-06-03,0.015273976141884112,0.015273976141884112,0.015273976141884112,0.015273976141884112,0.015273976141884112,0.015273976141884112,0.015273976141884112,0.015273976141884112,0.015273976141884112,0.015273976141884112,0.015273976141884112
2019-06-04,0.012928472357400961,0.012928472357400961,0.012928472357400961,0.012928472357400961,0.012928472357400961,0.012928472357400961,0.012928472357400961,0.012928472357400961,0.012928472357400961,0.012928472357400961,0.012928472357400961
2019-06-05,0.006812889444303944,0.006812889444303944,0.006812889444303944,0.006812889444303944,0.006812889444303944,0.006812889444303944,0.006812889444303944,0.006812889444303944,0.006812889444303944,0.006812889444303944,0.006812889444303944
2019-06-06,0.008178850408534688,0.008178850408534688,0.008178850408534688,0.008178850408534688,0.008178850408534688,0.008178850408534688,0.008178850408534688,0.008178850408534688,0.008178850408534688,0.008178850408534688,0.008178850408534688
2019-06-07,0.010593114959176602,0.010593114959176602,0.010593114959176602,0.010593114959176602,0.010593114959176602,0.010593114959176602,0.010593114959176602,0.010593114959176602,0.010593114959176602,0.010593114959176602,0.010593114959176602
2019-06-10,-0.010712698295265232,-0.010712698295265232,-0.010712698295265232,-0.010712698295265232,-0.010712698295265232,-0.010712698295265232,-0.010712698295265232,-0.010712698295265232,-0.010712698295265232,-0.010712698295265232,-0.010712698295265232
2019-06-11,-0.0009220204695004116,-0.0009220204695004116,-0.0009220204695004116,-0.0009220204695004116,-0.0009220204695004116,-0.0009220204695004116,-0.0009220204695004116,-0.0009220204695004116,-0.0009220204695004116,-0.0009220204695004116,-0.0009220204695004116
2019-06-12,0.0035455852409878065,0.0035455852409878065,0.0035455852409878065,0.0035455852409878065,0.0035455852409878065,0.0035455852409878065,0.0035455852409878065,0.0035455852409878065,0.0035455852409878065,0.0035455852409878065,0.0035455852409878065
2019-06-13,0.009021826741137934,0.009021826741137934,0.009021826741137934,0.009021826741137934,0.009021826741137934,0.009021826741137934,0.009021826741137934,0.009021826741137934,0.009021826741137934,0.009021826741137934,0.009021826741137934
2019-06-14,0.0012539635991160318,0.0012539635991160318,0.0012539635991160318,0.0012539635991160318,0.0012539635991160318,0.0012539635991160318,0.0012539635991160318,0.0012539635991160318,0.0012539635991160318,0.0012539635991160318,0.0012539635991160318
2019-06-17,0.001080567418853204,0.001080567418853204,0.001080567418853204,0.001080567418853204,0.001080567418853204,0.001080567418853204,0.001080567418853204,0.001080567418853204,0.001080567418853204,0.001080567418853204,0.001080567418853204
2019-06-18,0.012455500101645658,0.012455500101645658,0.012455500101645658,0.012455500101645658,0.012455500101645658,0.012455500101645658,0.012455500101645658,0.012455500101645658,0.012455500101645658,0.012455500101645658,0.012455500101645658
2019-06-19,0.006990161686261737,0.006990161686261737,0.006990161686261737,0.006990161686261737,0.006990161686261737,0.006990161686261737,0.006990161686261737,0.006990161686261737,0.006990161686261737,0.006990161686261737,0.006990161686261737
2019-06-20,0.024234356834218245,0.024234356834218245,0.024234356834218245,0.024234356834218245,0.024234356834218245,0.024234356834218245,0.024234356834218245,0.024234356834218245,0.024234356834218245,0.024234356834218245,0.024234356834218245
2019-06-21,-0.00495120490701881,-0.00495120490701881,-0.00495120490701881,-0.00495120490701881,-0.00495120490701881,-0.00495120490701881,-0.00495120490701881,-0.00495120490701881,-0.00495120490701881,-0.00495120490701881,-0.00495120490701881
2019-06-24,0.011166686902015827,0.011166686902015827,0.011166686902015827,0.011166686902015827,0.011166686902015827,0.011166686902015827,0.011166686902015827,0.011166686902015827,0.011166686902015827,0.011166686902015827,0.011166686902015827
2019-06-25,0.0023093853413853538,0.0023093853413853538,0.0023093853413853538,0.0023093853413853538,0.0023093853413853538,0.0023093853413853538,0.0023093853413853538,0.0023093853413853538,0.0023093853413853538,0.0023093853413853538,0.0023093853413853538
2019-06-26,-0.012744610030908614,-0.012744610030908614,-0.012744610030908614,-0.012744610030908614,-0.012744610030908614,-0.012744610030908614,-0.012744610030908614,-0.012744610030908614,-0.012744610030908614,-0.012744610030908614,-0.012744610030908614
2019-06-27,0.007743657571075138,0.007743657571075138,0.007743657571075138,0.007743657571075138,0.007743657571075138,0.007743657571075138,0.007743657571075138,0.007743657571075138,0.007743657571075138,0.007743657571075138,0.007743657571075138
2019-06-28,0.0011987121004832287,0.0011987121004832287,0.0011987121004832287,0.0011987121004832287,0.0011987121004832287,0.0011987121004832287,0.0011987121004832287,0.0011987121004832287,0.0011987121004832287,0.0011987121004832287,0.0011987121004832287
2019-07-01,-0.006846899714598021,-0.006846899714598021,-0.006846899714598021,-0.006846899714598021,-0.006846899714598021,-0.006846899714598021,-0.006846899714598021,-0.006846899714598021,-0.006846899714598021,-0.006846899714598021,-0.006846899714598021
2019-07-02,0.019146306588653555,0.019146306588653555,0.019146306588653555,0.019146306588653555,0.019146306588653555,0.019146306588653555,0.019146306588653555,0.019146306588653555,0.019146306588653555,0.019146306588653555,0.019146306588653555
2019-07-03,0.01090536525192448,0.01090536525192448,0.01090536525192448,0.01090536525192448,0.01090536525192448,0.01090536525192448,0.01090536525192448,0.01090536525192448,0.01090536525192448,0.01090536525192448,0.01090536525192448
2019-07-05,-0.011579942667696647,-0.011579942667696647,-0.011579942667696647,-0.011579942667696647,-0.011579942667696647,-0.011579942667696647,-0.011579942667696647,-0.011579942667696647,-0.011579942667696647,-0.011579942667696647,-0.011579942667696647
2019-07-08,-0.009713659290559331,-0.009713659290559331,-0.009713659290559331,-0.009713659290559331,-0.009713659290559331,-0.009713659290559331,-0.009713659290559331,-0.009713659290559331,-0.009713659290559331,-0.009713659290559331,-0.009713659290559331
2019-07-09,0.003048414548059541,0.003048414548059541,0.003048414548059541,0.003048414548059541,0.003048414548059541,0.003048414548059541,0.003048414548059541,0.003048414548059541,0.003048414548059541,0.003048414548059541,0.003048414548059541
2019-07-10,0.007637054189218747,0.007637054189218747,0.007637054189218747,0.007637054189218747,0.007637054189218747,0.007637054189218747,0.007637054189218747,0.007637054189218747,0.007637054189218747,0.007637054189218747,0.007637054189218747
2019-07-11,-0.014805764270914751,-0.014805764270914751,-0.014805764270914751,-0.014805764270914751,-0.014805764270914751,-0.014805764270914751,-0.014805764270914751,-0.014805764270914751,-0.014805764270914751,-0.014805764270914751,-0.014805764270914751
2019-07-12,0.00904932892595557,0.00904932892595557,0.00904932892595557,0.00904932892595557,0.00904932892595557,0.00904932892595557,0.00904932892595557,0.00904932892595557,0.00904932892595557,0.00904932892595557,0.00904932892595557
2019-07-15,0.004043160936832875,0.004043160936832875,0.004043160936832875,0.004043160936832875,0.004043160936832875,0.004043160936832875,0.004043160936832875,0.004043160936832875,0.004043160936832875,0.004043160936832875,0.004043160936832875
2019-07-16,-0.008246708596373786,-0.008246708596373786,-0.008246708596373786,-0.008246708596373786,-0.008246708596373786,-0.008246708596373786,-0.008246708596373786,-0.008246708596373786,-0.008246708596373786,-0.008246708596373786,-0.008246708596373786
2019-07-17,0.00939360593030607,0.00939360593030607,0.00939360593030607,0.00939360593030607,0.00939360593030607,0.00939360593030607,0.00939360593030607,0.00939360593030607,0.00939360593030607,0.00939360593030607,0.00939360593030607
2019-07-18,0.010386161110828327,0.010386161110828327,0.010386161110828327,0.010386161110828327,0.010386161110828327,0.010386161110828327,0.010386161110828327,0.010386161110828327,0.010130271576257463,0.009874382041686598,0.009362602972544869
2019-07-19,-0.013675686405173087,-0.013675686405173087,-0.013675686405173087,-0.013675686405173087,-0.013675686405173087,-0.013675686405173087,-0.013675686405173087,-0.013675686405173087,-0.013675686405173087,-0.013675686405173087,-0.013675686405173087
2019-07-22,0.004674862597976851,0.004674862597976851,0.004674862597976851,0.004674862597976851,0.004674862597976851,0.004674862597976851,0.004674862597976851,0.004674862597976851,0.004674862597976851,0.004674862597976851,0.004674862597976851
2019-07-23,-0.0031776659248776568,-0.0031776659248776568,-0.0031776659248776568,-0.0031776659248776568,-0.0031776659248776568,-0.0031776659248776568,-0.0031776659248776568,-0.0031776659248776568,-0.0031776659248776568,-0.0031776659248776568,-0.0031776659248776568
2019-07-24,0.010715527455013717,0.010715527455013717,0.010715527455013717,0.010715527455013717,0.010715527455013717,0.010715527455013717,0.010715527455013717,0.010715527455013717,0.010715527455013717,0.010715527455013717,0.010715527455013717
2019-07-25,-0.01369037844007738,-0.01369037844007738,-0.01369037844007738,-0.01369037844007738,-0.01369037844007738,-0.01369037844007738,-0.01369037844007738,-0.01369037844007738,-0.01369037844007738,-0.01369037844007738,-0.01369037844007738
2019-07-26,0.006575855875008252,0.006575855875008252,0.006575855875008252,0.006575855875008252,0.006575855875008252,0.006575855875008252,0.006575855875008252,0.006575855875008252,0.006575855875008252,0.006575855875008252,0.006575855875008252
2019-07-29,0.0022520200821631504,0.0022520200821631504,0.0022520200821631504,0.0022520200821631504,0.0022520200821631504,0.0022520200821631504,0.0022520200821631504,0.0022520200821631504,0.002502932933473265,0.00275384578478338,0.0032556714874036096
2019-07-30,0.0017587540003881773,0.0017587540003881773,0.0017587540003881773,0.0017587540003881773,0.0017587540003881773,0.0017587540003881773,0.0017587540003881773,0.0017587540003881773,0.0017587540003881773,0.0017587540003881773,0.0017587540003881773
2019-07-31,0.00010320330222669034,0.00010320330222669034,0.00010320330222669034,0.00010320330222669034,0.00010320330222669034,0.00010320330222669034,0.00010320330222669034,0.00010320330222669034,0.00010320330222669034,0.00010320330222669034,0.00010320330222669034
2019-08-01,-0.005009555049162246,-0.005009555049162246,-0.005009555049162246,-0.005009555049162246,-0.005009555049162246,-0.005009555049162246,-0.005009555049162246,-0.005009555049162246,-0.005009555049162246,-0.005009555049162246,-0.005009555049162246
2019-08-02,-0.009462557748888614,-0.009462557748888614,-0.009462557748888614,-0.009462557748888614,-0.009462557748888614,-0.009462557748888614,-0.009462557748888614,-0.009462557748888614,-0.009462557748888614,-0.009462557748888614,-0.009462557748888614
2019-08-05,-0.02453711287860672,-0.02453711287860672,-0.02453711287860672,-0.02453711287860672,-0.02453711287860672,-0.02453711287860672,-0.02453711287860672,-0.02453711287860672,-0.02453711287860672,-0.02453711287860672,-0.02453711287860672
2019-08-06,0.022568654423784716,0.022568654423784716,0.022568654423784716,0.022568654423784716,0.022568654423784716,0.022568654423784716,0.022568654423784716,0.022568654423784716,0.022568654423784716,0.022568654423784716,0.022568654423784716
2019-08-07,0.010062579201051254,0.010062579201051254,0.010062579201051254,0.010062579201051254,0.010062579201051254,0.010062579201051254,0.010062579201051254,0.010062579201051254,0.010062579201051254,0.010062579201051254,0.010062579201051254
2019-08-08,0.020577910531287633,0.020577910531287633,0.020577910531287633,0.020577910531287633,0.020577910531287633,0.020577910531287633,0.020577910531287633,0.020577910531287633,0.020577910531287633,0.020577910531287633,0.020577910531287633
2019-08-09,-0.007894130538335885,-0.007894130538335885,-0.007894130538335885,-0.007894130538335885,-0.007894130538335885,-0.007894130538335885,-0.007894130538335885,-0.007894130538335885,-0.007894130538335885,-0.007894130538335885,-0.007894130538335885
2019-08-12,0.0013031165136627462,0.0013031165136627462,0.0013031165136627462,0.0013031165136627462,0.0013031165136627462,0.0013031165136627462,0.0013031165136627462,0.0013031165136627462,0.0013031165136627462,0.0013031165136627462,0.0013031165136627462
2019-08-13,0.0029378638096630772,0.0029378638096630772,0.0029378638096630772,0.0029378638096630772,0.0029378638096630772,0.0029378638096630772,0.0029378638096630772,0.0029378638096630772,0.0029378638096630772,0.0029378638096630772,0.0029378638096630772
2019-08-14,0.002956464841104938,0.002956464841104938,0.002956464841104938,0.002956464841104938,0.002956464841104938,0.002956464841104938,0.002956464841104938,0.002956464841104938,0.002956464841104938,0.002956464841104938,0.002956464841104938
2019-08-15,0.016408410122258955,0.016408410122258955,0.016408410122258955,0.016408410122258955,0.016408410122258955,0.016408410122258955,0.016408410122258955,0.016408410122258955,0.016408410122258955,0.016408410122258955,0.016408410122258955
2019-08-16,-0.0007085061973109226,-0.0007085061973109226,-0.0007085061973109226,-0.0007085061973109226,-0.0007085061973109226,-0.0007085061973109226,-0.0007085061973109226,-0.0007085061973109226,-0.0007085061973109226,-0.0007085061973109226,-0.0007085061973109226
2019-08-19,-0.01034405338035803,-0.01034405338035803,-0.01034405338035803,-0.01034405338035803,-0.01034405338035803,-0.01034405338035803,-0.01034405338035803,-0.01034405338035803,-0.01034405338035803,-0.01034405338035803,-0.01034405338035803
2019-08-20,0.00229895637264446,0.00229895637264446,0.00229895637264446,0.00229895637264446,0.00229895637264446,0.00229895637264446,0.00229895637264446,0.00229895637264446,0.00229895637264446,0.00229895637264446,0.00229895637264446
2019-08-21,0.006633738392641526,0.006633738392641526,0.006633738392641526,0.006633738392641526,0.006633738392641526,0.006633738392641526,0.006633738392641526,0.006633738392641526,0.006633738392641526,0.006633738392641526,0.006633738392641526
2019-08-22,-0.009190714831543285,-0.009190714831543285,-0.009190714831543285,-0.009190714831543285,-0.009190714831543285,-0.009190714831543285,-0.009190714831543285,-0.009190714831543285,-0.009190714831543285,-0.009190714831543285,-0.009190714831543285
2019-08-23,-0.016588301397917643,-0.016588301397917643,-0.016588301397917643,-0.016588301397917643,-0.016588301397917643,-0.016588301397917643,-0.016588301397917643,-0.016588301397917643,-0.016588301397917643,-0.016588301397917643,-0.016588301397917643
2019-08-26,0.008661126671050517,0.008661126671050517,0.008661126671050517,0.008661126671050517,0.008661126671050517,0.008661126671050517,0.008661126671050517,0.008661126671050517,0.007716376916912375,0.006771627162774233,0.004882127654497949
2019-08-27,0.010019397393497442,0.010019397393497442,0.010019397393497442,0.010019397393497442,0.010019397393497442,0.010019397393497442,0.010019397393497442,0.010019397393497442,0.010019397393497442,0.010019397393497442,0.010019397393497442
2019-08-28,0.005598406984317929,0.005598406984317929,0.005598406984317929,0.005598406984317929,0.005598406984317929,0.005598406984317929,0.005598406984317929,0.005598406984317929,0.005598406984317929,0.005598406984317929,0.005598406984317929
2019-08-29,0.009161098884696014,0.009161098884696014,0.009161098884696014,0.009161098884696014,0.009161098884696014,0.009161098884696014,0.009161098884696014,0.009161098884696014,0.009161098884696014,0.009161098884696014,0.009161098884696014
2019-08-30,-0.001453067254525007,-0.001453067254525007,-0.001453067254525007,-0.001453067254525007,-0.001453067254525007,-0.001453067254525007,-0.001453067254525007,-0.001453067254525007,-0.001453067254525007,-0.001453067254525007,-0.001453067254525007
2019-09-03,-0.003860131963063625,-0.003860131963063625,-0.003860131963063625,-0.003860131963063625,-0.003860131963063625,-0.003860131963063625,-0.003860131963063625,-0.003860131963063625,-0.003860131963063625,-0.003860131963063625,-0.003860131963063625
2019-09-04,0.0112985928301825,0.0112985928301825,0.0112985928301825,0.0112985928301825,0.0112985928301825,0.0112985928301825,0.0112985928301825,0.0112985928301825,0.0112985928301825,0.0112985928301825,0.0112985928301825
2019-09-05,-0.005477590587123512,-0.005477590587123512,-0.005477590587123512,-0.005477590587123512,-0.005477590587123512,-0.005477590587123512,-0.005477590587123512,-0.005477590587123512,-0.005477590587123512,-0.005477590587123512,-0.005477590587123512
2019-09-06,0.0027844092951674346,0.0027844092951674346,0.0027844092951674346,0.0027844092951674346,0.0027844092951674346,0.0027844092951674346,0.0027844092951674346,0.0027844092951674346,0.0027844092951674346,0.0027844092951674346,0.0027844092951674346
2019-09-09,-0.007204723274473785,-0.007204723274473785,-0.007204723274473785,-0.007204723274473785,-0.007204723274473785,-0.007204723274473785,-0.007204723274473785,-0.007204723274473785,-0.007204723274473785,-0.007204723274473785,-0.007204723274473785
2019-09-10,-0.014273156518331954,-0.014273156518331954,-0.014273156518331954,-0.014273156518331954,-0.014273156518331954,-0.014273156518331954,-0.014273156518331954,-0.014273156518331954,-0.014273156518331954,-0.014273156518331954,-0.014273156518331954
2019-09-11,0.008979582571884736,0.008979582571884736,0.008979582571884736,0.008979582571884736,0.008979582571884736,0.008979582571884736,0.008979582571884736,0.008979582571884736,0.008979582571884736,0.008979582571884736,0.008979582571884736
2019-09-12,0.0027225784348975752,0.0027225784348975752,0.0027225784348975752,0.0027225784348975752,0.0027225784348975752,0.0027225784348975752,0.0027225784348975752,0.0027225784348975752,0.0027225784348975752,0.0027225784348975752,0.0027225784348975752
2019-09-13,-0.015677752002896603,-0.015677752002896603,-0.015677752002896603,-0.015677752002896603,-0.015677752002896603,-0.015677752002896603,-0.015677752002896603,-0.015677752002896603,-0.015677752002896603,-0.015677752002896603,-0.015677752002896603
2019-09-16,0.008764950271310698,0.008764950271310698,0.008764950271310698,0.008764950271310698,0.008764950271310698,0.008764950271310698,0.008764950271310698,0.008764950271310698,0.008764950271310698,0.008764950271310698,0.008764950271310698
2019-09-17,0.006789467924768661,0.006789467924768661,0.006789467924768661,0.006789467924768661,0.006789467924768661,0.006789467924768661,0.006789467924768661,0.006789467924768661,0.006515519274121222,0.006241570623473783,0.005693673322178905
2019-09-18,0.004540788750847896,0.004540788750847896,0.004540788750847896,0.004540788750847896,0.004540788750847896,0.004540788750847896,0.004540788750847896,0.004540788750847896,0.004540788750847896,0.004540788750847896,0.004540788750847896
2019-09-19,0.006136903899539434,0.006136903899539434,0.006136903899539434,0.006136903899539434,0.006136903899539434,0.006136903899539434,0.006136903899539434,0.006136903899539434,0.006136903899539434,0.006136903899539434,0.006136903899539434
2019-09-20,0.00306915085214326,0.00306915085214326,0.00306915085214326,0.00306915085214326,0.00306915085214326,0.00306915085214326,0.00306915085214326,0.00306915085214326,0.00306915085214326,0.00306915085214326,0.00306915085214326
2019-09-23,0.0041168261155269375,0.0041168261155269375,0.0041168261155269375,0.0041168261155269375,0.0041168261155269375,0.0041168261155269375,0.0041168261155269375,0.0041168261155269375,0.0041168261155269375,0.0041168261155269375,0.0041168261155269375
2019-09-24,-0.0030376941893356974,-0.0030376941893356974,-0.0030376941893356974,-0.0030376941893356974,-0.0030376941893356974,-0.0030376941893356974,-0.0030376941893356974,-0.0030376941893356974,-0.0030376941893356974,-0.0030376941893356974,-0.0030376941893356974
2019-09-25,-0.01667166498310273,-0.01667166498310273,-0.01667166498310273,-0.01667166498310273,-0.01667166498310273,-0.01667166498310273,-0.01667166498310273,-0.01667166498310273,-0.01667166498310273,-0.01667166498310273,-0.01667166498310273
2019-09-26,0.003003834819534679,0.003003834819534679,0.003003834819534679,0.003003834819534679,0.003003834819534679,0.003003834819534679,0.003003834819534679,0.003003834819534679,0.003003834819534679,0.003003834819534679,0.003003834819534679
2019-09-27,-0.005305299292551245,-0.005305299292551245,-0.005305299292551245,-0.005305299292551245,-0.005305299292551245,-0.005305299292551245,-0.005305299292551245,-0.005305299292551245,-0.005305299292551245,-0.005305299292551245,-0.005305299292551245
2019-09-30,-0.001610446394268639,-0.001610446394268639,-0.001610446394268639,-0.001610446394268639,-0.001610446394268639,-0.001610446394268639,-0.001610446394268639,-0.001610446394268639,-0.001610446394268639,-0.001610446394268639,-0.001610446394268639
2019-10-01,-0.017186620020581262,-0.017186620020581262,-0.017186620020581262,-0.017186620020581262,-0.017186620020581262,-0.017186620020581262,-0.017186620020581262,-0.017186620020581262,-0.017186620020581262,-0.017186620020581262,-0.017186620020581262
2019-10-02,-0.021816073438193015,-0.021816073438193015,-0.021816073438193015,-0.021816073438193015,-0.021816073438193015,-0.021816073438193015,-0.021816073438193015,-0.021816073438193015,-0.021816073438193015,-0.021816073438193015,-0.021816073438193015
2019-10-03,0.014966245917845651,0.014966245917845651,0.014966245917845651,0.014966245917845651,0.014966245917845651,0.014966245917845651,0.014966245917845651,0.014966245917845651,0.014966245917845651,0.014966245917845651,0.014966245917845651
2019-10-04,0.023459108018818703,0.023459108018818703,0.023459108018818703,0.023459108018818703,0.023459108018818703,0.023459108018818703,0.023459108018818703,0.023459108018818703,0.023459108018818703,0.023459108018818703,0.023459108018818703
2019-10-07,-0.011587724436218805,-0.011587724436218805,-0.011587724436218805,-0.011587724436218805,-0.011587724436218805,-0.011587724436218805,-0.011587724436218805,-0.011587724436218805,-0.011587724436218805,-0.011587724436218805,-0.011587724436218805
2019-10-08,-0.01940423388827781,-0.01940423388827781,-0.01940423388827781,-0.01940423388827781,-0.01940423388827781,-0.01940423388827781,-0.01940423388827781,-0.01940423388827781,-0.01940423388827781,-0.01940423388827781,-0.01940423388827781
2019-10-09,0.006011779329757181,0.006011779329757181,0.006011779329757181,0.006011779329757181,0.006011779329757181,0.006011779329757181,0.006011779329757181,0.006011779329757181,0.005106550971347847,0.004201322612938515,0.0023908658961198474
2019-10-10,-0.0021132381336528465,-0.0021132381336528465,-0.0021132381336528465,-0.0021132381336528465,-0.0021132381336528465,-0.0021132381336528465,-0.0021132381336528465,-0.0021132381336528465,-0.0021132381336528465,-0.0021132381336528465,-0.0021132381336528465
2019-10-11,-0.005335956954847683,-0.005335956954847683,-0.005335956954847683,-0.005335956954847683,-0.005335956954847683,-0.005335956954847683,-0.005335956954847683,-0.005335956954847683,-0.005335956954847683,-0.005335956954847683,-0.005335956954847683
2019-10-14,0.011670194763588368,0.011670194763588368,0.011670194763588368,0.011670194763588368,0.011670194763588368,0.011670194763588368,0.011670194763588368,0.011670194763588368,0.011670194763588368,0.011670194763588368,0.011670194763588368
2019-10-15,-0.0019658763887836724,-0.0019658763887836724,-0.0019658763887836724,-0.0019658763887836724,-0.0019658763887836724,-0.0019658763887836724,-0.0019658763887836724,-0.0019658763887836724,-0.0019658763887836724,-0.0019658763887836724,-0.0019658763887836724
2019-10-16,0.006139812269572147,0.006139812269572147,0.006139812269572147,0.006139812269572147,0.006139812269572147,0.006139812269572147,0.006139812269572147,0.006139812269572147,0.006139812269572147,0.006139812269572147,0.006139812269572147
2019-10-17,0.0020347855898742366,0.0020347855898742366,0.0020347855898742366,0.0020347855898742366,0.0020347855898742366,0.0020347855898742366,0.0020347855898742366,0.0020347855898742366,0.0020347855898742366,0.0020347855898742366,0.0020347855898742366
2019-10-18,-0.0025527803506225134,-0.0025527803506225134,-0.0025527803506225134,-0.0025527803506225134,-0.0025527803506225134,-0.0025527803506225134,-0.0025527803506225134,-0.0025527803506225134,-0.0025527803506225134,-0.0025527803506225134,-0.0025527803506225134
2019-10-21,0.0015177980619506684,0.0015177980619506684,0.0015177980619506684,0.0015177980619506684,0.0015177980619506684,0.0015177980619506684,0.0015177980619506684,0.0015177980619506684,0.0015177980619506684,0.0015177980619506684,0.0015177980619506684
2019-10-22,0.0002525558436666143,0.0002525558436666143,0.0002525558436666143,0.0002525558436666143,0.0002525558436666143,0.0002525558436666143,0.0002525558436666143,0.0002525558436666143,0.0002525558436666143,0.0002525558436666143,0.0002525558436666143
2019-10-23,0.005015828706851711,0.005015828706851711,0.005015828706851711,0.005015828706851711,0.005015828706851711,0.005015828706851711,0.005015828706851711,0.005015828706851711,0.005015828706851711,0.005015828706851711,0.005015828706851711
2019-10-24,0.006560523737348543,0.006560523737348543,0.006560523737348543,0.006560523737348543,0.006560523737348543,0.006560523737348543,0.006560523737348543,0.006560523737348543,0.006560523737348543,0.006560523737348543,0.006560523737348543
2019-10-25,0.0020152161149123897,0.0020152161149123897,0.0020152161149123897,0.0020152161149123897,0.0020152161149123897,0.0020152161149123897,0.0020152161149123897,0.0020152161149123897,0.0020152161149123897,0.0020152161149123897,0.0020152161149123897
2019-10-28,-0.016387939821892517,-0.016387939821892517,-0.016387939821892517,-0.016387939821892517,-0.016387939821892517,-0.016387939821892517,-0.016387939821892517,-0.016387939821892517,-0.016387939821892517,-0.016387939821892517,-0.016387939821892517
2019-10-29,-0.00043432328479926145,-0.00043432328479926145,-0.00043432328479926145,-0.00043432328479926145,-0.00043432328479926145,-0.00043432328479926145,-0.00043432328479926145,-0.00043432328479926145,-0.00043432328479926145,-0.00043432328479926145,-0.00043432328479926145
2019-10-30,0.024411945080914224,0.024411945080914224,0.024411945080914224,0.024411945080914224,0.024411945080914224,0.024411945080914224,0.024411945080914224,0.024411945080914224,0.024411945080914224,0.024411945080914224,0.024411945080914224
2019-10-31,0.018782977714380877,0.018782977714380877,0.018782977714380877,0.018782977714380877,0.018782977714380877,0.018782977714380877,0.018782977714380877,0.018782977714380877,0.018782977714380877,0.018782977714380877,0.018782977714380877
2019-11-01,0.01892419769520453,0.01892419769520453,0.01892419769520453,0.01892419769520453,0.01892419769520453,0.01892419769520453,0.01892419769520453,0.01892419769520453,0.01892419769520453,0.01892419769520453,0.01892419769520453
2019-11-04,0.0003577133396980014,0.0003577133396980014,0.0003577133396980014,0.0003577133396980014,0.0003577133396980014,0.0003577133396980014,0.0003577133396980014,0.0003577133396980014,0.0003577133396980014,0.0003577133396980014,0.0003577133396980014
2019-11-05,-0.014535436330147426,-0.014535436330147426,-0.014535436330147426,-0.014535436330147426,-0.014535436330147426,-0.014535436330147426,-0.014535436330147426,-0.014535436330147426,-0.014535436330147426,-0.014535436330147426,-0.014535436330147426
2019-11-06,0.0032638068718452147,0.0032638068718452147,0.0032638068718452147,0.0032638068718452147,0.0032638068718452147,0.0032638068718452147,0.0032638068718452147,0.0032638068718452147,0.0032638068718452147,0.0032638068718452147,0.0032638068718452147
2019-11-07,-0.005401108398124136,-0.005401108398124136,-0.005401108398124136,-0.005401108398124136,-0.005401108398124136,-0.005401108398124136,-0.005401108398124136,-0.005401108398124136,-0.005803552374900964,-0.006205996351677791,-0.007010884305231447
2019-11-08,0.0006121610363810079,0.0006121610363810079,0.0006121610363810079,0.0006121610363810079,0.0006121610363810079,0.0006121610363810079,0.0006121610363810079,0.0006121610363810079,0.0006121610363810079,0.0006121610363810079,0.0006121610363810079
2019-11-11,-0.001600791487496397,-0.001600791487496397,-0.001600791487496397,-0.001600791487496397,-0.001600791487496397,-0.001600791487496397,-0.001600791487496397,-0.001600791487496397,-0.001600791487496397,-0.001600791487496397,-0.001600791487496397
2019-11-12,0.006828644487610735,0.006828644487610735,0.006828644487610735,0.006828644487610735,0.006828644487610735,0.006828644487610735,0.006828644487610735,0.006828644487610735,0.006828644487610735,0.006828644487610735,0.006828644487610735
2019-11-13,0.005144570595603934,0.005144570595603934,0.005144570595603934,0.005144570595603934,0.005144570595603934,0.005144570595603934,0.005144570595603934,0.005144570595603934,0.005144570595603934,0.005144570595603934,0.005144570595603934
2019-11-14,0.010365141225019012,0.010365141225019012,0.010365141225019012,0.010365141225019012,0.010365141225019012,0.010365141225019012,0.010365141225019012,0.010365141225019012,0.010365141225019012,0.010365141225019012,0.010365141225019012
2019-11-15,0.009489919056751613,0.009489919056751613,0.009489919056751613,0.009489919056751613,0.009489919056751613,0.009489919056751613,0.009489919056751613,0.009489919056751613,0.009489919056751613,0.009489919056751613,0.009489919056751613
2019-11-18,0.0029507415724006718,0.0029507415724006718,0.0029507415724006718,0.0029507415724006718,0.0029507415724006718,0.0029507415724006718,0.0029507415724006718,0.0029507415724006718,0.0029507415724006718,0.0029507415724006718,0.0029507415724006718
2019-11-19,0.0031218940294487274,0.0031218940294487274,0.0031218940294487274,0.0031218940294487274,0.0031218940294487274,0.0031218940294487274,0.0031218940294487274,0.0031218940294487274,0.0031218940294487274,0.0031218940294487274,0.0031218940294487274
2019-11-20,0.002416601547071997,0.002416601547071997,0.002416601547071997,0.002416601547071997,0.002416601547071997,0.002416601547071997,0.002416601547071997,0.002416601547071997,0.002416601547071997,0.002416601547071997,0.002416601547071997
2019-11-21,-0.008377151188555284,-0.008377151188555284,-0.008377151188555284,-0.008377151188555284,-0.008377151188555284,-0.008377151188555284,-0.008377151188555284,-0.008377151188555284,-0.008377151188555284,-0.008377151188555284,-0.008377151188555284
2019-11-22,0.0052683783402588695,0.0052683783402588695,0.0052683783402588695,0.0052683783402588695,0.0052683783402588695,0.0052683783402588695,0.0052683783402588695,0.0052683783402588695,0.0052683783402588695,0.0052683783402588695,0.0052683783402588695
2019-11-25,0.0026439725593625455,0.0026439725593625455,0.0026439725593625455,0.0026439725593625455,0.0026439725593625455,0.0026439725593625455,0.0026439725593625455,0.0026439725593625455,0.0008505030230690639,-0.0009429665132244169,-0.004529905585811379
2019-11-26,0.008814644524057232,0.008814644524057232,0.008814644524057232,0.008814644524057232,0.008814644524057232,0.008814644524057232,0.008814644524057232,0.008814644524057232,0.008814644524057232,0.008814644524057232,0.008814644524057232
2019-11-27,-0.005982925119598798,-0.005982925119598798,-0.005982925119598798,-0.005982925119598798,-0.005982925119598798,-0.005982925119598798,-0.005982925119598798,-0.005982925119598798,-0.005982925119598798,-0.005982925119598798,-0.005982925119598798
2019-11-29,-0.0009603925770986105,-0.0009603925770986105,-0.0009603925770986105,-0.0009603925770986105,-0.0009603925770986105,-0.0009603925770986105,-0.0009603925770986105,-0.0009603925770986105,-0.0009603925770986105,-0.0009603925770986105,-0.0009603925770986105
2019-12-02,-0.01796318682526562,-0.01796318682526562,-0.01796318682526562,-0.01796318682526562,-0.01796318682526562,-0.01796318682526562,-0.01796318682526562,-0.01796318682526562,-0.01796318682526562,-0.01796318682526562,-0.01796318682526562
2019-12-03,-0.009060962390447326,-0.009060962390447326,-0.009060962390447326,-0.009060962390447326,-0.009060962390447326,-0.009060962390447326,-0.009060962390447326,-0.009060962390447326,-0.009060962390447326,-0.009060962390447326,-0.009060962390447326
2019-12-04,0.012893657334365127,0.012893657334365127,0.012893657334365127,0.012893657334365127,0.012893657334365127,0.012893657334365127,0.012893657334365127,0.012893657334365127,0.011263472004104864,0.009633286673844601,0.006372916013324076
2019-12-05,0.0029122366267258027,0.0029122366267258027,0.0029122366267258027,0.0029122366267258027,0.0029122366267258027,0.0029122366267258027,0.0029122366267258027,0.0029122366267258027,0.0029122366267258027,0.0029122366267258027,0.0029122366267258027
2019-12-06,0.00925800446592883,0.00925800446592883,0.00925800446592883,0.00925800446592883,0.00925800446592883,0.00925800446592883,0.00925800446592883,0.00925800446592883,0.00925800446592883,0.00925800446592883,0.00925800446592883
2019-12-09,-0.00844092551125166,-0.00844092551125166,-0.00844092551125166,-0.00844092551125166,-0.00844092551125166,-0.00844092551125166,-0.00844092551125166,-0.00844092551125166,-0.00844092551125166,-0.00844092551125166,-0.00844092551125166
2019-12-10,0.0007495657349243566,0.0007495657349243566,0.0007495657349243566,0.0007495657349243566,0.0007495657349243566,0.0007495657349243566,0.0007495657349243566,0.0007495657349243566,0.0007495657349243566,0.0007495657349243566,0.0007495657349243566
2019-12-11,0.012318368807396325,0.012318368807396325,0.012318368807396325,0.012318368807396325,0.012318368807396325,0.012318368807396325,0.012318368807396325,0.012318368807396325,0.012318368807396325,0.012318368807396325,0.012318368807396325
2019-12-12,0.003528452235243477,0.003528452235243477,0.003528452235243477,0.003528452235243477,0.003528452235243477,0.003528452235243477,0.003528452235243477,0.003528452235243477,0.003528452235243477,0.003528452235243477,0.003528452235243477
2019-12-13,0.014166650232745789,0.014166650232745789,0.014166650232745789,0.014166650232745789,0.014166650232745789,0.014166650232745789,0.014166650232745789,0.014166650232745789,0.014166650232745789,0.014166650232745789,0.014166650232745789
2019-12-16,0.0038508231567756734,0.0038508231567756734,0.0038508231567756734,0.0038508231567756734,0.0038508231567756734,0.0038508231567756734,0.0038508231567756734,0.0038508231567756734,0.0038508231567756734,0.0038508231567756734,0.0038508231567756734
2019-12-17,0.0003115381925663232,0.0003115381925663232,0.0003115381925663232,0.0003115381925663232,0.0003115381925663232,0.0003115381925663232,0.0003115381925663232,0.0003115381925663232,0.0003115381925663232,0.0003115381925663232,0.0003115381925663232
2019-12-18,-0.004925875133699305,-0.004925875133699305,-0.004925875133699305,-0.004925875133699305,-0.004925875133699305,-0.004925875133699305,-0.004925875133699305,-0.004925875133699305,-0.004925875133699305,-0.004925875133699305,-0.004925875133699305
2019-12-19,0.008889859641127021,0.008889859641127021,0.008889859641127021,0.008889859641127021,0.008889859641127021,0.008889859641127021,0.008889859641127021,0.008889859641127021,0.008889859641127021,0.008889859641127021,0.008889859641127021
2019-12-20,0.002556730256122106,0.002556730256122106,0.002556730256122106,0.002556730256122106,0.002556730256122106,0.002556730256122106,0.002556730256122106,0.002556730256122106,0.002556730256122106,0.002556730256122106,0.002556730256122106
2019-12-23,0.0012970490600462043,0.0012970490600462043,0.0012970490600462043,0.0012970490600462043,0.0012970490600462043,0.0012970490600462043,0.0012970490600462043,0.0012970490600462043,0.0012970490600462043,0.0012970490600462043,0.0012970490600462043
2019-12-24,0.012279166373875262,0.012279166373875262,0.012279166373875262,0.012279166373875262,0.012279166373875262,0.012279166373875262,0.012279166373875262,0.012279166373875262,0.012279166373875262,0.012279166373875262,0.012279166373875262
2019-12-26,0.008680039382149235,0.008680039382149235,0.008680039382149235,0.008680039382149235,0.008680039382149235,0.008680039382149235,0.008680039382149235,0.008680039382149235,0.008680039382149235,0.008680039382149235,0.008680039382149235
2019-12-27,-0.0025518155176454975,-0.0025518155176454975,-0.0025518155176454975,-0.0025518155176454975,-0.0025518155176454975,-0.0025518155176454975,-0.0025518155176454975,-0.0025518155176454975,-0.0025518155176454975,-0.0025518155176454975,-0.0025518155176454975
2019-12-30,-0.006759360870890449,-0.006759360870890449,-0.006759360870890449,-0.006759360870890449,-0.006759360870890449,-0.006759360870890449,-0.006759360870890449,-0.006759360870890449,-0.006759360870890449,-0.006759360870890449,-0.006759360870890449
2019-12-31,-0.004085747045528755,-0.004085747045528755,-0.004085747045528755,-0.004085747045528755,-0.004085747045528755,-0.004085747045528755,-0.004085747045528755,-0.004085747045528755,-0.004085747045528755,-0.004085747045528755,-0.004085747045528755
2020-01-02,0.01929379467237414,0.01929379467237414,0.01929379467237414,0.01929379467237414,0.01929379467237414,0.01929379467237414,0.01929379467237414,0.01929379467237414,0.01929379467237414,0.01929379467237414,0.01929379467237414
2020-01-03,-0.003000999652052463,-0.003000999652052463,-0.003000999652052463,-0.003000999652052463,-0.003000999652052463,-0.003000999652052463,-0.003000999652052463,-0.003000999652052463,-0.003000999652052463,-0.003000999652052463,-0.003000999652052463
2020-01-06,0.009860225369946143,0.009860225369946143,0.009860225369946143,0.009860225369946143,0.009860225369946143,0.009860225369946143,0.009860225369946143,0.009860225369946143,0.009860225369946143,0.009860225369946143,0.009860225369946143
2020-01-07,-0.00023992980941173604,-0.00023992980941173604,-0.00023992980941173604,-0.00023992980941173604,-0.00023992980941173604,-0.00023992980941173604,-0.00023992980941173604,-0.00023992980941173604,-0.00023992980941173604,-0.00023992980941173604,-0.00023992980941173604
2020-01-08,0.0029886858516771195,0.0029886858516771195,0.0029886858516771195,0.0029886858516771195,0.0029886858516771195,0.0029886858516771195,0.0029886858516771195,0.0029886858516771195,0.0029886858516771195,0.0029886858516771195,0.0029886858516771195
2020-01-09,0.008379226827401593,0.008379226827401593,0.008379226827401593,0.008379226827401593,0.008379226827401593,0.008379226827401593,0.008379226827401593,0.008379226827401593,0.008379226827401593,0.008379226827401593,0.008379226827401593
2020-01-10,0.005329813062692054,0.005329813062692054,0.005329813062692054,0.005329813062692054,0.005329813062692054,0.005329813062692054,0.005329813062692054,0.005329813062692054,0.005329813062692054,0.005329813062692054,0.005329813062692054
2020-01-13,0.0019584043896179923,0.0019584043896179923,0.0019584043896179923,0.0019584043896179923,0.0019584043896179923,0.0019584043896179923,0.0019584043896179923,0.0019584043896179923,0.0019584043896179923,0.0019584043896179923,0.0019584043896179923
2020-01-14,0.002125473825585182,0.002125473825585182,0.002125473825585182,0.002125473825585182,0.002125473825585182,0.002125473825585182,0.002125473825585182,0.002125473825585182,0.002125473825585182,0.002125473825585182,0.002125473825585182
2020-01-15,0.008236933167849186,0.008236933167849186,0.008236933167849186,0.008236933167849186,0.008236933167849186,0.008236933167849186,0.008236933167849186,0.008236933167849186,0.008236933167849186,0.008236933167849186,0.008236933167849186
2020-01-16,0.006826305424047644,0.006826305424047644,0.006826305424047644,0.006826305424047644,0.006826305424047644,0.006826305424047644,0.006826305424047644,0.006826305424047644,0.006826305424047644,0.006826305424047644,0.006826305424047644
2020-01-17,-0.0011408936294243434,-0.0011408936294243434,-0.0011408936294243434,-0.0011408936294243434,-0.0011408936294243434,-0.0011408936294243434,-0.0011408936294243434,-0.0011408936294243434,-0.0011408936294243434,-0.0011408936294243434,-0.0011408936294243434
2020-01-21,0.0038671478220940517,0.0038671478220940517,0.0038671478220940517,0.0038671478220940517,0.0038671478220940517,0.0038671478220940517,0.0038671478220940517,0.0038671478220940517,0.0038671478220940517,0.0038671478220940517,0.0038671478220940517
2020-01-22,-5.865932006338062e-05,-5.865932006338062e-05,-5.865932006338062e-05,-5.865932006338062e-05,-5.865932006338062e-05,-5.865932006338062e-05,-5.865932006338062e-05,-5.865932006338062e-05,-5.865932006338062e-05,-5.865932006338062e-05,-5.865932006338062e-05
2020-01-23,0.004573000667591796,0.004573000667591796,0.004573000667591796,0.004573000667591796,0.004573000667591796,0.004573000667591796,0.004573000667591796,0.004573000667591796,0.004573000667591796,0.004573000667591796,0.004573000667591796
2020-01-24,0.005882223933018026,0.005882223933018026,0.005882223933018026,0.005882223933018026,0.005882223933018026,0.005882223933018026,0.005882223933018026,0.005882223933018026,0.005882223933018026,0.005882223933018026,0.005882223933018026
2020-01-27,0.028163139675714204,0.028163139675714204,0.028163139675714204,0.028163139675714204,0.028163139675714204,0.028163139675714204,0.028163139675714204,0.028163139675714204,0.028163139675714204,0.028163139675714204,0.028163139675714204
2020-01-28,-0.017812375356821283,-0.017812375356821283,-0.017812375356821283,-0.017812375356821283,-0.017812375356821283,-0.017812375356821283,-0.017812375356821283,-0.017812375356821283,-0.017812375356821283,-0.017812375356821283,-0.017812375356821283
2020-01-29,0.011079467970854193,0.011079467970854193,0.011079467970854193,0.011079467970854193,0.011079467970854193,0.011079467970854193,0.011079467970854193,0.011079467970854193,0.011079467970854193,0.011079467970854193,0.011079467970854193
2020-01-30,0.0016399870109089052,0.0016399870109089052,0.0016399870109089052,0.0016399870109089052,0.0016399870109089052,0.0016399870109089052,0.0016399870109089052,0.0016399870109089052,0.0016399870109089052,0.0016399870109089052,0.0016399870109089052
2020-01-31,-0.0021194325353813027,-0.0021194325353813027,-0.0021194325353813027,-0.0021194325353813027,-0.0021194325353813027,-0.0021194325353813027,-0.0021194325353813027,-0.0021194325353813027,-0.0021194325353813027,-0.0021194325353813027,-0.0021194325353813027
2020-02-03,0.0029287958299563247,0.0029287958299563247,0.0029287958299563247,0.0029287958299563247,0.0029287958299563247,0.0029287958299563247,0.0029287958299563247,0.0029287958299563247,0.0029287958299563247,0.0029287958299563247,0.0029287958299563247
2020-02-04,0.0023728322345032016,0.0023728322345032016,0.0023728322345032016,0.0023728322345032016,0.0023728322345032016,0.0023728322345032016,0.0023728322345032016,0.0023728322345032016,0.0023728322345032016,0.0023728322345032016,0.0023728322345032016
2020-02-05,0.009079296965234684,0.009079296965234684,0.009079296965234684,0.009079296965234684,0.009079296965234684,0.009079296965234684,0.009079296965234684,0.009079296965234684,0.009079296965234684,0.009079296965234684,0.009079296965234684
2020-02-06,0.00768736081996809,0.00768736081996809,0.00768736081996809,0.00768736081996809,0.00768736081996809,0.00768736081996809,0.00768736081996809,0.00768736081996809,0.00768736081996809,0.00768736081996809,0.00768736081996809
2020-02-07,-0.0006946301419639355,-0.0006946301419639355,-0.0006946301419639355,-0.0006946301419639355,-0.0006946301419639355,-0.0006946301419639355,-0.0006946301419639355,-0.0006946301419639355,-0.0006946301419639355,-0.0006946301419639355,-0.0006946301419639355
2020-02-10,0.00855533020399716,0.00855533020399716,0.00855533020399716,0.00855533020399716,0.00855533020399716,0.00855533020399716,0.00855533020399716,0.00855533020399716,0.00855533020399716,0.00855533020399716,0.00855533020399716
2020-02-11,-0.0034969223422512273,-0.0034969223422512273,-0.0034969223422512273,-0.0034969223422512273,-0.0034969223422512273,-0.0034969223422512273,-0.0034969223422512273,-0.0034969223422512273,-0.0034969223422512273,-0.0034969223422512273,-0.0034969223422512273
2020-02-12,0.0010621726275086216,0.0010621726275086216,0.0010621726275086216,0.0010621726275086216,0.0010621726275086216,0.0010621726275086216,0.0010621726275086216,0.0010621726275086216,0.0010621726275086216,0.0010621726275086216,0.0010621726275086216
2020-02-13,0.006273103268296341,0.006273103268296341,0.006273103268296341,0.006273103268296341,0.006273103268296341,0.006273103268296341,0.006273103268296341,0.006273103268296341,0.006273103268296341,0.006273103268296341,0.006273103268296341
2020-02-14,0.00725936991306496,0.00725936991306496,0.00725936991306496,0.00725936991306496,0.00725936991306496,0.00725936991306496,0.00725936991306496,0.00725936991306496,0.00725936991306496,0.00725936991306496,0.00725936991306496
2020-02-18,0.01160967913239934,0.01160967913239934,0.01160967913239934,0.01160967913239934,0.01160967913239934,0.01160967913239934,0.01160967913239934,0.01160967913239934,0.01160967913239934,0.01160967913239934,0.01160967913239934
2020-02-19,0.00859782794368941,0.00859782794368941,0.00859782794368941,0.00859782794368941,0.00859782794368941,0.00859782794368941,0.00859782794368941,0.00859782794368941,0.00859782794368941,0.00859782794368941,0.00859782794368941
2020-02-20,0.004597203553840685,0.004597203553840685,0.004597203553840685,0.004597203553840685,0.004597203553840685,0.004597203553840685,0.004597203553840685,0.004597203553840685,0.004597203553840685,0.004597203553840685,0.004597203553840685
2020-02-21,0.007854920169987975,0.007854920169987975,0.007854920169987975,0.007854920169987975,0.007854920169987975,0.007854920169987975,0.007854920169987975,0.007854920169987975,0.007854920169987975,0.007854920169987975,0.007854920169987975
2020-02-24,-0.007675069540178401,-0.007675069540178401,-0.007675069540178401,-0.007675069540178401,-0.007675069540178401,-0.007675069540178401,-0.007675069540178401,-0.007675069540178401,-0.007675069540178401,-0.007675069540178401,-0.007675069540178401
2020-02-25,-0.028424107788905414,-0.028424107788905414,-0.028424107788905414,-0.028424107788905414,-0.028424107788905414,-0.028424107788905414,-0.028424107788905414,-0.028424107788905414,-0.028424107788905414,-0.028424107788905414,-0.028424107788905414
2020-02-26,-0.004878656302139853,-0.004878656302139853,-0.004878656302139853,-0.004878656302139853,-0.004878656302139853,-0.004878656302139853,-0.004878656302139853,-0.004878656302139853,-0.004878656302139853,-0.004878656302139853,-0.004878656302139853
2020-02-27,0.018392320222156693,0.018392320222156693,0.018392320222156693,0.018392320222156693,0.018392320222156693,0.018392320222156693,0.018392320222156693,0.018392320222156693,0.018392320222156693,0.018392320222156693,0.018392320222156693
2020-02-28,-0.00040814945085716124,-0.00040814945085716124,-0.00040814945085716124,-0.00040814945085716124,-0.00040814945085716124,-0.00040814945085716124,-0.00040814945085716124,-0.00040814945085716124,-0.00040814945085716124,-0.00040814945085716124,-0.00040814945085716124
2020-03-02,0.02142677874040774,0.02142677874040774,0.02142677874040774,0.02142677874040774,0.02142677874040774,0.02142677874040774,0.02142677874040774,0.02142677874040774,0.02142677874040774,0.02142677874040774,0.02142677874040774
2020-03-03,0.03243663448796165,0.03243663448796165,0.03243663448796165,0.03243663448796165,0.03243663448796165,0.03243663448796165,0.03243663448796165,0.03243663448796165,0.03243663448796165,0.03243663448796165,0.03243663448796165
2020-03-04,0.009458330095991067,0.009458330095991067,0.009458330095991067,0.009458330095991067,0.009458330095991067,0.009458330095991067,0.009458330095991067,0.009458330095991067,0.009458330095991067,0.009458330095991067,0.009458330095991067
2020-03-05,0.032139832610557945,0.032139832610557945,0.032139832610557945,0.032139832610557945,0.032139832610557945,0.032139832610557945,0.032139832610557945,0.032139832610557945,0.032139832610557945,0.032139832610557945,0.032139832610557945
2020-03-06,0.023778877914987007,0.023778877914987007,0.023778877914987007,0.023778877914987007,0.023778877914987007,0.023778877914987007,0.023778877914987007,0.023778877914987007,0.023778877914987007,0.023778877914987007,0.023778877914987007
2020-03-09,0.026747194322351512,0.026747194322351512,0.026747194322351512,0.026747194322351512,0.026747194322351512,0.026747194322351512,0.026747194322351512,0.026747194322351512,0.026747194322351512,0.026747194322351512,0.026747194322351512
2020-03-10,-0.035772676395399446,-0.035772676395399446,-0.035772676395399446,-0.035772676395399446,-0.035772676395399446,-0.035772676395399446,-0.035772676395399446,-0.035772676395399446,-0.035772676395399446,-0.035772676395399446,-0.035772676395399446
2020-03-11,-0.019516996862483673,-0.019516996862483673,-0.019516996862483673,-0.019516996862483673,-0.019516996862483673,-0.019516996862483673,-0.019516996862483673,-0.019516996862483673,-0.019516996862483673,-0.019516996862483673,-0.019516996862483673
2020-03-12,-0.01906359779081621,-0.01906359779081621,-0.01906359779081621,-0.01906359779081621,-0.01906359779081621,-0.01906359779081621,-0.01906359779081621,-0.01906359779081621,-0.01906359779081621,-0.01906359779081621,-0.01906359779081621
2020-03-13,-0.016445530801144238,-0.016445530801144238,-0.016445530801144238,-0.016445530801144238,-0.016445530801144238,-0.016445530801144238,-0.016445530801144238,-0.016445530801144238,-0.016445530801144238,-0.016445530801144238,-0.016445530801144238
2020-03-16,0.04683012786728219,0.04683012786728219,0.04683012786728219,0.04683012786728219,0.04683012786728219,0.04683012786728219,0.04683012786728219,0.04683012786728219,0.04683012786728219,0.04683012786728219,0.04683012786728219
2020-03-17,-0.011839375113372852,-0.011839375113372852,-0.011839375113372852,-0.011839375113372852,-0.011839375113372852,-0.011839375113372852,-0.011839375113372852,-0.011839375113372852,-0.011839375113372852,-0.011839375113372852,-0.011839375113372852
2020-03-18,-0.020717459501161578,-0.020717459501161578,-0.020717459501161578,-0.020717459501161578,-0.020717459501161578,-0.020717459501161578,-0.020717459501161578,-0.020717459501161578,-0.020717459501161578,-0.020717459501161578,-0.020717459501161578
2020-03-19,-0.012051601606496013,-0.012051601606496013,-0.012051601606496013,-0.012051601606496013,-0.012051601606496013,-0.012051601606496013,-0.012051601606496013,-0.012051601606496013,-0.012051601606496013,-0.012051601606496013,-0.012051601606496013
2020-03-20,0.026450985801249494,0.026450985801249494,0.026450985801249494,0.026450985801249494,0.026450985801249494,0.026450985801249494,0.026450985801249494,0.026450985801249494,0.02549908680746016,0.024547187813670823,0.02264338982609215
2020-03-23,0.04765528838079301,0.04765528838079301,0.04765528838079301,0.04765528838079301,0.04765528838079301,0.04765528838079301,0.04765528838079301,0.04765528838079301,0.04765528838079301,0.04765528838079301,0.04765528838079301
2020-03-24,0.051855029024838996,0.051855029024838996,0.051855029024838996,0.051855029024838996,0.051855029024838996,0.051855029024838996,0.051855029024838996,0.051855029024838996,0.051855029024838996,0.051855029024838996,0.051855029024838996
2020-03-25,-0.010515452800301795,-0.010515452800301795,-0.010515452800301795,-0.010515452800301795,-0.010515452800301795,-0.010515452800301795,-0.010515452800301795,-0.010515452800301795,-0.010515452800301795,-0.010515452800301795,-0.010515452800301795
2020-03-26,0.010627496279971291,0.010627496279971291,0.010627496279971291,0.010627496279971291,0.010627496279971291,0.010627496279971291,0.010627496279971291,0.010627496279971291,0.010627496279971291,0.010627496279971291,0.010627496279971291
2020-03-27,0.005612826165320727,0.005612826165320727,0.005612826165320727,0.005612826165320727,0.005612826165320727,0.005612826165320727,0.005612826165320727,0.005612826165320727,0.005612826165320727,0.005612826165320727,0.005612826165320727
2020-03-30,0.004121039352203678,0.004121039352203678,0.004121039352203678,0.004121039352203678,0.004121039352203678,0.004121039352203678,0.004121039352203678,0.004121039352203678,0.004121039352203678,0.004121039352203678,0.004121039352203678
2020-03-31,-0.023240200703118174,-0.023240200703118174,-0.023240200703118174,-0.023240200703118174,-0.023240200703118174,-0.023240200703118174,-0.023240200703118174,-0.023240200703118174,-0.023240200703118174,-0.023240200703118174,-0.023240200703118174
2020-04-01,0.009007564629698678,0.009007564629698678,0.009007564629698678,0.009007564629698678,0.009007564629698678,0.009007564629698678,0.009007564629698678,0.009007564629698678,0.009007564629698678,0.009007564629698678,0.009007564629698678
2020-04-02,0.003822802633208981,0.003822802633208981,0.003822802633208981,0.003822802633208981,0.003822802633208981,0.003822802633208981,0.003822802633208981,0.003822802633208981,0.003822802633208981,0.003822802633208981,0.003822802633208981
2020-04-03,-0.006168930376073762,-0.006168930376073762,-0.006168930376073762,-0.006168930376073762,-0.006168930376073762,-0.006168930376073762,-0.006168930376073762,-0.006168930376073762,-0.006168930376073762,-0.006168930376073762,-0.006168930376073762
2020-04-06,0.0322656243934291,0.0322656243934291,0.0322656243934291,0.0322656243934291,0.0322656243934291,0.0322656243934291,0.0322656243934291,0.0322656243934291,0.0322656243934291,0.0322656243934291,0.0322656243934291
2020-04-07,-0.007427068582340653,-0.007427068582340653,-0.007427068582340653,-0.007427068582340653,-0.007427068582340653,-0.007427068582340653,-0.007427068582340653,-0.007427068582340653,-0.007427068582340653,-0.007427068582340653,-0.007427068582340653
2020-04-08,0.0034267030759712823,0.0034267030759712823,0.0034267030759712823,0.0034267030759712823,0.0034267030759712823,0.0034267030759712823,0.0034267030759712823,0.0034267030759712823,0.0034267030759712823,0.0034267030759712823,0.0034267030759712823
2020-04-09,0.01578529821293145,0.01578529821293145,0.01578529821293145,0.01578529821293145,0.01578529821293145,0.01578529821293145,0.01578529821293145,0.01578529821293145,0.01578529821293145,0.01578529821293145,0.01578529821293145
2020-04-13,0.005034296533377638,0.005034296533377638,0.005034296533377638,0.005034296533377638,0.005034296533377638,0.005034296533377638,0.005034296533377638,0.005034296533377638,0.005034296533377638,0.005034296533377638,0.005034296533377638
2020-04-14,0.01847561496192599,0.01847561496192599,0.01847561496192599,0.01847561496192599,0.01847561496192599,0.01847561496192599,0.01847561496192599,0.01847561496192599,0.01847561496192599,0.01847561496192599,0.01847561496192599
2020-04-15,-0.010724111076403545,-0.010724111076403545,-0.010724111076403545,-0.010724111076403545,-0.010724111076403545,-0.010724111076403545,-0.010724111076403545,-0.010724111076403545,-0.010724111076403545,-0.010724111076403545,-0.010724111076403545
2020-04-16,0.002736497478989393,0.002736497478989393,0.002736497478989393,0.002736497478989393,0.002736497478989393,0.002736497478989393,0.002736497478989393,0.002736497478989393,0.002736497478989393,0.002736497478989393,0.002736497478989393
2020-04-17,-0.0011811248056181516,-0.0011811248056181516,-0.0011811248056181516,-0.0011811248056181516,-0.0011811248056181516,-0.0011811248056181516,-0.0011811248056181516,-0.0011811248056181516,-0.0011811248056181516,-0.0011811248056181516,-0.0011811248056181516
2020-04-20,-0.011307806837225617,-0.011307806837225617,-0.011307806837225617,-0.011307806837225617,-0.011307806837225617,-0.011307806837225617,-0.011307806837225617,-0.011307806837225617,-0.011307806837225617,-0.011307806837225617,-0.011307806837225617
2020-04-21,-0.014286307936644572,-0.014286307936644572,-0.014286307936644572,-0.014286307936644572,-0.014286307936644572,-0.014286307936644572,-0.014286307936644572,-0.014286307936644572,-0.014286307936644572,-0.014286307936644572,-0.014286307936644572
2020-04-22,0.014228943384126665,0.014228943384126665,0.014228943384126665,0.014228943384126665,0.014228943384126665,0.014228943384126665,0.014228943384126665,0.014228943384126665,0.014228943384126665,0.014228943384126665,0.014228943384126665
2020-04-23,0.0051936816378839986,0.0051936816378839986,0.0051936816378839986,0.0051936816378839986,0.0051936816378839986,0.0051936816378839986,0.0051936816378839986,0.0051936816378839986,0.0051936816378839986,0.0051936816378839986,0.0051936816378839986
2020-04-24,0.005924277495498294,0.005924277495498294,0.005924277495498294,0.005924277495498294,0.005924277495498294,0.005924277495498294,0.005924277495498294,0.005924277495498294,0.005924277495498294,0.005924277495498294,0.005924277495498294
2020-04-27,0.0023107150961764245,0.0023107150961764245,0.0023107150961764245,0.0023107150961764245,0.0023107150961764245,0.0023107150961764245,0.0023107150961764245,0.0023107150961764245,0.0023107150961764245,0.0023107150961764245,0.0023107150961764245
2020-04-28,0.0029084376985793283,0.0029084376985793283,0.0029084376985793283,0.0029084376985793283,0.0029084376985793283,0.0029084376985793283,0.0029084376985793283,0.0029084376985793283,0.0029084376985793283,0.0029084376985793283,0.0029084376985793283
2020-04-29,0.004911279208741068,0.004911279208741068,0.004911279208741068,0.004911279208741068,0.004911279208741068,0.004911279208741068,0.004911279208741068,0.004911279208741068,0.004911279208741068,0.004911279208741068,0.004911279208741068
2020-04-30,-0.020502218272691015,-0.020502218272691015,-0.020502218272691015,-0.020502218272691015,-0.020502218272691015,-0.020502218272691015,-0.020502218272691015,-0.020502218272691015,-0.020502218272691015,-0.020502218272691015,-0.020502218272691015
2020-05-01,-0.018885740675961507,-0.018885740675961507,-0.018885740675961507,-0.018885740675961507,-0.018885740675961507,-0.018885740675961507,-0.018885740675961507,-0.018885740675961507,-0.018885740675961507,-0.018885740675961507,-0.018885740675961507
2020-05-04,0.005704939484928045,0.005704939484928045,0.005704939484928045,0.005704939484928045,0.005704939484928045,0.005704939484928045,0.005704939484928045,0.005704939484928045,0.0050746996200348084,0.004444459755141572,0.0031839800253550985
2020-05-05,0.010769445990855747,0.010769445990855747,0.010769445990855747,0.010769445990855747,0.010769445990855747,0.010769445990855747,0.010769445990855747,0.010769445990855747,0.010769445990855747,0.010769445990855747,0.010769445990855747
2020-05-06,-0.006513518232073483,-0.006513518232073483,-0.006513518232073483,-0.006513518232073483,-0.006513518232073483,-0.006513518232073483,-0.006513518232073483,-0.006513518232073483,-0.006513518232073483,-0.006513518232073483,-0.006513518232073483
2020-05-07,0.013414746304755814,0.013414746304755814,0.013414746304755814,0.013414746304755814,0.013414746304755814,0.013414746304755814,0.013414746304755814,0.013414746304755814,0.013414746304755814,0.013414746304755814,0.013414746304755814
2020-05-08,0.010973261057232009,0.010973261057232009,0.010973261057232009,0.010973261057232009,0.010973261057232009,0.010973261057232009,0.010973261057232009,0.010973261057232009,0.008741015274446843,0.006508769491661678,0.0020442779260913457
2020-05-11,0.004516856146202469,0.004516856146202469,0.004516856146202469,0.004516856146202469,0.004516856146202469,0.004516856146202469,0.004516856146202469,0.004516856146202469,0.004516856146202469,0.004516856146202469,0.004516856146202469
2020-05-12,-0.012062513531340286,-0.012062513531340286,-0.012062513531340286,-0.012062513531340286,-0.012062513531340286,-0.012062513531340286,-0.012062513531340286,-0.012062513531340286,-0.012062513531340286,-0.012062513531340286,-0.012062513531340286
2020-05-13,-0.010349790896842181,-0.010349790896842181,-0.010349790896842181,-0.010349790896842181,-0.010349790896842181,-0.010349790896842181,-0.010349790896842181,-0.010349790896842181,-0.010349790896842181,-0.010349790896842181,-0.010349790896842181
2020-05-14,0.013219504554111649,0.013219504554111649,0.013219504554111649,0.013219504554111649,0.013219504554111649,0.013219504554111649,0.013219504554111649,0.013219504554111649,0.013219504554111649,0.013219504554111649,0.013219504554111649
2020-05-15,0.00515347333856238,0.00515347333856238,0.00515347333856238,0.00515347333856238,0.00515347333856238,0.00515347333856238,0.00515347333856238,0.00515347333856238,0.00515347333856238,0.00515347333856238,0.00515347333856238
2020-05-18,0.003779980254120007,0.003779980254120007,0.003779980254120007,0.003779980254120007,0.003779980254120007,0.003779980254120007,0.003779980254120007,0.003779980254120007,0.003779980254120007,0.003779980254120007,0.003779980254120007
2020-05-19,-0.0037107529551774635,-0.0037107529551774635,-0.0037107529551774635,-0.0037107529551774635,-0.0037107529551774635,-0.0037107529551774635,-0.0037107529551774635,-0.0037107529551774635,-0.0037107529551774635,-0.0037107529551774635,-0.0037107529551774635
2020-05-20,0.011478873943766791,0.011478873943766791,0.011478873943766791,0.011478873943766791,0.011478873943766791,0.011478873943766791,0.011478873943766791,0.011478873943766791,0.011478873943766791,0.011478873943766791,0.011478873943766791
2020-05-21,-0.007973055313780038,-0.007973055313780038,-0.007973055313780038,-0.007973055313780038,-0.007973055313780038,-0.007973055313780038,-0.007973055313780038,-0.007973055313780038,-0.007973055313780038,-0.007973055313780038,-0.007973055313780038
2020-05-22,0.004750543117965703,0.004750543117965703,0.004750543117965703,0.004750543117965703,0.004750543117965703,0.004750543117965703,0.004750543117965703,0.004750543117965703,0.004750543117965703,0.004750543117965703,0.004750543117965703
2020-05-26,-0.00907176110190354,-0.00907176110190354,-0.00907176110190354,-0.00907176110190354,-0.00907176110190354,-0.00907176110190354,-0.00907176110190354,-0.00907176110190354,-0.00907176110190354,-0.00907176110190354,-0.00907176110190354
2020-05-27,0.0007484720176688672,0.0007484720176688672,0.0007484720176688672,0.0007484720176688672,0.0007484720176688672,0.0007484720176688672,0.0007484720176688672,0.0007484720176688672,0.0007484720176688672,0.0007484720176688672,0.0007484720176688672
2020-05-28,-0.005600295823885608,-0.005600295823885608,-0.005600295823885608,-0.005600295823885608,-0.005600295823885608,-0.005600295823885608,-0.005600295823885608,-0.005600295823885608,-0.005600295823885608,-0.005600295823885608,-0.005600295823885608
2020-05-29,0.014346218343755414,0.014346218343755414,0.014346218343755414,0.014346218343755414,0.014346218343755414,0.014346218343755414,0.014346218343755414,0.014346218343755414,0.014346218343755414,0.014346218343755414,0.014346218343755414
2020-06-01,0.004741849390403356,0.004741849390403356,0.004741849390403356,0.004741849390403356,0.004741849390403356,0.004741849390403356,0.004741849390403356,0.004741849390403356,0.004741849390403356,0.004741849390403356,0.004741849390403356
2020-06-02,0.0047842543932419684,0.0047842543932419684,0.0047842543932419684,0.0047842543932419684,0.0047842543932419684,0.0047842543932419684,0.0047842543932419684,0.0047842543932419684,0.0047842543932419684,0.0047842543932419684,0.0047842543932419684
2020-06-03,0.0077035801315207125,0.0077035801315207125,0.0077035801315207125,0.0077035801315207125,0.0077035801315207125,0.0077035801315207125,0.0077035801315207125,0.0077035801315207125,0.0077035801315207125,0.0077035801315207125,0.0077035801315207125
2020-06-04,0.005526256387026078,0.005526256387026078,0.005526256387026078,0.005526256387026078,0.005526256387026078,0.005526256387026078,0.005526256387026078,0.005526256387026078,0.005526256387026078,0.005526256387026078,0.005526256387026078
2020-06-05,0.013240269691573544,0.013240269691573544,0.013240269691573544,0.013240269691573544,0.013240269691573544,0.013240269691573544,0.013240269691573544,0.013240269691573544,0.013240269691573544,0.013240269691573544,0.013240269691573544
2020-06-08,0.00951312562586657,0.00951312562586657,0.00951312562586657,0.00951312562586657,0.00951312562586657,0.00951312562586657,0.00951312562586657,0.00951312562586657,0.00951312562586657,0.00951312562586657,0.00951312562586657
2020-06-09,-0.0008276298090516814,-0.0008276298090516814,-0.0008276298090516814,-0.0008276298090516814,-0.0008276298090516814,-0.0008276298090516814,-0.0008276298090516814,-0.0008276298090516814,-0.0008276298090516814,-0.0008276298090516814,-0.0008276298090516814
2020-06-10,0.008642270253864812,0.008642270253864812,0.008642270253864812,0.008642270253864812,0.008642270253864812,0.008642270253864812,0.008642270253864812,0.008642270253864812,0.008642270253864812,0.008642270253864812,0.008642270253864812
2020-06-11,-0.04683235874420361,-0.04683235874420361,-0.04683235874420361,-0.04683235874420361,-0.04683235874420361,-0.04683235874420361,-0.04683235874420361,-0.04683235874420361,-0.04683235874420361,-0.04683235874420361,-0.04683235874420361
2020-06-12,0.00468479648525139,0.00468479648525139,0.00468479648525139,0.00468479648525139,0.00468479648525139,0.00468479648525139,0.00468479648525139,0.00468479648525139,0.00468479648525139,0.00468479648525139,0.00468479648525139
2020-06-15,0.004587237557951348,0.004587237557951348,0.004587237557951348,0.004587237557951348,0.004587237557951348,0.004587237557951348,0.004587237557951348,0.004587237557951348,0.004587237557951348,0.004587237557951348,0.004587237557951348
2020-06-16,0.0007664246580296831,0.0007664246580296831,0.0007664246580296831,0.0007664246580296831,0.0007664246580296831,0.0007664246580296831,0.0007664246580296831,0.0007664246580296831,0.0007664246580296831,0.0007664246580296831,0.0007664246580296831
2020-06-17,0.0010811884535041991,0.0010811884535041991,0.0010811884535041991,0.0010811884535041991,0.0010811884535041991,0.0010811884535041991,0.0010811884535041991,0.0010811884535041991,0.0010811884535041991,0.0010811884535041991,0.0010811884535041991
2020-06-18,0.005329692861276031,0.005329692861276031,0.005329692861276031,0.005329692861276031,0.005329692861276031,0.005329692861276031,0.005329692861276031,0.005329692861276031,0.005329692861276031,0.005329692861276031,0.005329692861276031
2020-06-19,0.0020073788522076757,0.0020073788522076757,0.0020073788522076757,0.0020073788522076757,0.0020073788522076757,0.0020073788522076757,0.0020073788522076757,0.0020073788522076757,0.0020073788522076757,0.0020073788522076757,0.0020073788522076757
2020-06-22,0.009296526200260297,0.009296526200260297,0.009296526200260297,0.009296526200260297,0.009296526200260297,0.009296526200260297,0.009296526200260297,0.009296526200260297,0.009296526200260297,0.009296526200260297,0.009296526200260297
2020-06-23,0.0020911084601246666,0.0020911084601246666,0.0020911084601246666,0.0020911084601246666,0.0020911084601246666,0.0020911084601246666,0.0020911084601246666,0.0020911084601246666,0.0020911084601246666,0.0020911084601246666,0.0020911084601246666
2020-06-24,-0.003537741562382347,-0.003537741562382347,-0.003537741562382347,-0.003537741562382347,-0.003537741562382347,-0.003537741562382347,-0.003537741562382347,-0.003537741562382347,-0.003537741562382347,-0.003537741562382347,-0.003537741562382347
2020-06-25,0.007224283243039261,0.007224283243039261,0.007224283243039261,0.007224283243039261,0.007224283243039261,0.007224283243039261,0.007224283243039261,0.007224283243039261,0.007224283243039261,0.007224283243039261,0.007224283243039261
2020-06-26,0.009279492016660191,0.009279492016660191,0.009279492016660191,0.009279492016660191,0.009279492016660191,0.009279492016660191,0.009279492016660191,0.009279492016660191,0.009279492016660191,0.009279492016660191,0.009279492016660191
2020-06-29,0.0006872531703319512,0.0006872531703319512,0.0006872531703319512,0.0006872531703319512,0.0006872531703319512,0.0006872531703319512,0.0006872531703319512,0.0006872531703319512,0.0006872531703319512,0.0006872531703319512,0.0006872531703319512
2020-06-30,0.0010830642892248408,0.0010830642892248408,0.0010830642892248408,0.0010830642892248408,0.0010830642892248408,0.0010830642892248408,0.0010830642892248408,0.0010830642892248408,0.0010830642892248408,0.0010830642892248408,0.0010830642892248408
2020-07-01,0.0033925445909699903,0.0033925445909699903,0.0033925445909699903,0.0033925445909699903,0.0033925445909699903,0.0033925445909699903,0.0033925445909699903,0.0033925445909699903,0.0033925445909699903,0.0033925445909699903,0.0033925445909699903
2020-07-02,0.005656006055467573,0.005656006055467573,0.005656006055467573,0.005656006055467573,0.005656006055467573,0.005656006055467573,0.005656006055467573,0.005656006055467573,0.005656006055467573,0.005656006055467573,0.005656006055467573
2020-07-06,0.011523623584958807,0.011523623584958807,0.011523623584958807,0.011523623584958807,0.011523623584958807,0.011523623584958807,0.011523623584958807,0.011523623584958807,0.011523623584958807,0.011523623584958807,0.011523623584958807
2020-07-07,-0.0037878817243048087,-0.0037878817243048087,-0.0037878817243048087,-0.0037878817243048087,-0.0037878817243048087,-0.0037878817243048087,-0.0037878817243048087,-0.0037878817243048087,-0.0037878817243048087,-0.0037878817243048087,-0.0037878817243048087
2020-07-08,0.010766873263884928,0.010766873263884928,0.010766873263884928,0.010766873263884928,0.010766873263884928,0.010766873263884928,0.010766873263884928,0.010766873263884928,0.010766873263884928,0.010766873263884928,0.010766873263884928
2020-07-09,0.002015165049318907,0.002015165049318907,0.002015165049318907,0.002015165049318907,0.002015165049318907,0.002015165049318907,0.002015165049318907,0.002015165049318907,0.002015165049318907,0.002015165049318907,0.002015165049318907
2020-07-10,0.0021204583737516407,0.0021204583737516407,0.0021204583737516407,0.0021204583737516407,0.0021204583737516407,0.0021204583737516407,0.0021204583737516407,0.0021204583737516407,0.0021204583737516407,0.0021204583737516407,0.0021204583737516407
2020-07-13,-0.011316828026608858,-0.011316828026608858,-0.011316828026608858,-0.011316828026608858,-0.011316828026608858,-0.011316828026608858,-0.011316828026608858,-0.011316828026608858,-0.011316828026608858,-0.011316828026608858,-0.011316828026608858
2020-07-14,0.014708132864552362,0.014708132864552362,0.014708132864552362,0.014708132864552362,0.014708132864552362,0.014708132864552362,0.014708132864552362,0.014708132864552362,0.014708132864552362,0.014708132864552362,0.014708132864552362
2020-07-15,0.0053643958648894935,0.0053643958648894935,0.0053643958648894935,0.0053643958648894935,0.0053643958648894935,0.0053643958648894935,0.0053643958648894935,0.0053643958648894935,0.0053643958648894935,0.0053643958648894935,0.0053643958648894935
2020-07-16,-0.0034975537922712126,-0.0034975537922712126,-0.0034975537922712126,-0.0034975537922712126,-0.0034975537922712126,-0.0034975537922712126,-0.0034975537922712126,-0.0034975537922712126,-0.0034975537922712126,-0.0034975537922712126,-0.0034975537922712126
2020-07-17,0.00933700282125198,0.00933700282125198,0.00933700282125198,0.00933700282125198,0.00933700282125198,0.00933700282125198,0.00933700282125198,0.00933700282125198,0.00933700282125198,0.00933700282125198,0.00933700282125198
2020-07-20,0.01240516847637858,0.01240516847637858,0.01240516847637858,0.01240516847637858,0.01240516847637858,0.01240516847637858,0.01240516847637858,0.01240516847637858,0.01240516847637858,0.01240516847637858,0.01240516847637858
2020-07-21,0.007951352389252651,0.007951352389252651,0.007951352389252651,0.007951352389252651,0.007951352389252651,0.007951352389252651,0.007951352389252651,0.007951352389252651,0.007951352389252651,0.007951352389252651,0.007951352389252651
2020-07-22,0.0148311595405011,0.0148311595405011,0.0148311595405011,0.0148311595405011,0.0148311595405011,0.0148311595405011,0.0148311595405011,0.0148311595405011,0.0148311595405011,0.0148311595405011,0.0148311595405011
2020-07-23,0.005129196380748683,0.005129196380748683,0.005129196380748683,0.005129196380748683,0.005129196380748683,0.005129196380748683,0.005129196380748683,0.005129196380748683,0.005129196380748683,0.005129196380748683,0.005129196380748683
2020-07-24,0.00515129240790845,0.00515129240790845,0.00515129240790845,0.00515129240790845,0.00515129240790845,0.00515129240790845,0.00515129240790845,0.00515129240790845,0.00515129240790845,0.00515129240790845,0.00515129240790845
2020-07-27,0.01372654656340624,0.01372654656340624,0.01372654656340624,0.01372654656340624,0.01372654656340624,0.01372654656340624,0.01372654656340624,0.01372654656340624,0.01372654656340624,0.01372654656340624,0.01372654656340624
2020-07-28,0.012552538602790998,0.012552538602790998,0.012552538602790998,0.012552538602790998,0.012552538602790998,0.012552538602790998,0.012552538602790998,0.012552538602790998,0.012552538602790998,0.012552538602790998,0.012552538602790998
2020-07-29,0.0020774270226604913,0.0020774270226604913,0.0020774270226604913,0.0020774270226604913,0.0020774270226604913,0.0020774270226604913,0.0020774270226604913,0.0020774270226604913,0.0020774270226604913,0.0020774270226604913,0.0020774270226604913
2020-07-30,0.003465776239028709,0.003465776239028709,0.003465776239028709,0.003465776239028709,0.003465776239028709,0.003465776239028709,0.003465776239028709,0.003465776239028709,0.003465776239028709,0.003465776239028709,0.003465776239028709
2020-07-31,0.0044377865214355605,0.0044377865214355605,0.0044377865214355605,0.0044377865214355605,0.0044377865214355605,0.0044377865214355605,0.0044377865214355605,0.0044377865214355605,0.0044377865214355605,0.0044377865214355605,0.0044377865214355605
2020-08-03,0.009261044837403818,0.009261044837403818,0.009261044837403818,0.009261044837403818,0.009261044837403818,0.009261044837403818,0.009261044837403818,0.009261044837403818,0.009261044837403818,0.009261044837403818,0.009261044837403818
2020-08-04,0.022946111551479454,0.022946111551479454,0.022946111551479454,0.022946111551479454,0.022946111551479454,0.022946111551479454,0.022946111551479454,0.022946111551479454,0.022946111551479454,0.022946111551479454,0.022946111551479454
2020-08-05,0.015873888871028804,0.015873888871028804,0.015873888871028804,0.015873888871028804,0.015873888871028804,0.015873888871028804,0.015873888871028804,0.015873888871028804,0.015873888871028804,0.015873888871028804,0.015873888871028804
2020-08-06,0.01591733930099799,0.01591733930099799,0.01591733930099799,0.01591733930099799,0.01591733930099799,0.01591733930099799,0.01591733930099799,0.01591733930099799,0.01591733930099799,0.01591733930099799,0.01591733930099799
2020-08-07,-0.01073514355640849,-0.01073514355640849,-0.01073514355640849,-0.01073514355640849,-0.01073514355640849,-0.01073514355640849,-0.01073514355640849,-0.01073514355640849,-0.01073514355640849,-0.01073514355640849,-0.01073514355640849
2020-08-10,-0.00014392926277585562,-0.00014392926277585562,-0.00014392926277585562,-0.00014392926277585562,-0.00014392926277585562,-0.00014392926277585562,-0.00014392926277585562,-0.00014392926277585562,-0.00014392926277585562,-0.00014392926277585562,-0.00014392926277585562
2020-08-11,-0.049511596827572,-0.049511596827572,-0.049511596827572,-0.049511596827572,-0.049511596827572,-0.049511596827572,-0.049511596827572,-0.049511596827572,-0.049511596827572,-0.049511596827572,-0.049511596827572
2020-08-12,0.0016035646221335255,0.0016035646221335255,0.0016035646221335255,0.0016035646221335255,0.0016035646221335255,0.0016035646221335255,0.0016035646221335255,0.0016035646221335255,0.0016035646221335255,0.0016035646221335255,0.0016035646221335255
2020-08-13,0.0054363943253868735,0.0054363943253868735,0.0054363943253868735,0.0054363943253868735,0.0054363943253868735,0.0054363943253868735,0.0054363943253868735,0.0054363943253868735,0.00542251594732525,0.005408637569263626,0.005380880813140377
2020-08-14,-0.005178757635397014,-0.005178757635397014,-0.005178757635397014,-0.005178757635397014,-0.005178757635397014,-0.005178757635397014,-0.005178757635397014,-0.005178757635397014,-0.005178757635397014,-0.005178757635397014,-0.005178757635397014
2020-08-17,0.019534555018926945,0.019534555018926945,0.019534555018926945,0.019534555018926945,0.019534555018926945,0.019534555018926945,0.019534555018926945,0.019534555018926945,0.019534555018926945,0.019534555018926945,0.019534555018926945
2020-08-18,0.012310624523601751,0.012310624523601751,0.012310624523601751,0.012310624523601751,0.012310624523601751,0.012310624523601751,0.012310624523601751,0.012310624523601751,0.012052047034891501,0.011793469546181249,0.011276314568760748
2020-08-19,-0.024445838529409087,-0.024445838529409087,-0.024445838529409087,-0.024445838529409087,-0.024445838529409087,-0.024445838529409087,-0.024445838529409087,-0.024445838529409087,-0.024445838529409087,-0.024445838529409087,-0.024445838529409087
2020-08-20,0.013014943251636633,0.013014943251636633,0.013014943251636633,0.013014943251636633,0.013014943251636633,0.013014943251636633,0.013014943251636633,0.013014943251636633,0.013014943251636633,0.013014943251636633,0.013014943251636633
2020-08-21,0.001309889959985582,0.001309889959985582,0.001309889959985582,0.001309889959985582,0.001309889959985582,0.001309889959985582,0.001309889959985582,0.001309889959985582,0.001432322987604762,0.0015547560152239424,0.0017996220704623025
2020-08-24,0.0007308886275703642,0.0007308886275703642,0.0007308886275703642,0.0007308886275703642,0.0007308886275703642,0.0007308886275703642,0.0007308886275703642,0.0007308886275703642,0.0007308886275703642,0.0007308886275703642,0.0007308886275703642
2020-08-25,-0.005615541490357563,-0.005615541490357563,-0.005615541490357563,-0.005615541490357563,-0.005615541490357563,-0.005615541490357563,-0.005615541490357563,-0.005615541490357563,-0.005615541490357563,-0.005615541490357563,-0.005615541490357563
2020-08-26,-0.002394445763942878,-0.002394445763942878,-0.002394445763942878,-0.002394445763942878,-0.002394445763942878,-0.002394445763942878,-0.002394445763942878,-0.002394445763942878,-0.002394445763942878,-0.002394445763942878,-0.002394445763942878
2020-08-27,-0.027154846937133645,-0.027154846937133645,-0.027154846937133645,-0.027154846937133645,-0.027154846937133645,-0.027154846937133645,-0.027154846937133645,-0.027154846937133645,-0.027154846937133645,-0.027154846937133645,-0.027154846937133645
2020-08-28,0.003169871230153302,0.003169871230153302,0.003169871230153302,0.003169871230153302,0.003169871230153302,0.003169871230153302,0.003169871230153302,0.003169871230153302,0.003169871230153302,0.003169871230153302,0.003169871230153302
2020-08-31,0.006698057849023732,0.006698057849023732,0.006698057849023732,0.006698057849023732,0.006698057849023732,0.006698057849023732,0.006698057849023732,0.006698057849023732,0.006698057849023732,0.006698057849023732,0.006698057849023732
2020-09-01,0.011932911226790539,0.011932911226790539,0.011932911226790539,0.011932911226790539,0.011932911226790539,0.011932911226790539,0.011932911226790539,0.011932911226790539,0.011932911226790539,0.011932911226790539,0.011932911226790539
2020-09-02,0.010758522938871265,0.010758522938871265,0.010758522938871265,0.010758522938871265,0.010758522938871265,0.010758522938871265,0.010758522938871265,0.010758522938871265,0.010758522938871265,0.010758522938871265,0.010758522938871265
2020-09-03,-0.05762089374165776,-0.05762089374165776,-0.05762089374165776,-0.05762089374165776,-0.05762089374165776,-0.05762089374165776,-0.05762089374165776,-0.05762089374165776,-0.05762089374165776,-0.05762089374165776,-0.05762089374165776
2020-09-04,-0.006738918339429176,-0.006738918339429176,-0.006738918339429176,-0.006738918339429176,-0.006738918339429176,-0.006738918339429176,-0.006738918339429176,-0.006738918339429176,-0.006738918339429176,-0.006738918339429176,-0.006738918339429176
2020-09-08,-0.024945559817242512,-0.024945559817242512,-0.024945559817242512,-0.024945559817242512,-0.024945559817242512,-0.024945559817242512,-0.024945559817242512,-0.024945559817242512,-0.024945559817242512,-0.024945559817242512,-0.024945559817242512
2020-09-09,0.023435221079231554,0.023435221079231554,0.023435221079231554,0.023435221079231554,0.023435221079231554,0.023435221079231554,0.023435221079231554,0.023435221079231554,0.023435221079231554,0.023435221079231554,0.023435221079231554
2020-09-10,-0.008148069145956591,-0.008148069145956591,-0.008148069145956591,-0.008148069145956591,-0.008148069145956591,-0.008148069145956591,-0.008148069145956591,-0.008148069145956591,-0.008148069145956591,-0.008148069145956591,-0.008148069145956591
2020-09-11,0.008550555147003517,0.008550555147003517,0.008550555147003517,0.008550555147003517,0.008550555147003517,0.008550555147003517,0.008550555147003517,0.008550555147003517,0.008550555147003517,0.008550555147003517,0.008550555147003517
2020-09-14,0.01466109430904322,0.01466109430904322,0.01466109430904322,0.01466109430904322,0.01466109430904322,0.01466109430904322,0.01466109430904322,0.01466109430904322,0.01466109430904322,0.01466109430904322,0.01466109430904322
2020-09-15,-1.0991471822612356e-06,-1.0991471822612356e-06,-1.0991471822612356e-06,-1.0991471822612356e-06,-1.0991471822612356e-06,-1.0991471822612356e-06,-1.0991471822612356e-06,-1.0991471822612356e-06,-1.0991471822612356e-06,-1.0991471822612356e-06,-1.0991471822612356e-06
2020-09-16,-0.002354985790645827,-0.002354985790645827,-0.002354985790645827,-0.002354985790645827,-0.002354985790645827,-0.002354985790645827,-0.002354985790645827,-0.002354985790645827,-0.002354985790645827,-0.002354985790645827,-0.002354985790645827
2020-09-17,-0.0025788289087016803,-0.0025788289087016803,-0.0025788289087016803,-0.0025788289087016803,-0.0025788289087016803,-0.0025788289087016803,-0.0025788289087016803,-0.0025788289087016803,-0.0025788289087016803,-0.0025788289087016803,-0.0025788289087016803
2020-09-18,-0.007083918884115957,-0.007083918884115957,-0.007083918884115957,-0.007083918884115957,-0.007083918884115957,-0.007083918884115957,-0.007083918884115957,-0.007083918884115957,-0.007083918884115957,-0.007083918884115957,-0.007083918884115957
2020-09-21,-0.01674828322895634,-0.01674828322895634,-0.01674828322895634,-0.01674828322895634,-0.01674828322895634,-0.01674828322895634,-0.01674828322895634,-0.01674828322895634,-0.01674828322895634,-0.01674828322895634,-0.01674828322895634
2020-09-22,0.0015679741037050768,0.0015679741037050768,0.0015679741037050768,0.0015679741037050768,0.0015679741037050768,0.0015679741037050768,0.0015679741037050768,0.0015679741037050768,0.0015679741037050768,0.0015679741037050768,0.0015679741037050768
2020-09-23,-0.029047603562193238,-0.029047603562193238,-0.029047603562193238,-0.029047603562193238,-0.029047603562193238,-0.029047603562193238,-0.029047603562193238,-0.029047603562193238,-0.029047603562193238,-0.029047603562193238,-0.029047603562193238
2020-09-24,0.008023957418770518,0.008023957418770518,0.008023957418770518,0.008023957418770518,0.008023957418770518,0.008023957418770518,0.008023957418770518,0.008023957418770518,0.008023957418770518,0.008023957418770518,0.008023957418770518
2020-09-25,0.013760080626804583,0.013760080626804583,0.013760080626804583,0.013760080626804583,0.013760080626804583,0.013760080626804583,0.013760080626804583,0.013760080626804583,0.013760080626804583,0.013760080626804583,0.013760080626804583
2020-09-28,0.01213790998519143,0.012074945558099077,0.012011981131006724,0.01213790998519143,0.01213790998519143,0.01213790998519143,0.01213790998519143,0.01213790998519143,0.01213790998519143,0.01213790998519143,0.01213790998519143
2020-09-29,0.0009475637893641212,0.0005905373110685127,0.00023351083277290438,0.0009475637893641212,0.0009475637893641212,0.0009475637893641212,0.0009475637893641212,0.0009475637893641212,0.0009475637893641212,0.0009475637893641212,0.0009475637893641212
2020-09-30,-0.005916437571466031,-0.005916437571466031,-0.005916437571466031,-0.005916437571466031,-0.005916437571466031,-0.005916437571466031,-0.005916437571466031,-0.005916437571466031,-0.005916437571466031,-0.005916437571466031,-0.005916437571466031
2020-10-01,0.008727084527933344,0.008727084527933344,0.008727084527933344,0.008727084527933344,0.008727084527933344,0.008727084527933344,0.008727084527933344,0.008727084527933344,0.008727084527933344,0.008727084527933344,0.008727084527933344
2020-10-02,-0.008698119476390789,-0.008698119476390789,-0.008698119476390789,-0.008698119476390789,-0.008698119476390789,-0.008698119476390789,-0.008698119476390789,-0.008698119476390789,-0.008698119476390789,-0.008698119476390789,-0.008698119476390789
2020-10-05,0.011740213389054892,0.011740213389054892,0.011740213389054892,0.011740213389054892,0.011740213389054892,0.011740213389054892,0.011740213389054892,0.011740213389054892,0.011740213389054892,0.011740213389054892,0.011740213389054892
2020-10-06,-0.013507180760744033,-0.013507180760744033,-0.013507180760744033,-0.013507180760744033,-0.013507180760744033,-0.013507180760744033,-0.013507180760744033,-0.013507180760744033,-0.013161037129942618,-0.012814893499141203,-0.012122606237538374
2020-10-07,0.011262869301650548,0.011262869301650548,0.011262869301650548,0.011262869301650548,0.011262869301650548,0.011262869301650548,0.011262869301650548,0.011262869301650548,0.011262869301650548,0.011262869301650548,0.011262869301650548
2020-10-08,0.014850410362392975,0.014850410362392975,0.014850410362392975,0.014850410362392975,0.014850410362392975,0.014850410362392975,0.014850410362392975,0.014850410362392975,0.014850410362392975,0.014850410362392975,0.014850410362392975
2020-10-09,0.01717585756308182,0.01717585756308182,0.01717585756308182,0.01717585756308182,0.01717585756308182,0.01717585756308182,0.01717585756308182,0.01717585756308182,0.01717585756308182,0.01717585756308182,0.01717585756308182
2020-10-12,0.010590451137881356,0.010590451137881356,0.010590451137881356,0.010590451137881356,0.010590451137881356,0.010590451137881356,0.010590451137881356,0.010590451137881356,0.010590451137881356,0.010590451137881356,0.010590451137881356
2020-10-13,-0.004764281345381295,-0.004518393544634599,-0.004272505743887902,-0.004764281345381295,-0.004764281345381295,-0.004764281345381295,-0.004764281345381295,-0.004764281345381295,-0.004764281345381295,-0.004764281345381295,-0.004764281345381295
2020-10-14,0.0003974696905558122,0.00024142870905218092,8.538772754854959e-05,0.0003974696905558122,0.0003974696905558122,0.0003974696905558122,0.0003974696905558122,0.0003974696905558122,0.0003974696905558122,0.0003974696905558122,0.0003974696905558122
2020-10-15,-0.0005006172905042616,-0.0005006172905042616,-0.0005006172905042616,-0.0005006172905042616,-0.0005006172905042616,-0.0005006172905042616,-0.0005006172905042616,-0.0005006172905042616,-0.0005006172905042616,-0.0005006172905042616,-0.0005006172905042616
2020-10-16,-0.005169895930401485,-0.005169895930401485,-0.005169895930401485,-0.005169895930401485,-0.005169895930401485,-0.005169895930401485,-0.005169895930401485,-0.005169895930401485,-0.005169895930401485,-0.005169895930401485,-0.005169895930401485
2020-10-19,-0.014483296978962938,-0.014483296978962938,-0.014483296978962938,-0.014483296978962938,-0.014483296978962938,-0.014483296978962938,-0.014483296978962938,-0.014483296978962938,-0.014483296978962938,-0.014483296978962938,-0.014483296978962938
2020-10-20,-0.003964109136682409,-0.0039508446818749725,-0.003937580227067536,-0.003964109136682409,-0.003964109136682409,-0.003964109136682409,-0.003964109136682409,-0.003964109136682409,-0.0039508446818749725,-0.003937580227067536,-0.003911051317452664
2020-10-21,0.0012052346018159485,0.0005926412939450572,-1.995201392583374e-05,0.0012052346018159485,0.0012052346018159485,0.0012052346018159485,0.0012052346018159485,0.0012052346018159485,0.0012052346018159485,0.0012052346018159485,0.0012052346018159485
2020-10-22,-0.006938575314413947,-0.007497226333453248,-0.00805587735249255,-0.006938575314413947,-0.006938575314413947,-0.006938575314413947,-0.006938575314413947,-0.006938575314413947,-0.006938575314413947,-0.006938575314413947,-0.006938575314413947
2020-10-23,0.005414629848628014,0.005441418150757951,0.005468206452887888,0.005414629848628014,0.005414629848628014,0.005414629848628014,0.005414629848628014,0.005414629848628014,0.005414629848628014,0.005414629848628014,0.005414629848628014
2020-10-26,-0.0037019407002158943,-0.0011441133838767698,0.0014137139324623556,-0.0037019407002158943,-0.0037019407002158943,-0.0037019407002158943,-0.0037019407002158943,-0.0037019407002158943,-0.0037019407002158943,-0.0037019407002158943,-0.0037019407002158943
2020-10-27,0.010285498438310897,0.01008492567073022,0.009884352903149542,0.010285498438310897,0.010285498438310897,0.010285498438310897,0.010285498438310897,0.010285498438310897,0.010285498438310897,0.010285498438310897,0.010285498438310897
2020-10-28,-0.016863522879690198,-0.014324315310616866,-0.011785107741543533,-0.016863522879690198,-0.016863522879690198,-0.016863522879690198,-0.016863522879690198,-0.016863522879690198,-0.016863522879690198,-0.016863522879690198,-0.016863522879690198
2020-10-29,-0.008454611609451056,-0.008454611609451056,-0.008454611609451056,-0.008454611609451056,-0.008454611609451056,-0.008454611609451056,-0.008454611609451056,-0.008454611609451056,-0.008454611609451056,-0.008454611609451056,-0.008454611609451056
2020-10-30,-0.01489058281967344,-0.01489058281967344,-0.01489058281967344,-0.01489058281967344,-0.01489058281967344,-0.01489058281967344,-0.01489058281967344,-0.01489058281967344,-0.01489058281967344,-0.01489058281967344,-0.01489058281967344
2020-11-02,0.019093945314492225,0.019093945314492225,0.019093945314492225,0.019093945314492225,0.019093945314492225,0.019093945314492225,0.019093945314492225,0.019093945314492225,0.019093945314492225,0.019093945314492225,0.019093945314492225
2020-11-03,0.02399329316023174,0.02399329316023174,0.02399329316023174,0.02399329316023174,0.02399329316023174,0.02399329316023174,0.02399329316023174,0.02399329316023174,0.02399329316023174,0.02399329316023174,0.02399329316023174
2020-11-04,0.034338186415010415,0.034338186415010415,0.034338186415010415,0.034338186415010415,0.034338186415010415,0.034338186415010415,0.034338186415010415,0.034338186415010415,0.034338186415010415,0.034338186415010415,0.034338186415010415
2020-11-05,0.03146147910101023,0.03146147910101023,0.03146147910101023,0.03146147910101023,0.03146147910101023,0.03146147910101023,0.03146147910101023,0.03146147910101023,0.03146147910101023,0.03146147910101023,0.03146147910101023
2020-11-06,0.004362030406403861,0.004362030406403861,0.004362030406403861,0.004362030406403861,0.004362030406403861,0.004362030406403861,0.004362030406403861,0.004362030406403861,0.004362030406403861,0.004362030406403861,0.004362030406403861
2020-11-09,-0.024935259231248237,-0.024935259231248237,-0.024935259231248237,-0.024935259231248237,-0.024935259231248237,-0.024935259231248237,-0.024935259231248237,-0.024935259231248237,-0.024935259231248237,-0.024935259231248237,-0.024935259231248237
2020-11-10,-0.00021461620372999332,-0.00021461620372999332,-0.00021461620372999332,-0.00021461620372999332,-0.00021461620372999332,-0.00021461620372999332,-0.00021461620372999332,-0.00021461620372999332,-0.00021461620372999332,-0.00021461620372999332,-0.00021461620372999332
2020-11-11,0.005773188895201862,0.005773188895201862,0.005773188895201862,0.005773188895201862,0.005773188895201862,0.005773188895201862,0.005773188895201862,0.005773188895201862,0.005773188895201862,0.005773188895201862,0.005773188895201862
2020-11-12,0.004372240817811086,0.004372240817811086,0.004372240817811086,0.004372240817811086,0.004372240817811086,0.004372240817811086,0.004372240817811086,0.004372240817811086,0.004372240817811086,0.004372240817811086,0.004372240817811086
2020-11-13,0.01423082248898572,0.01423082248898572,0.01423082248898572,0.01423082248898572,0.01423082248898572,0.01423082248898572,0.01423082248898572,0.01423082248898572,0.01423082248898572,0.01423082248898572,0.01423082248898572
2020-11-16,0.005236447892644899,0.005236447892644899,0.005236447892644899,0.005236447892644899,0.005236447892644899,0.005236447892644899,0.005236447892644899,0.005236447892644899,0.005236447892644899,0.005236447892644899,0.005236447892644899
2020-11-17,0.0034594226390941892,0.0034594226390941892,0.0034594226390941892,0.0034594226390941892,0.0034594226390941892,0.0034594226390941892,0.0034594226390941892,0.0034594226390941892,0.0034594226390941892,0.0034594226390941892,0.0034594226390941892
2020-11-18,-0.008734563322833185,-0.008734563322833185,-0.008734563322833185,-0.008734563322833185,-0.008734563322833185,-0.008734563322833185,-0.008734563322833185,-0.008734563322833185,-0.008734563322833185,-0.008734563322833185,-0.008734563322833185
2020-11-19,0.006646849150413123,0.006646849150413123,0.006646849150413123,0.006646849150413123,0.006646849150413123,0.006646849150413123,0.006646849150413123,0.006646849150413123,0.006646849150413123,0.006646849150413123,0.006646849150413123
2020-11-20,0.005761256899520623,0.005761256899520623,0.005761256899520623,0.005761256899520623,0.005761256899520623,0.005761256899520623,0.005761256899520623,0.005761256899520623,0.005761256899520623,0.005761256899520623,0.005761256899520623
2020-11-23,-0.008792470400319422,-0.008792470400319422,-0.008792470400319422,-0.008792470400319422,-0.008792470400319422,-0.008792470400319422,-0.008792470400319422,-0.008792470400319422,-0.008792470400319422,-0.008792470400319422,-0.008792470400319422
2020-11-24,-0.012205956368141846,-0.012205956368141846,-0.012205956368141846,-0.012205956368141846,-0.012205956368141846,-0.012205956368141846,-0.012205956368141846,-0.012205956368141846,-0.012205956368141846,-0.012205956368141846,-0.012205956368141846
2020-11-25,0.0009447045533353916,0.0009447045533353916,0.0009447045533353916,0.0009447045533353916,0.0009447045533353916,0.0009447045533353916,0.0009447045533353916,0.0009447045533353916,0.0009447045533353916,0.0009447045533353916,0.0009447045533353916
2020-11-27,0.003885886697276973,0.003885886697276973,0.003885886697276973,0.003885886697276973,0.003885886697276973,0.003885886697276973,0.003885886697276973,0.003885886697276973,0.003885886697276973,0.003885886697276973,0.003885886697276973
2020-11-30,-0.003642689952102395,-0.003642689952102395,-0.003642689952102395,-0.003642689952102395,-0.003642689952102395,-0.003642689952102395,-0.003642689952102395,-0.003642689952102395,-0.003959976029542673,-0.004277262106982951,-0.004911834261863507
2020-12-01,0.017385301785012887,0.017385301785012887,0.017385301785012887,0.017385301785012887,0.017385301785012887,0.017385301785012887,0.017385301785012887,0.017385301785012887,0.017385301785012887,0.017385301785012887,0.017385301785012887
2020-12-02,0.003223608210439637,0.003223608210439637,0.003223608210439637,0.003223608210439637,0.003223608210439637,0.003223608210439637,0.003223608210439637,0.003223608210439637,0.003026376651268816,0.0028291450920979954,0.002434681973756354
2020-12-03,0.007855914669992433,0.007855914669992433,0.007855914669992433,0.007855914669992433,0.007855914669992433,0.007855914669992433,0.007855914669992433,0.007855914669992433,0.007855914669992433,0.007855914669992433,0.007855914669992433
2020-12-04,0.003843832585114253,0.003843832585114253,0.003843832585114253,0.003843832585114253,0.003843832585114253,0.003843832585114253,0.003843832585114253,0.003843832585114253,0.003843832585114253,0.003843832585114253,0.003843832585114253
2020-12-07,0.009254318392075309,0.009254318392075309,0.009254318392075309,0.009254318392075309,0.009254318392075309,0.009254318392075309,0.009254318392075309,0.009254318392075309,0.009254318392075309,0.009254318392075309,0.009254318392075309
2020-12-08,0.010061311447208763,0.010061311447208763,0.010061311447208763,0.010061311447208763,0.010061311447208763,0.010061311447208763,0.010061311447208763,0.010061311447208763,0.010061311447208763,0.010061311447208763,0.010061311447208763
2020-12-09,-0.019679970496124827,-0.019679970496124827,-0.019679970496124827,-0.019679970496124827,-0.019679970496124827,-0.019679970496124827,-0.019679970496124827,-0.019679970496124827,-0.019679970496124827,-0.019679970496124827,-0.019679970496124827
2020-12-10,0.005217764186496559,0.005217764186496559,0.005217764186496559,0.005217764186496559,0.005217764186496559,0.005217764186496559,0.005217764186496559,0.005217764186496559,0.005217764186496559,0.005217764186496559,0.005217764186496559
2020-12-11,-0.0007917755486112239,-0.0007917755486112239,-0.0007917755486112239,-0.0007917755486112239,-0.0007917755486112239,-0.0007917755486112239,-0.0007917755486112239,-0.0007917755486112239,5.883219464460207e-05,0.0009094399379004281,0.00261065542441208
2020-12-14,-0.008348278800209556,-0.008348278800209556,-0.008348278800209556,-0.008348278800209556,-0.008348278800209556,-0.008348278800209556,-0.008348278800209556,-0.008348278800209556,-0.008348278800209556,-0.008348278800209556,-0.008348278800209556
2020-12-15,0.015352646432723273,0.015352646432723273,0.015352646432723273,0.015352646432723273,0.015352646432723273,0.015352646432723273,0.015352646432723273,0.015352646432723273,0.015352646432723273,0.015352646432723273,0.015352646432723273
2020-12-16,0.00507385050496564,0.00507385050496564,0.00507385050496564,0.00507385050496564,0.00507385050496564,0.00507385050496564,0.00507385050496564,0.00507385050496564,0.004228382345324035,0.0033829141856824303,0.0016919778663992214
2020-12-17,0.008893186928005914,0.008893186928005914,0.008893186928005914,0.008893186928005914,0.008893186928005914,0.008893186928005914,0.008893186928005914,0.008893186928005914,0.008893186928005914,0.008893186928005914,0.008893186928005914
2020-12-18,-0.006501466746030748,-0.006501466746030748,-0.006501466746030748,-0.006501466746030748,-0.006501466746030748,-0.006501466746030748,-0.006501466746030748,-0.006501466746030748,-0.006501466746030748,-0.006501466746030748,-0.006501466746030748
2020-12-21,-0.007673392318813689,-0.007673392318813689,-0.007673392318813689,-0.007673392318813689,-0.007673392318813689,-0.007673392318813689,-0.007673392318813689,-0.007673392318813689,-0.007673392318813689,-0.007673392318813689,-0.007673392318813689
2020-12-22,0.0014040830923231352,0.0014040830923231352,0.0014040830923231352,0.0014040830923231352,0.0014040830923231352,0.0014040830923231352,0.0014040830923231352,0.0014040830923231352,0.0009417501700956133,0.00047941724786809106,-0.0004452485965869531
2020-12-23,0.0027349053713754726,0.0027349053713754726,0.0027349053713754726,0.0027349053713754726,0.0027349053713754726,0.0027349053713754726,0.0027349053713754726,0.0027349053713754726,0.0027349053713754726,0.0027349053713754726,0.0027349053713754726
2020-12-24,0.007874530135321418,0.007874530135321418,0.007874530135321418,0.007874530135321418,0.007874530135321418,0.007874530135321418,0.007874530135321418,0.007874530135321418,0.007874530135321418,0.007874530135321418,0.007874530135321418
2020-12-28,-0.0013985672025085872,-0.0013985672025085872,-0.0013985672025085872,-0.0013985672025085872,-0.0013985672025085872,-0.0013985672025085872,-0.0013985672025085872,-0.0013985672025085872,-0.0013985672025085872,-0.0013985672025085872,-0.0013985672025085872
2020-12-29,-0.0025902654774213087,-0.0025902654774213087,-0.0025902654774213087,-0.0025902654774213087,-0.0025902654774213087,-0.0025902654774213087,-0.0025902654774213087,-0.0025902654774213087,-0.0025902654774213087,-0.0025902654774213087,-0.0025902654774213087
2020-12-30,0.007702428439799134,0.007702428439799134,0.007702428439799134,0.007702428439799134,0.007702428439799134,0.007702428439799134,0.007702428439799134,0.007702428439799134,0.007702428439799134,0.007702428439799134,0.007702428439799134
2020-12-31,0.0027179084183987343,0.0027179084183987343,0.0027179084183987343,0.0027179084183987343,0.0027179084183987343,0.0027179084183987343,0.0027179084183987343,0.0027179084183987343,0.0027179084183987343,0.0027179084183987343,0.0027179084183987343
2021-01-04,-0.01380473646212655,-0.01380473646212655,-0.01380473646212655,-0.01380473646212655,-0.01380473646212655,-0.01380473646212655,-0.01380473646212655,-0.01380473646212655,-0.01380473646212655,-0.01380473646212655,-0.01380473646212655
2021-01-05,0.013498328974537739,0.013498328974537739,0.013498328974537739,0.013498328974537739,0.013498328974537739,0.013498328974537739,0.013498328974537739,0.013498328974537739,0.013498328974537739,0.013498328974537739,0.013498328974537739
2021-01-06,0.002061872788951912,0.002061872788951912,0.002061872788951912,0.002061872788951912,0.002061872788951912,0.002061872788951912,0.002061872788951912,0.002061872788951912,0.002061872788951912,0.002061872788951912,0.002061872788951912
2021-01-07,0.02287387008382793,0.02287387008382793,0.02287387008382793,0.02287387008382793,0.02287387008382793,0.02287387008382793,0.02287387008382793,0.02287387008382793,0.02287387008382793,0.02287387008382793,0.02287387008382793
2021-01-08,-0.010240449551414172,-0.010240449551414172,-0.010240449551414172,-0.010240449551414172,-0.010240449551414172,-0.010240449551414172,-0.010240449551414172,-0.010240449551414172,-0.010240449551414172,-0.010240449551414172,-0.010240449551414172
2021-01-11,-0.01035355850516326,-0.01035355850516326,-0.01035355850516326,-0.01035355850516326,-0.01035355850516326,-0.01035355850516326,-0.01035355850516326,-0.01035355850516326,-0.01035355850516326,-0.01035355850516326,-0.01035355850516326
2021-01-12,0.006548811837951524,0.006548811837951524,0.006548811837951524,0.006548811837951524,0.006548811837951524,0.006548811837951524,0.006548811837951524,0.006548811837951524,0.006548811837951524,0.006548811837951524,0.006548811837951524
2021-01-13,0.008066436293641711,0.008066436293641711,0.008066436293641711,0.008066436293641711,0.008066436293641711,0.008066436293641711,0.008066436293641711,0.008066436293641711,0.0076582077158436025,0.007249979138045494,0.006433521982449276
2021-01-14,-0.008878848256448725,-0.008878848256448725,-0.008878848256448725,-0.008878848256448725,-0.008878848256448725,-0.008878848256448725,-0.008878848256448725,-0.008878848256448725,-0.008878848256448725,-0.008878848256448725,-0.008878848256448725
2021-01-15,-0.011033087749447206,-0.011033087749447206,-0.011033087749447206,-0.011033087749447206,-0.011033087749447206,-0.011033087749447206,-0.011033087749447206,-0.011033087749447206,-0.011033087749447206,-0.011033087749447206,-0.011033087749447206
2021-01-19,0.014574169168433782,0.014574169168433782,0.014574169168433782,0.014574169168433782,0.014574169168433782,0.014574169168433782,0.014574169168433782,0.014574169168433782,0.013913132234741101,0.01325209530104842,0.01193002143366306
2021-01-20,0.018033925262698015,0.018033925262698015,0.018033925262698015,0.018033925262698015,0.018033925262698015,0.018033925262698015,0.018033925262698015,0.018033925262698015,0.018033925262698015,0.018033925262698015,0.018033925262698015
2021-01-21,-0.004826901796810266,-0.004826901796810266,-0.004826901796810266,-0.004826901796810266,-0.004826901796810266,-0.004826901796810266,-0.004826901796810266,-0.004826901796810266,-0.004826901796810266,-0.004826901796810266,-0.004826901796810266
2021-01-22,-0.004002120122036967,-0.004002120122036967,-0.004002120122036967,-0.004002120122036967,-0.004002120122036967,-0.004002120122036967,-0.004002120122036967,-0.004002120122036967,-0.004002120122036967,-0.004002120122036967,-0.004002120122036967
2021-01-25,0.006263054818869761,0.006263054818869761,0.006263054818869761,0.006263054818869761,0.006263054818869761,0.006263054818869761,0.006263054818869761,0.006263054818869761,0.007289237336194333,0.008315419853518906,0.010367784888168053
2021-01-26,-0.004128639559665922,-0.004128639559665922,-0.004128639559665922,-0.004128639559665922,-0.004128639559665922,-0.004128639559665922,-0.004128639559665922,-0.004128639559665922,-0.004128639559665922,-0.004128639559665922,-0.004128639559665922
2021-01-27,-0.020772231934783197,-0.020772231934783197,-0.020772231934783197,-0.020772231934783197,-0.020772231934783197,-0.020772231934783197,-0.020772231934783197,-0.020772231934783197,-0.020772231934783197,-0.020772231934783197,-0.020772231934783197
2021-01-28,-0.0015234965373415535,-0.0015234965373415535,-0.0015234965373415535,-0.0015234965373415535,-0.0015234965373415535,-0.0015234965373415535,-0.0015234965373415535,-0.0015234965373415535,-0.0020394158347312383,-0.0025553351321209237,-0.0035871737269002942
2021-01-29,-0.01424805223384544,-0.01424805223384544,-0.01424805223384544,-0.01424805223384544,-0.01424805223384544,-0.01424805223384544,-0.01424805223384544,-0.01424805223384544,-0.01424805223384544,-0.01424805223384544,-0.01424805223384544
2021-02-01,0.029218924664045486,0.029218924664045486,0.029218924664045486,0.029218924664045486,0.029218924664045486,0.029218924664045486,0.029218924664045486,0.029218924664045486,0.029218924664045486,0.029218924664045486,0.029218924664045486
2021-02-02,0.01654436253100556,0.01654436253100556,0.01654436253100556,0.01654436253100556,0.01654436253100556,0.01654436253100556,0.01654436253100556,0.01654436253100556,0.01469136876546749,0.012838374999929422,0.009132387468853288
2021-02-03,0.004034580998173752,0.004034580998173752,0.004034580998173752,0.004034580998173752,0.004034580998173752,0.004034580998173752,0.004034580998173752,0.004034580998173752,0.004034580998173752,0.004034580998173752,0.004034580998173752
2021-02-04,0.007355971370374639,0.007355971370374639,0.007355971370374639,0.007355971370374639,0.007355971370374639,0.007355971370374639,0.007355971370374639,0.007355971370374639,0.007355971370374639,0.007355971370374639,0.007355971370374639
2021-02-05,0.008801087358211326,0.008801087358211326,0.008801087358211326,0.008801087358211326,0.008801087358211326,0.008801087358211326,0.008801087358211326,0.008801087358211326,0.008801087358211326,0.008801087358211326,0.008801087358211326
2021-02-08,0.013932088786207702,0.013932088786207702,0.013932088786207702,0.013932088786207702,0.013932088786207702,0.013932088786207702,0.013932088786207702,0.013932088786207702,0.013932088786207702,0.013932088786207702,0.013932088786207702
2021-02-09,0.0017430229924149596,0.0017430229924149596,0.0017430229924149596,0.0017430229924149596,0.0017430229924149596,0.0017430229924149596,0.0017430229924149596,0.0017430229924149596,0.0017430229924149596,0.0017430229924149596,0.0017430229924149596
2021-02-10,0.003859774092668602,0.003859774092668602,0.003859774092668602,0.003859774092668602,0.003859774092668602,0.003859774092668602,0.003859774092668602,0.003859774092668602,0.003859774092668602,0.003859774092668602,0.003859774092668602
2021-02-11,-0.0037417963223757606,-0.0037417963223757606,-0.0037417963223757606,-0.0037417963223757606,-0.0037417963223757606,-0.0037417963223757606,-0.0037417963223757606,-0.0037417963223757606,-0.0037417963223757606,-0.0037417963223757606,-0.0037417963223757606
2021-02-12,-0.003820133917318734,-0.003820133917318734,-0.003820133917318734,-0.003820133917318734,-0.003820133917318734,-0.003820133917318734,-0.003820133917318734,-0.003820133917318734,-0.003820133917318734,-0.003820133917318734,-0.003820133917318734
2021-02-16,-0.01828905294790614,-0.01828905294790614,-0.01828905294790614,-0.01828905294790614,-0.01828905294790614,-0.01828905294790614,-0.01828905294790614,-0.01828905294790614,-0.01828905294790614,-0.01828905294790614,-0.01828905294790614
2021-02-17,-0.00043701248995346915,-0.00043701248995346915,-0.00043701248995346915,-0.00043701248995346915,-0.00043701248995346915,-0.00043701248995346915,-0.00043701248995346915,-0.00043701248995346915,-0.00043701248995346915,-0.00043701248995346915,-0.00043701248995346915
2021-02-18,-0.006559683614859672,-0.006559683614859672,-0.006559683614859672,-0.006559683614859672,-0.006559683614859672,-0.006559683614859672,-0.006559683614859672,-0.006559683614859672,-0.006468674757270982,-0.0063776658996822925,-0.006195648184504912
2021-02-19,-0.002088911371728302,-0.002088911371728302,-0.002088911371728302,-0.002088911371728302,-0.002088911371728302,-0.002088911371728302,-0.002088911371728302,-0.002088911371728302,-0.002088911371728302,-0.002088911371728302,-0.002088911371728302
2021-02-22,-0.008496956353984527,-0.008496956353984527,-0.008496956353984527,-0.008496956353984527,-0.008496956353984527,-0.008496956353984527,-0.008496956353984527,-0.008496956353984527,-0.007450418636905593,-0.00640388091982666,-0.004310805485668792
2021-02-23,9.708933961441067e-05,9.708933961441067e-05,9.708933961441067e-05,9.708933961441067e-05,9.708933961441067e-05,9.708933961441067e-05,9.708933961441067e-05,9.708933961441067e-05,9.708933961441067e-05,9.708933961441067e-05,9.708933961441067e-05
2021-02-24,0.0007433773403902702,0.0007433773403902702,0.0007433773403902702,0.0007433773403902702,0.0007433773403902702,0.0007433773403902702,0.0007433773403902702,0.0007433773403902702,0.0007433773403902702,0.0007433773403902702,0.0007433773403902702
2021-02-25,-0.04836903157326189,-0.04432751477365257,-0.04028599797404325,-0.04836903157326189,-0.04836903157326189,-0.04836903157326189,-0.04836903157326189,-0.04836903157326189,-0.04432751477365257,-0.04028599797404325,-0.03220296437482462
2021-02-26,0.03054704161539448,0.02961898788891338,0.02869093416243228,0.03054704161539448,0.03054704161539448,0.03054704161539448,0.03054704161539448,0.03054704161539448,0.03054704161539448,0.03054704161539448,0.03054704161539448
2021-03-01,0.03014583004576835,0.02843304798729234,0.026720265928816336,0.03014583004576835,0.03014583004576835,0.03014583004576835,0.03014583004576835,0.03014583004576835,0.02843304798729234,0.026720265928816336,0.023294701811864323
2021-03-02,-0.007781903992301429,-0.007621560226590921,-0.0074612164608804125,-0.007781903992301429,-0.007781903992301429,-0.007781903992301429,-0.007781903992301429,-0.007781903992301429,-0.007781903992301429,-0.007781903992301429,-0.007781903992301429
2021-03-03,-0.027497879003130072,-0.02652827101257434,-0.025558663022018605,-0.027497879003130072,-0.027497879003130072,-0.027497879003130072,-0.027497879003130072,-0.027497879003130072,-0.027497879003130072,-0.027497879003130072,-0.027497879003130072
2021-03-04,-0.02690816844374576,-0.026077315079674743,-0.025246461715603723,-0.02690816844374576,-0.02690816844374576,-0.02690816844374576,-0.02690816844374576,-0.02690816844374576,-0.02690816844374576,-0.02690816844374576,-0.02690816844374576
2021-03-05,0.025879449524754815,0.0244599599421951,0.023040470359635384,0.025879449524754815,0.025879449524754815,0.025879449524754815,0.025879449524754815,0.025879449524754815,0.0244599599421951,0.023040470359635384,0.020201491194515954
2021-03-08,-0.013643806212918014,-0.013662475818339228,-0.013681145423760442,-0.013643806212918014,-0.013643806212918014,-0.013643806212918014,-0.013643806212918014,-0.013643806212918014,-0.013662475818339228,-0.013681145423760442,-0.013718484634602868
2021-03-09,0.03206406786247023,0.03147532325156286,0.030886578640655492,0.03206406786247023,0.03206406786247023,0.03206406786247023,0.03206406786247023,0.03206406786247023,0.03206406786247023,0.03206406786247023,0.03206406786247023
2021-03-10,0.009151385073926441,0.008888098820273584,0.008624812566620727,0.009151385073926441,0.009151385073926441,0.009151385073926441,0.009151385073926441,0.009151385073926441,0.008888098820273584,0.008624812566620727,0.00809824005931501
2021-03-11,0.004485115190236429,0.0039089639618382485,0.0033328127334400675,0.0039089639618382485,0.0033328127334400675,0.004485115190236429,0.004485115190236429,0.004485115190236429,0.004485115190236429,0.004485115190236429,0.004485115190236429
2021-03-12,-0.013280678842329467,-0.01331314555904805,-0.01334561227576663,-0.01331314555904805,-0.01334561227576663,-0.013280678842329467,-0.013280678842329467,-0.013280678842329467,-0.013280678842329467,-0.013280678842329467,-0.013280678842329467
2021-03-15,0.017360437610006094,0.015605573599681873,0.013850709589357654,0.017360437610006094,0.017360437610006094,0.017360437610006094,0.017360437610006094,0.017360437610006094,0.017360437610006094,0.017360437610006094,0.017360437610006094
2021-03-16,-0.0034830149467537114,-0.003763314230208856,-0.004043613513664001,-0.0034830149467537114,-0.0034830149467537114,-0.0034830149467537114,-0.0034830149467537114,-0.0034830149467537114,-0.0034830149467537114,-0.0034830149467537114,-0.0034830149467537114
2021-03-17,0.0034672998330589296,0.0027965576443665114,0.0021258154556740923,0.0034672998330589296,0.0034672998330589296,0.0034672998330589296,0.0034672998330589296,0.0034672998330589296,0.0034672998330589296,0.0034672998330589296,0.0034672998330589296
2021-03-18,-0.02660958145467537,-0.025035549425520626,-0.023461517396365882,-0.02660958145467537,-0.02660958145467537,-0.02660958145467537,-0.02660958145467537,-0.02660958145467537,-0.02660958145467537,-0.02660958145467537,-0.02660958145467537
2021-03-19,0.010652926811689483,0.009753074530681312,0.00885322224967314,0.010652926811689483,0.010652926811689483,0.010652926811689483,0.010652926811689483,0.010652926811689483,0.010652926811689483,0.010652926811689483,0.010652926811689483
2021-03-22,0.018814381534722695,0.016594561781357774,0.014374742027992849,0.018814381534722695,0.018814381534722695,0.018814381534722695,0.018814381534722695,0.018814381534722695,0.016594561781357774,0.014374742027992849,0.009935102521263001
2021-03-23,-0.006422619742352979,-0.005093775020631868,-0.0037649302989107574,-0.006422619742352979,-0.006422619742352979,-0.006422619742352979,-0.006422619742352979,-0.006422619742352979,-0.006422619742352979,-0.006422619742352979,-0.006422619742352979
2021-03-24,0.002616116441776559,0.002893242520802709,0.003170368599828859,0.002893242520802709,0.003170368599828859,0.002616116441776559,0.002616116441776559,0.002616116441776559,0.002616116441776559,0.002616116441776559,0.002616116441776559
2021-03-25,-0.004682219627487449,-0.005511428557450538,-0.0063406374874136265,-0.004682219627487449,-0.004682219627487449,-0.004682219627487449,-0.004682219627487449,-0.004682219627487449,-0.004682219627487449,-0.004682219627487449,-0.004682219627487449
2021-03-26,0.0057276915062112,0.004441525451545303,0.003155359396879405,0.0057276915062112,0.0057276915062112,0.0057276915062112,0.0057276915062112,0.0057276915062112,0.0057276915062112,0.0057276915062112,0.0057276915062112
2021-03-29,-0.01952643066421602,-0.01860855267276184,-0.017690674681307663,-0.01952643066421602,-0.01952643066421602,-0.01952643066421602,-0.01952643066421602,-0.01952643066421602,-0.01952643066421602,-0.01952643066421602,-0.01952643066421602
2021-03-30,0.0015549772244389205,0.0005346703955621822,-0.00048563643331455715,0.0015549772244389205,0.0015549772244389205,0.0015549772244389205,0.0015549772244389205,0.0015549772244389205,0.0015549772244389205,0.0015549772244389205,0.0015549772244389205
2021-03-31,0.0027521573716642505,0.0025426945989916573,0.0023332318263190642,0.0027521573716642505,0.0027521573716642505,0.0027521573716642505,0.0027521573716642505,0.0027521573716642505,0.0025426945989916573,0.0023332318263190642,0.001914306280973878
2021-04-01,0.02803468026837466,0.026763408980037914,0.02549213769170117,0.02803468026837466,0.02803468026837466,0.02803468026837466,0.02803468026837466,0.02803468026837466,0.02803468026837466,0.02803468026837466,0.02803468026837466
2021-04-05,0.011878176994048216,0.011502346517199436,0.011126516040350656,0.011878176994048216,0.011878176994048216,0.011878176994048216,0.011878176994048216,0.011878176994048216,0.011878176994048216,0.011878176994048216,0.011878176994048216
2021-04-06,0.005835778003552725,0.005919646742215818,0.0060035154808789105,0.005835778003552725,0.005835778003552725,0.005835778003552725,0.005835778003552725,0.005835778003552725,0.005835778003552725,0.005835778003552725,0.005835778003552725
2021-04-07,-0.00038071040242716606,-0.001214531792530906,-0.0020483531826346454,-0.00038071040242716606,-0.00038071040242716606,-0.00038071040242716606,-0.00038071040242716606,-0.00038071040242716606,-0.00038071040242716606,-0.00038071040242716606,-0.00038071040242716606
2021-04-08,0.014994289743115717,0.014553387723789956,0.014112485704464196,0.014994289743115717,0.014994289743115717,0.014994289743115717,0.014994289743115717,0.014994289743115717,0.014994289743115717,0.014994289743115717,0.014994289743115717
2021-04-09,3.6069995541680976e-05,-1.636152736398508e-05,-6.879305026965112e-05,3.6069995541680976e-05,3.6069995541680976e-05,3.6069995541680976e-05,3.6069995541680976e-05,3.6069995541680976e-05,-1.636152736398508e-05,-6.879305026965112e-05,-0.0001736560960809832
2021-04-12,-0.0014882874417267169,-0.002010866513885498,-0.0025334455860442787,-0.0014882874417267169,-0.0014882874417267169,-0.0014882874417267169,-0.0014882874417267169,-0.0014882874417267169,-0.0014882874417267169,-0.0014882874417267169,-0.0014882874417267169
2021-04-13,0.009565477909578636,0.009640243335188184,0.009715008760797735,0.009565477909578636,0.009565477909578636,0.009565477909578636,0.009565477909578636,0.009565477909578636,0.009565477909578636,0.009565477909578636,0.009565477909578636
2021-04-14,-0.006571249019648466,-0.006296180033693183,-0.006021111047737899,-0.006571249019648466,-0.006571249019648466,-0.006571249019648466,-0.006571249019648466,-0.006571249019648466,-0.006571249019648466,-0.006571249019648466,-0.006571249019648466
2021-04-15,0.02716943458823899,0.026498512479869674,0.025827590371500356,0.02716943458823899,0.02716943458823899,0.02716943458823899,0.02716943458823899,0.02716943458823899,0.02716943458823899,0.02716943458823899,0.02716943458823899
2021-04-16,0.0018255299813246344,0.00142118312308801,0.0010168362648513857,0.0018255299813246344,0.0018255299813246344,0.0018255299813246344,0.0018255299813246344,0.0018255299813246344,0.00142118312308801,0.0010168362648513857,0.00020814254837813687
2021-04-19,-0.010263667240690513,-0.009332259419201272,-0.008400851597712028,-0.010263667240690513,-0.010263667240690513,-0.010263667240690513,-0.010263667240690513,-0.010263667240690513,-0.010263667240690513,-0.010263667240690513,-0.010263667240690513
2021-04-20,-0.0025924631466484652,-0.0019441728111211165,-0.0012958824755937679,-0.0025924631466484652,-0.0025924631466484652,-0.0025924631466484652,-0.0025924631466484652,-0.0025924631466484652,-0.0025924631466484652,-0.0025924631466484652,-0.0025924631466484652
2021-04-21,0.01865221888183847,0.017215982977586024,0.015779747073333582,0.01865221888183847,0.01865221888183847,0.01865221888183847,0.01865221888183847,0.01865221888183847,0.017215982977586024,0.015779747073333582,0.0129072752648287
2021-04-22,-0.011510922214562253,-0.009915737516881896,-0.008320552819201538,-0.011510922214562253,-0.011510922214562253,-0.011510922214562253,-0.011510922214562253,-0.011510922214562253,-0.011510922214562253,-0.011510922214562253,-0.011510922214562253
2021-04-23,0.0065161378861199205,0.005527058827041438,0.004537979767962956,0.0065161378861199205,0.0065161378861199205,0.0065161378861199205,0.0065161378861199205,0.0065161378861199205,0.0065161378861199205,0.0065161378861199205,0.0065161378861199205
2021-04-26,0.0013389368839709958,0.0011405984661889519,0.0009422600484069077,0.0013389368839709958,0.0013389368839709958,0.0013389368839709958,0.0013389368839709958,0.0013389368839709958,0.0013389368839709958,0.0013389368839709958,0.0013389368839709958
2021-04-27,-0.0040541676816036295,-0.004648387312368964,-0.005242606943134299,-0.004648387312368964,-0.005242606943134299,-0.0040541676816036295,-0.0040541676816036295,-0.0040541676816036295,-0.0040541676816036295,-0.0040541676816036295,-0.0040541676816036295
2021-04-28,0.001720359883265019,0.001875170666958654,0.002029981450652289,0.001875170666958654,0.002029981450652289,0.001720359883265019,0.001720359883265019,0.001720359883265019,0.001720359883265019,0.001720359883265019,0.001720359883265019
2021-04-29,-0.004114512292081575,-0.0044555793114495045,-0.004796646330817434,-0.0044555793114495045,-0.004796646330817434,-0.004114512292081575,-0.004114512292081575,-0.004114512292081575,-0.0044555793114495045,-0.004796646330817434,-0.005478780369553293
2021-04-30,-0.0018293624642157693,-0.0009650179162102967,-0.00010067336820482442,-0.0009650179162102967,-0.00010067336820482442,-0.0018293624642157693,-0.0018293624642157693,-0.0018293624642157693,-0.0018293624642157693,-0.0018293624642157693,-0.0018293624642157693
2021-05-03,0.013463692424208066,0.012432202139401534,0.011400711854595,0.012432202139401534,0.011400711854595,0.013463692424208066,0.013463692424208066,0.013463692424208066,0.013463692424208066,0.013463692424208066,0.013463692424208066
2021-05-04,-0.016901350563911264,-0.01575765164404464,-0.014613952724178024,-0.01575765164404464,-0.014613952724178024,-0.016901350563911264,-0.016901350563911264,-0.016901350563911264,-0.016901350563911264,-0.016901350563911264,-0.016901350563911264
2021-05-05,0.004956796120064645,0.004241702478802111,0.0035266088375395773,0.004241702478802111,0.0035266088375395773,0.004956796120064645,0.004956796120064645,0.004956796120064645,0.004956796120064645,0.004956796120064645,0.004956796120064645
2021-05-06,0.015944235199003554,0.015774308858479694,0.015604382517955833,0.015774308858479694,0.015604382517955833,0.015944235199003554,0.015944235199003554,0.015944235199003554,0.015944235199003554,0.015944235199003554,0.015944235199003554
2021-05-07,0.02093526312773505,0.019419473768788782,0.017903684409842514,0.019419473768788782,0.017903684409842514,0.02093526312773505,0.02093526312773505,0.02093526312773505,0.02093526312773505,0.02093526312773505,0.02093526312773505
2021-05-10,-0.017129749650520013,-0.016251303012648845,-0.015372856374777675,-0.016251303012648845,-0.015372856374777675,-0.017129749650520013,-0.017129749650520013,-0.017129749650520013,-0.017129749650520013,-0.017129749650520013,-0.017129749650520013
2021-05-11,-0.016377471090782185,-0.014234697485003965,-0.012091923879225745,-0.014234697485003965,-0.012091923879225745,-0.016377471090782185,-0.016377471090782185,-0.016377471090782185,-0.016377471090782185,-0.016377471090782185,-0.016377471090782185
2021-05-12,-0.04363303037698631,-0.0390024533601607,-0.03437187634333508,-0.0390024533601607,-0.03437187634333508,-0.04363303037698631,-0.04363303037698631,-0.04363303037698631,-0.04363303037698631,-0.04363303037698631,-0.04363303037698631
2021-05-13,0.020671552279805147,0.01799744515222005,0.01532333802463495,0.01799744515222005,0.01532333802463495,0.020671552279805147,0.020671552279805147,0.020671552279805147,0.020671552279805147,0.020671552279805147,0.020671552279805147
2021-05-14,0.03575752623327357,0.032092179254649716,0.02842683227602586,0.032092179254649716,0.02842683227602586,0.03575752623327357,0.03575752623327357,0.03575752623327357,0.032092179254649716,0.02842683227602586,0.021096138318778147
2021-05-17,0.0010931180530219771,0.001923253713001756,0.0027533893729815347,0.001923253713001756,0.0027533893729815347,0.0010931180530219771,0.0010931180530219771,0.0010931180530219771,0.0010931180530219771,0.0010931180530219771,0.0010931180530219771
2021-05-18,-0.006122226752745541,-0.005790535066923436,-0.00545884338110133,-0.005790535066923436,-0.00545884338110133,-0.006122226752745541,-0.006122226752745541,-0.006122226752745541,-0.006122226752745541,-0.006122226752745541,-0.006122226752745541
2021-05-19,-0.008357441713149345,-0.006933506197533835,-0.005509570681918322,-0.006933506197533835,-0.005509570681918322,-0.008357441713149345,-0.008357441713149345,-0.008357441713149345,-0.008357441713149345,-0.008357441713149345,-0.008357441713149345
2021-05-20,0.019847271455096526,0.01834402567318368,0.016840779891270828,0.01834402567318368,0.016840779891270828,0.019847271455096526,0.019847271455096526,0.019847271455096526,0.019847271455096526,0.019847271455096526,0.019847271455096526
2021-05-21,0.004013963816326408,0.003463967144382499,0.0029139704724385892,0.003463967144382499,0.0029139704724385892,0.004013963816326408,0.004013963816326408,0.004013963816326408,0.004013963816326408,0.004013963816326408,0.004013963816326408
2021-05-24,0.013112873554459965,0.012061101718420581,0.011009329882381198,0.012061101718420581,0.011009329882381198,0.013112873554459965,0.013112873554459965,0.013112873554459965,0.013112873554459965,0.013112873554459965,0.013112873554459965
2021-05-25,0.006514674260204795,0.006583723770342349,0.006652773280479902,0.006583723770342349,0.006652773280479902,0.006514674260204795,0.006514674260204795,0.006514674260204795,0.006514674260204795,0.006514674260204795,0.006514674260204795
2021-05-26,0.005316551801721816,0.004253211708921901,0.0031898716161219876,0.004253211708921901,0.0031898716161219876,0.005316551801721816,0.005316551801721816,0.005316551801721816,0.005316551801721816,0.005316551801721816,0.005316551801721816
2021-05-27,0.0011395963924075102,0.00036901606367051917,-0.00040156426506647146,0.00036901606367051917,-0.00040156426506647146,0.0011395963924075102,0.0011395963924075102,0.0011395963924075102,0.0011395963924075102,0.0011395963924075102,0.0011395963924075102
2021-05-28,0.0003714870537310547,0.0006398239368450644,0.0009081608199590742,0.0006398239368450644,0.0009081608199590742,0.0003714870537310547,0.0003714870537310547,0.0003714870537310547,0.0003714870537310547,0.0003714870537310547,0.0003714870537310547
2021-06-01,-0.005008575796779367,-0.00422827524941102,-0.003447974702042672,-0.00422827524941102,-0.003447974702042672,-0.005008575796779367,-0.005008575796779367,-0.005008575796779367,-0.005008575796779367,-0.005008575796779367,-0.005008575796779367
2021-06-02,0.008574828200897229,0.007729331941162966,0.006883835681428704,0.007729331941162966,0.006883835681428704,0.008574828200897229,0.008574828200897229,0.008574828200897229,0.008574828200897229,0.008574828200897229,0.008574828200897229
2021-06-03,-0.022087774234622413,-0.021443856562012795,-0.020799938889403177,-0.021443856562012795,-0.020799938889403177,-0.022087774234622413,-0.022087774234622413,-0.022087774234622413,-0.022087774234622413,-0.022087774234622413,-0.022087774234622413
2021-06-04,0.023757559321098496,0.021993379120118235,0.020229198919137974,0.021993379120118235,0.020229198919137974,0.023757559321098496,0.023757559321098496,0.023757559321098496,0.023757559321098496,0.023757559321098496,0.023757559321098496
2021-06-07,0.005760121819190851,0.005201889072110862,0.004643656325030872,0.005201889072110862,0.004643656325030872,0.005760121819190851,0.005760121819190851,0.005760121819190851,0.005201889072110862,0.004643656325030872,0.003527190830870893
2021-06-08,0.002482217543632621,0.002797423762640656,0.0031126299816486916,0.002797423762640656,0.0031126299816486916,0.002482217543632621,0.002482217543632621,0.002482217543632621,0.002482217543632621,0.002482217543632621,0.002482217543632621
2021-06-09,0.0018660765111899059,0.00212101630516723,0.002375956099144554,0.00212101630516723,0.002375956099144554,0.0018660765111899059,0.0018660765111899059,0.0018660765111899059,0.0018660765111899059,0.0018660765111899059,0.0018660765111899059
2021-06-10,0.013999727147668325,0.012718920268282077,0.011438113388895828,0.012718920268282077,0.011438113388895828,0.013999727147668325,0.013999727147668325,0.013999727147668325,0.013999727147668325,0.013999727147668325,0.013999727147668325
2021-06-11,-0.0035706937937877176,-0.004189707956949809,-0.0048087221201119,-0.004189707956949809,-0.0048087221201119,-0.0035706937937877176,-0.0035706937937877176,-0.0035706937937877176,-0.0035706937937877176,-0.0035706937937877176,-0.0035706937937877176
2021-06-14,-0.008333286198504077,-0.008115015357433867,-0.007896744516363657,-0.008115015357433867,-0.007896744516363657,-0.008333286198504077,-0.008333286198504077,-0.008333286198504077,-0.008333286198504077,-0.008333286198504077,-0.008333286198504077
2021-06-15,-0.007677969856186318,-0.006873739904689972,-0.0060695099531936254,-0.006873739904689972,-0.0060695099531936254,-0.007677969856186318,-0.007677969856186318,-0.007677969856186318,-0.007677969856186318,-0.007677969856186318,-0.007677969856186318
2021-06-16,-0.013578935658450534,-0.01351921809977754,-0.013459500541104546,-0.01351921809977754,-0.013459500541104546,-0.013578935658450534,-0.013578935658450534,-0.013578935658450534,-0.013578935658450534,-0.013578935658450534,-0.013578935658450534
2021-06-17,-0.007798056549735706,-0.008074809108863129,-0.008351561667990554,-0.008074809108863129,-0.008351561667990554,-0.007798056549735706,-0.007798056549735706,-0.007798056549735706,-0.008074809108863129,-0.008351561667990554,-0.0089050667862454
2021-06-18,-0.006357375573567093,-0.004221835732301343,-0.0020862958910355936,-0.004221835732301343,-0.0020862958910355936,-0.006357375573567093,-0.006357375573567093,-0.006357375573567093,-0.004221835732301343,-0.0020862958910355936,0.002184783791495906
2021-06-21,0.0104048704275943,0.0084881765483634,0.006571482669132496,0.0084881765483634,0.006571482669132496,0.0084881765483634,0.006571482669132496,0.00273809491067069,0.0104048704275943,0.0104048704275943,0.0104048704275943
2021-06-22,0.007224730871465265,0.006094629249044967,0.004964527626624669,0.006094629249044967,0.004964527626624669,0.006094629249044967,0.004964527626624669,0.0027043243817840706,0.007224730871465265,0.007224730871465265,0.007224730871465265
2021-06-23,1.4694377619732703e-05,-0.0006642188553052905,-0.0013431320882303134,-0.0006642188553052905,-0.0013431320882303134,-0.0006642188553052905,-0.0013431320882303134,-0.0027009585540803595,1.4694377619732703e-05,1.4694377619732703e-05,1.4694377619732703e-05
2021-06-24,0.0041762687722407595,0.0033406955330233068,0.0025051222938058536,0.0033406955330233068,0.0025051222938058536,0.0033406955330233068,0.0025051222938058536,0.0008339758153709472,0.0041762687722407595,0.0041762687722407595,0.0041762687722407595
2021-06-25,-0.00868882161908995,-0.009086877460809925,-0.0094849333025299,-0.009086877460809925,-0.0094849333025299,-0.009086877460809925,-0.0094849333025299,-0.01028104498596985,-0.009086877460809925,-0.0094849333025299,-0.01028104498596985
2021-06-28,0.009067368297498175,0.009199699681201236,0.0093320310649043,0.009199699681201236,0.0093320310649043,0.009199699681201236,0.0093320310649043,0.009596693832310427,0.009067368297498175,0.009067368297498175,0.009067368297498175
2021-06-29,-0.004381714680284145,-0.004034573381431075,-0.0036874320825780044,-0.004034573381431075,-0.0036874320825780044,-0.004034573381431075,-0.0036874320825780044,-0.0029931494848718628,-0.004381714680284145,-0.004381714680284145,-0.004381714680284145
2021-06-30,0.006644728116260051,0.006482015884889099,0.006319303653518147,0.006482015884889099,0.006319303653518147,0.006482015884889099,0.006319303653518147,0.005993879190776243,0.006644728116260051,0.006644728116260051,0.006644728116260051
2021-07-01,0.008607746362798487,0.008050692520300044,0.0074936386778016,0.008050692520300044,0.0074936386778016,0.008050692520300044,0.0074936386778016,0.006379530992804712,0.008607746362798487,0.008607746362798487,0.008607746362798487
2021-07-02,0.010658729025837503,0.01061454504295555,0.010570361060073597,0.01061454504295555,0.010570361060073597,0.01061454504295555,0.010570361060073597,0.01048199309430969,0.010658729025837503,0.010658729025837503,0.010658729025837503
2021-07-06,0.002669728658917068,0.003380146232338152,0.004090563805759235,0.003380146232338152,0.004090563805759235,0.003380146232338152,0.004090563805759235,0.005511398952601401,0.002669728658917068,0.002669728658917068,0.002669728658917068
2021-07-07,0.006312818542443391,0.006356420142520308,0.006400021742597225,0.006356420142520308,0.006400021742597225,0.006356420142520308,0.006400021742597225,0.0064872249427510575,0.006312818542443391,0.006312818542443391,0.006312818542443391
2021-07-08,-0.014549070587498238,-0.012263514484388276,-0.009977958381278313,-0.012263514484388276,-0.009977958381278313,-0.012263514484388276,-0.009977958381278313,-0.005406846175058384,-0.014549070587498238,-0.014549070587498238,-0.014549070587498238
2021-07-09,0.008406800151850179,0.0064220843192606585,0.004437368486671138,0.0064220843192606585,0.004437368486671138,0.0064220843192606585,0.004437368486671138,0.0004679368214920959,0.008406800151850179,0.008406800151850179,0.008406800151850179
2021-07-12,0.0015165628771289241,0.0012116351581920235,0.0009067074392551227,0.0012116351581920235,0.0009067074392551227,0.0012116351581920235,0.0009067074392551227,0.0002968520013813212,0.0015165628771289241,0.0015165628771289241,0.0015165628771289241
2021-07-13,-0.00928464527285734,-0.008832559428015136,-0.008380473583172933,-0.008832559428015136,-0.008380473583172933,-0.008832559428015136,-0.008380473583172933,-0.007476301893488526,-0.00928464527285734,-0.00928464527285734,-0.00928464527285734
2021-07-14,0.013838870607720972,0.013317359020666966,0.012795847433612957,0.013317359020666966,0.012795847433612957,0.013838870607720972,0.013838870607720972,0.013838870607720972,0.013838870607720972,0.013838870607720972,0.013838870607720972
2021-07-15,0.003365270489939869,0.0036867660957587392,0.004008261701577609,0.0036867660957587392,0.004008261701577609,0.003365270489939869,0.003365270489939869,0.003365270489939869,0.003365270489939869,0.003365270489939869,0.003365270489939869
2021-07-16,-0.015497858075261816,-0.014390129643803526,-0.013282401212345234,-0.014390129643803526,-0.013282401212345234,-0.015497858075261816,-0.015497858075261816,-0.015497858075261816,-0.015497858075261816,-0.015497858075261816,-0.015497858075261816
2021-07-19,-0.008859696871266953,-0.005270324036335792,-0.001680951201404629,-0.005270324036335792,-0.001680951201404629,-0.008859696871266953,-0.008859696871266953,-0.008859696871266953,-0.008859696871266953,-0.008859696871266953,-0.008859696871266953
2021-07-20,0.011453198019643833,0.009529884910788329,0.007606571801932825,0.009529884910788329,0.007606571801932825,0.011453198019643833,0.011453198019643833,0.011453198019643833,0.009529884910788329,0.007606571801932825,0.0037599455842218183
2021-07-21,0.0019359878125540467,0.0003591055789538382,-0.0012177766546463704,0.0003591055789538382,-0.0012177766546463704,0.0019359878125540467,0.0019359878125540467,0.0019359878125540467,0.0019359878125540467,0.0019359878125540467,0.0019359878125540467
2021-07-22,0.0056314627748851745,0.00607583980292065,0.006520216830956126,0.00607583980292065,0.006520216830956126,0.0056314627748851745,0.0056314627748851745,0.0056314627748851745,0.0056314627748851745,0.0056314627748851745,0.0056314627748851745
2021-07-23,0.00045755747525812375,0.00043914545237810465,0.00042073342949808555,0.00043914545237810465,0.00042073342949808555,0.00045755747525812375,0.00045755747525812375,0.00045755747525812375,0.00045755747525812375,0.00045755747525812375,0.00045755747525812375
2021-07-26,-0.0013089683020850343,-0.0019042942240079235,-0.0024996201459308136,-0.0019042942240079235,-0.0024996201459308136,-0.0013089683020850343,-0.0013089683020850343,-0.0013089683020850343,-0.0013089683020850343,-0.0013089683020850343,-0.0013089683020850343
2021-07-27,0.003946606160569955,0.0050518864176233745,0.006157166674676793,0.0050518864176233745,0.006157166674676793,0.003946606160569955,0.003946606160569955,0.003946606160569955,0.003946606160569955,0.003946606160569955,0.003946606160569955
2021-07-28,0.006179443343847875,0.005476620417706438,0.004773797491565,0.005476620417706438,0.004773797491565,0.006179443343847875,0.006179443343847875,0.006179443343847875,0.006179443343847875,0.006179443343847875,0.006179443343847875
2021-07-29,0.004962968092650434,0.0045765197428614315,0.00419007139307243,0.0045765197428614315,0.00419007139307243,0.004962968092650434,0.004962968092650434,0.004962968092650434,0.004962968092650434,0.004962968092650434,0.004962968092650434
2021-07-30,-0.005500624149458797,-0.004966976954365841,-0.004433329759272886,-0.004966976954365841,-0.004433329759272886,-0.005500624149458797,-0.005500624149458797,-0.005500624149458797,-0.005500624149458797,-0.005500624149458797,-0.005500624149458797
2021-08-02,-0.00410390226192976,-0.0029354105190569878,-0.0017669187761842153,-0.0029354105190569878,-0.0017669187761842153,-0.00410390226192976,-0.00410390226192976,-0.00410390226192976,-0.00410390226192976,-0.00410390226192976,-0.00410390226192976
2021-08-03,0.011024875050188648,0.009537911876004068,0.008050948701819488,0.009537911876004068,0.008050948701819488,0.011024875050188648,0.011024875050188648,0.011024875050188648,0.011024875050188648,0.011024875050188648,0.011024875050188648
2021-08-04,-0.002445258745687718,-0.002491219631853821,-0.0025371805180199234,-0.002491219631853821,-0.0025371805180199234,-0.002445258745687718,-0.002445258745687718,-0.002445258745687718,-0.002445258745687718,-0.002445258745687718,-0.002445258745687718
2021-08-05,0.0041751288630935066,0.0034149153225444063,0.0026547017819953064,0.0034149153225444063,0.0026547017819953064,0.0041751288630935066,0.0041751288630935066,0.0041751288630935066,0.0041751288630935066,0.0041751288630935066,0.0041751288630935066
2021-08-06,-0.018130203135306746,-0.018933137867791168,-0.019736072600275587,-0.018933137867791168,-0.019736072600275587,-0.018130203135306746,-0.018130203135306746,-0.018130203135306746,-0.018130203135306746,-0.018130203135306746,-0.018130203135306746
2021-08-09,-0.012046006083324047,-0.01231970187076244,-0.012593397658200833,-0.01231970187076244,-0.012593397658200833,-0.012046006083324047,-0.012046006083324047,-0.012046006083324047,-0.012046006083324047,-0.012046006083324047,-0.012046006083324047
2021-08-10,-0.0011108643832749674,-0.0013509595873437176,-0.0015910547914124678,-0.0011108643832749674,-0.0011108643832749674,-0.0011108643832749674,-0.0011108643832749674,-0.0011108643832749674,-0.0011108643832749674,-0.0011108643832749674,-0.0011108643832749674
2021-08-11,0.012644635825193188,0.01184034687871096,0.01103605793222873,0.012644635825193188,0.012644635825193188,0.012644635825193188,0.012644635825193188,0.012644635825193188,0.01184034687871096,0.01103605793222873,0.009427480039264273
2021-08-12,0.003368172467198633,0.003368172467198633,0.003368172467198633,0.003368172467198633,0.003368172467198633,0.003368172467198633,0.003368172467198633,0.003368172467198633,0.003368172467198633,0.003368172467198633,0.003368172467198633
2021-08-13,0.01698769415862512,0.01698769415862512,0.01698769415862512,0.01698769415862512,0.01698769415862512,0.01698769415862512,0.01698769415862512,0.01698769415862512,0.01698769415862512,0.01698769415862512,0.01698769415862512
2021-08-16,0.004143039949511915,0.004143039949511915,0.004143039949511915,0.004143039949511915,0.004143039949511915,0.004143039949511915,0.004143039949511915,0.004143039949511915,0.004143039949511915,0.004143039949511915,0.004143039949511915
2021-08-17,-0.009588951102491344,-0.009588951102491344,-0.009588951102491344,-0.009588951102491344,-0.009588951102491344,-0.009588951102491344,-0.009588951102491344,-0.009588951102491344,-0.009588951102491344,-0.009588951102491344,-0.009588951102491344
2021-08-18,-0.011400524001942712,-0.011400524001942712,-0.011400524001942712,-0.011400524001942712,-0.011400524001942712,-0.011400524001942712,-0.011400524001942712,-0.011400524001942712,-0.011400524001942712,-0.011400524001942712,-0.011400524001942712
2021-08-19,-0.0014832011259142837,-0.0014832011259142837,-0.0014832011259142837,-0.0014832011259142837,-0.0014832011259142837,-0.0014832011259142837,-0.0014832011259142837,-0.0014832011259142837,-0.0005823282273135014,0.00031854467128728144,0.0021202904684888466
2021-08-20,0.014575854041002083,0.014575854041002083,0.014575854041002083,0.014575854041002083,0.014575854041002083,0.014575854041002083,0.014575854041002083,0.014575854041002083,0.014575854041002083,0.014575854041002083,0.014575854041002083
2021-08-23,0.01630161545852647,0.01630161545852647,0.01630161545852647,0.01630161545852647,0.01630161545852647,0.01630161545852647,0.01630161545852647,0.01630161545852647,0.01630161545852647,0.01630161545852647,0.01630161545852647
2021-08-24,-0.0053108014888542,-0.0053108014888542,-0.0053108014888542,-0.0053108014888542,-0.0053108014888542,-0.0053108014888542,-0.0053108014888542,-0.0053108014888542,-0.0053108014888542,-0.0053108014888542,-0.0053108014888542
2021-08-25,-0.007748043953060785,-0.007748043953060785,-0.007748043953060785,-0.007748043953060785,-0.007748043953060785,-0.007748043953060785,-0.007748043953060785,-0.007748043953060785,-0.007748043953060785,-0.007748043953060785,-0.007748043953060785
2021-08-26,-0.0018451117608623455,-0.0018451117608623455,-0.0018451117608623455,-0.0018451117608623455,-0.0018451117608623455,-0.0018451117608623455,-0.0018451117608623455,-0.0018451117608623455,-0.0018451117608623455,-0.0018451117608623455,-0.0018451117608623455
2021-08-27,0.020935156737278676,0.020935156737278676,0.020935156737278676,0.020935156737278676,0.020935156737278676,0.020935156737278676,0.020935156737278676,0.020935156737278676,0.020935156737278676,0.020935156737278676,0.020935156737278676
2021-08-30,0.0020647472802323946,0.0020647472802323946,0.0020647472802323946,0.0020647472802323946,0.0020647472802323946,0.0020647472802323946,0.0020647472802323946,0.0020647472802323946,0.0020647472802323946,0.0020647472802323946,0.0020647472802323946
2021-08-31,-0.007407173611365009,-0.007407173611365009,-0.007407173611365009,-0.007407173611365009,-0.007407173611365009,-0.007407173611365009,-0.007407173611365009,-0.007407173611365009,-0.007407173611365009,-0.007407173611365009,-0.007407173611365009
2021-09-01,0.004499775500289001,0.004499775500289001,0.004499775500289001,0.004499775500289001,0.004499775500289001,0.004499775500289001,0.004499775500289001,0.004499775500289001,0.004499775500289001,0.004499775500289001,0.004499775500289001
2021-09-02,0.0032603357006437076,0.0032603357006437076,0.0032603357006437076,0.0032603357006437076,0.0032603357006437076,0.0032603357006437076,0.0032603357006437076,0.0032603357006437076,0.0032603357006437076,0.0032603357006437076,0.0032603357006437076
2021-09-03,0.0032355267387893048,0.0032355267387893048,0.0032355267387893048,0.0032355267387893048,0.0032355267387893048,0.0032355267387893048,0.0032355267387893048,0.0032355267387893048,0.0032355267387893048,0.0032355267387893048,0.0032355267387893048
2021-09-07,-0.017503939923321804,-0.017503939923321804,-0.017503939923321804,-0.017503939923321804,-0.017503939923321804,-0.017503939923321804,-0.017503939923321804,-0.017503939923321804,-0.017503939923321804,-0.017503939923321804,-0.017503939923321804
2021-09-08,-0.003040521798117041,-0.003040521798117041,-0.003040521798117041,-0.003040521798117041,-0.003040521798117041,-0.003040521798117041,-0.003040521798117041,-0.003040521798117041,-0.003040521798117041,-0.003040521798117041,-0.003040521798117041
2021-09-09,0.001233124782794095,0.001233124782794095,0.001233124782794095,0.001233124782794095,0.001233124782794095,0.001233124782794095,0.001233124782794095,0.001233124782794095,0.0016892269496372465,0.002145329116480398,0.0030575334501667007
2021-09-10,-0.01727374798835879,-0.01727374798835879,-0.01727374798835879,-0.01727374798835879,-0.01727374798835879,-0.01727374798835879,-0.01727374798835879,-0.01727374798835879,-0.01727374798835879,-0.01727374798835879,-0.01727374798835879
2021-09-13,0.010485354595636952,0.010485354595636952,0.010485354595636952,0.010485354595636952,0.010485354595636952,0.010485354595636952,0.010485354595636952,0.010485354595636952,0.010485354595636952,0.010485354595636952,0.010485354595636952
2021-09-14,0.00428378390928719,0.00428378390928719,0.00428378390928719,0.00428378390928719,0.00428378390928719,0.00428378390928719,0.00428378390928719,0.00428378390928719,0.0046197465007677555,0.004955709092248322,0.005627634275209454
2021-09-15,0.004981988208483102,0.004981988208483102,0.004981988208483102,0.004981988208483102,0.004981988208483102,0.004981988208483102,0.004981988208483102,0.004981988208483102,0.004981988208483102,0.004981988208483102,0.004981988208483102
2021-09-16,-0.015401165631097658,-0.015401165631097658,-0.015401165631097658,-0.015401165631097658,-0.015401165631097658,-0.015401165631097658,-0.015401165631097658,-0.015401165631097658,-0.015401165631097658,-0.015401165631097658,-0.015401165631097658
2021-09-17,-0.016682203270440538,-0.016682203270440538,-0.016682203270440538,-0.016682203270440538,-0.016682203270440538,-0.016682203270440538,-0.016682203270440538,-0.016682203270440538,-0.016682203270440538,-0.016682203270440538,-0.016682203270440538
2021-09-20,-0.01371330518395725,-0.01371330518395725,-0.01371330518395725,-0.01371330518395725,-0.01371330518395725,-0.01371330518395725,-0.01371330518395725,-0.01371330518395725,-0.010730490407714375,-0.0077476756314714965,-0.0017820460789857422
2021-09-21,0.0075974502121851865,0.0075974502121851865,0.0075974502121851865,0.0075974502121851865,0.0075974502121851865,0.0075974502121851865,0.0075974502121851865,0.0075974502121851865,0.006570511378736052,0.005543572545286918,0.0034896948783886502
2021-09-22,0.014462098852409993,0.014462098852409993,0.014462098852409993,0.014462098852409993,0.014462098852409993,0.014462098852409993,0.014462098852409993,0.014462098852409993,0.014462098852409993,0.014462098852409993,0.014462098852409993
2021-09-23,-0.00430325968056411,-0.00430325968056411,-0.00430325968056411,-0.00430325968056411,-0.00430325968056411,-0.00430325968056411,-0.00430325968056411,-0.00430325968056411,-0.00430325968056411,-0.00430325968056411,-0.00430325968056411
2021-09-24,-0.0015236887262082706,-0.0015236887262082706,-0.0015236887262082706,-0.0015236887262082706,-0.0015236887262082706,-0.0015236887262082706,-0.0015236887262082706,-0.0015236887262082706,-0.0015236887262082706,-0.0015236887262082706,-0.0015236887262082706
2021-09-27,-0.0041134812782008855,-0.0041134812782008855,-0.0041134812782008855,-0.0041134812782008855,-0.0041134812782008855,-0.0041134812782008855,-0.0041134812782008855,-0.0041134812782008855,-0.0041134812782008855,-0.0041134812782008855,-0.0041134812782008855
2021-09-28,-0.03988983640563826,-0.03988983640563826,-0.03988983640563826,-0.03988983640563826,-0.03988983640563826,-0.03988983640563826,-0.03988983640563826,-0.03988983640563826,-0.03988983640563826,-0.03988983640563826,-0.03988983640563826
2021-09-29,-0.0006532468219802088,-0.0006532468219802088,-0.0006532468219802088,-0.0006532468219802088,-0.0006532468219802088,-0.0006532468219802088,-0.0006532468219802088,-0.0006532468219802088,-0.0006532468219802088,-0.0006532468219802088,-0.0006532468219802088
2021-09-30,-0.0015511297464416167,-0.0015444700370133978,-0.001537810327585179,-0.0015511297464416167,-0.0015511297464416167,-0.0015511297464416167,-0.0015511297464416167,-0.0015511297464416167,-0.0015444700370133978,-0.001537810327585179,-0.0015244909087287412
2021-10-01,0.020889665508274025,0.020029722101681944,0.019169778695089863,0.020889665508274025,0.020889665508274025,0.020889665508274025,0.020889665508274025,0.020889665508274025,0.020889665508274025,0.020889665508274025,0.020889665508274025
2021-10-04,-0.016424877461780934,-0.015766793822482292,-0.015108710183183651,-0.016424877461780934,-0.016424877461780934,-0.016424877461780934,-0.016424877461780934,-0.016424877461780934,-0.016424877461780934,-0.016424877461780934,-0.016424877461780934
2021-10-05,0.008801430617222729,0.007918254148065487,0.0070350776789082446,0.008801430617222729,0.008801430617222729,0.008801430617222729,0.008801430617222729,0.008801430617222729,0.008801430617222729,0.008801430617222729,0.008801430617222729
2021-10-06,0.008105456537330934,0.007831319131176899,0.007557181725022865,0.008105456537330934,0.008105456537330934,0.008105456537330934,0.008105456537330934,0.008105456537330934,0.008105456537330934,0.008105456537330934,0.008105456537330934
2021-10-07,0.008889248553521894,0.00794186815370481,0.006994487753887725,0.008889248553521894,0.008889248553521894,0.008889248553521894,0.008889248553521894,0.008889248553521894,0.008889248553521894,0.008889248553521894,0.008889248553521894
2021-10-08,-0.0033451143626780718,-0.003736576311618851,-0.004128038260559632,-0.0033451143626780718,-0.0033451143626780718,-0.0033451143626780718,-0.0033451143626780718,-0.0033451143626780718,-0.0033451143626780718,-0.0033451143626780718,-0.0033451143626780718
2021-10-11,-0.008295738494329281,-0.007954600494894446,-0.0076134624954596105,-0.008295738494329281,-0.008295738494329281,-0.008295738494329281,-0.008295738494329281,-0.008295738494329281,-0.008295738494329281,-0.008295738494329281,-0.008295738494329281
2021-10-12,0.013712336936207152,0.013214454264155911,0.01271657159210467,0.013712336936207152,0.013712336936207152,0.013712336936207152,0.013712336936207152,0.013712336936207152,0.013712336936207152,0.013712336936207152,0.013712336936207152
2021-10-13,0.020385517851285444,0.019858650118234143,0.019331782385182846,0.020385517851285444,0.020385517851285444,0.020385517851285444,0.020385517851285444,0.020385517851285444,0.019858650118234143,0.019331782385182846,0.01827804691908025
2021-10-14,0.01878496273088105,0.017445974576502297,0.01610698642212354,0.01878496273088105,0.01878496273088105,0.01878496273088105,0.01878496273088105,0.01878496273088105,0.01878496273088105,0.01878496273088105,0.01878496273088105
2021-10-15,-0.008300130192493305,-0.00833449095314336,-0.008368851713793413,-0.008300130192493305,-0.008300130192493305,-0.008300130192493305,-0.008300130192493305,-0.008300130192493305,-0.008300130192493305,-0.008300130192493305,-0.008300130192493305
2021-10-18,0.005299816372255727,0.0048320636953639255,0.004364311018472123,0.005299816372255727,0.005299816372255727,0.005299816372255727,0.005299816372255727,0.005299816372255727,0.005299816372255727,0.005299816372255727,0.005299816372255727
2021-10-19,-0.0006113237823869575,-0.0008095014690480571,-0.001007679155709157,-0.0006113237823869575,-0.0006113237823869575,-0.0006113237823869575,-0.0006113237823869575,-0.0006113237823869575,-0.0006113237823869575,-0.0006113237823869575,-0.0006113237823869575
2021-10-20,0.004797303072250288,0.004478300475486689,0.004159297878723091,0.004797303072250288,0.004797303072250288,0.004797303072250288,0.004797303072250288,0.004797303072250288,0.004797303072250288,0.004797303072250288,0.004797303072250288
2021-10-21,0.0038312491563963318,0.0030075184291204833,0.0021837877018446345,0.0038312491563963318,0.0038312491563963318,0.0038312491563963318,0.0038312491563963318,0.0038312491563963318,0.0038312491563963318,0.0038312491563963318,0.0038312491563963318
2021-10-22,0.005646851851104313,0.006245196432569978,0.006843541014035643,0.005646851851104313,0.005646851851104313,0.005646851851104313,0.005646851851104313,0.005646851851104313,0.005646851851104313,0.005646851851104313,0.005646851851104313
2021-10-25,0.008738798593828695,0.007823634832665986,0.006908471071503277,0.008738798593828695,0.008738798593828695,0.008738798593828695,0.008738798593828695,0.008738798593828695,0.008738798593828695,0.008738798593828695,0.008738798593828695
2021-10-26,-0.0012878577711493415,-0.0007377255384176001,-0.00018759330568585882,-0.0012878577711493415,-0.0012878577711493415,-0.0012878577711493415,-0.0012878577711493415,-0.0012878577711493415,-0.0012878577711493415,-0.0012878577711493415,-0.0012878577711493415
2021-10-27,0.013869683121869935,0.014444113890516417,0.015018544659162898,0.013869683121869935,0.013869683121869935,0.013869683121869935,0.013869683121869935,0.013869683121869935,0.013869683121869935,0.013869683121869935,0.013869683121869935
2021-10-28,0.0008688726981800375,0.0002736245878414359,-0.0003216235224971655,0.0008688726981800375,0.0008688726981800375,0.0008688726981800375,0.0008688726981800375,0.0008688726981800375,0.0008688726981800375,0.0008688726981800375,0.0008688726981800375
2021-10-29,-0.0007356391690494497,-0.0006166928961508002,-0.0004977466232521507,-0.0007356391690494497,-0.0007356391690494497,-0.0007356391690494497,-0.0007356391690494497,-0.0007356391690494497,-0.0007356391690494497,-0.0007356391690494497,-0.0007356391690494497
2021-11-01,0.00826666072782108,0.007883601618636268,0.007500542509451455,0.00826666072782108,0.00826666072782108,0.00826666072782108,0.00826666072782108,0.00826666072782108,0.00826666072782108,0.00826666072782108,0.00826666072782108
2021-11-02,0.005685127483558518,0.00501815953407767,0.004351191584596821,0.005685127483558518,0.005685127483558518,0.005685127483558518,0.005685127483558518,0.005685127483558518,0.005685127483558518,0.005685127483558518,0.005685127483558518
2021-11-03,0.004882539994607886,0.003975890129308833,0.0030692402640097797,0.004882539994607886,0.004882539994607886,0.004882539994607886,0.004882539994607886,0.004882539994607886,0.004882539994607886,0.004882539994607886,0.004882539994607886
2021-11-04,0.01049851021571279,0.010830806406398176,0.01116310259708356,0.01049851021571279,0.01049851021571279,0.01049851021571279,0.01049851021571279,0.01049851021571279,0.01049851021571279,0.01049851021571279,0.01049851021571279
2021-11-05,0.010168100409601517,0.011018805075617437,0.011869509741633357,0.010168100409601517,0.010168100409601517,0.010168100409601517,0.010168100409601517,0.010168100409601517,0.010168100409601517,0.010168100409601517,0.010168100409601517
2021-11-08,0.002302365936530101,0.0022960851343930624,0.0022898043322560234,0.002302365936530101,0.002302365936530101,0.002302365936530101,0.002302365936530101,0.002302365936530101,0.002302365936530101,0.002302365936530101,0.002302365936530101
2021-11-09,0.00601304850964684,0.006490223977846221,0.006967399446045602,0.00601304850964684,0.00601304850964684,0.00601304850964684,0.00601304850964684,0.00601304850964684,0.00601304850964684,0.00601304850964684,0.00601304850964684
2021-11-10,-0.011222403161464794,-0.010831294443380738,-0.010440185725296681,-0.011222403161464794,-0.011222403161464794,-0.011222403161464794,-0.011222403161464794,-0.011222403161464794,-0.011222403161464794,-0.011222403161464794,-0.011222403161464794
2021-11-11,0.004859830650669421,0.004439035210243711,0.004018239769818002,0.004859830650669421,0.004859830650669421,0.004859830650669421,0.004859830650669421,0.004859830650669421,0.004859830650669421,0.004859830650669421,0.004859830650669421
2021-11-12,0.007306461604763477,0.006301436798101892,0.0052964119914403075,0.007306461604763477,0.007306461604763477,0.007306461604763477,0.007306461604763477,0.007306461604763477,0.007306461604763477,0.007306461604763477,0.007306461604763477
2021-11-15,-0.005972672621814929,-0.006338508749966858,-0.006704344878118788,-0.005972672621814929,-0.005972672621814929,-0.005972672621814929,-0.005972672621814929,-0.005972672621814929,-0.005972672621814929,-0.005972672621814929,-0.005972672621814929
2021-11-16,-0.0033519955679346537,-0.0032265293373442685,-0.003101063106753883,-0.0033519955679346537,-0.0033519955679346537,-0.0033519955679346537,-0.0033519955679346537,-0.0033519955679346537,-0.0033519955679346537,-0.0033519955679346537,-0.0033519955679346537
2021-11-17,0.004827238962461511,0.005322399244521256,0.005817559526580999,0.004827238962461511,0.004827238962461511,0.004827238962461511,0.004827238962461511,0.004827238962461511,0.004827238962461511,0.004827238962461511,0.004827238962461511
2021-11-18,0.00016754766599794753,0.0003930578476088252,0.0006185680292197027,0.00016754766599794753,0.00016754766599794753,0.00016754766599794753,0.00016754766599794753,0.00016754766599794753,0.00016754766599794753,0.00016754766599794753,0.00016754766599794753
2021-11-19,-0.0017586549009194965,-0.0014747266881781113,-0.0011907984754367259,-0.0017586549009194965,-0.0017586549009194965,-0.0017586549009194965,-0.0017586549009194965,-0.0017586549009194965,-0.0017586549009194965,-0.0017586549009194965,-0.0017586549009194965
2021-11-22,-0.024259172910000803,-0.023681950519745983,-0.023104728129491166,-0.024259172910000803,-0.024259172910000803,-0.024259172910000803,-0.024259172910000803,-0.024259172910000803,-0.024259172910000803,-0.024259172910000803,-0.024259172910000803
2021-11-23,-0.012964724970770627,-0.013887156727079684,-0.014809588483388742,-0.012964724970770627,-0.012964724970770627,-0.012964724970770627,-0.012964724970770627,-0.012964724970770627,-0.012964724970770627,-0.012964724970770627,-0.012964724970770627
2021-11-24,0.012101217377798155,0.011580709679433572,0.011060201981068989,0.012101217377798155,0.012101217377798155,0.012101217377798155,0.012101217377798155,0.012101217377798155,0.011580709679433572,0.011060201981068989,0.010019186584339822
2021-11-26,-0.007699415624167425,0.0005122662368940907,0.008723948097955602,-0.007699415624167425,-0.007699415624167425,-0.007699415624167425,-0.007699415624167425,-0.007699415624167425,-0.007699415624167425,-0.007699415624167425,-0.007699415624167425
2021-11-29,0.0056728122860130814,0.001648900209560197,-0.0023750118668926863,0.0056728122860130814,0.0056728122860130814,0.0056728122860130814,0.0056728122860130814,0.0056728122860130814,0.0056728122860130814,0.0056728122860130814,0.0056728122860130814
2021-11-30,-0.00581156945130373,-0.00581156945130373,-0.00581156945130373,-0.00581156945130373,-0.00581156945130373,-0.00581156945130373,-0.00581156945130373,-0.00581156945130373,-0.00581156945130373,-0.00581156945130373,-0.00581156945130373
2021-12-01,-0.019087320559861558,-0.019087320559861558,-0.019087320559861558,-0.019087320559861558,-0.019087320559861558,-0.019087320559861558,-0.019087320559861558,-0.019087320559861558,-0.019087320559861558,-0.019087320559861558,-0.019087320559861558
2021-12-02,0.020584400443390924,0.020584400443390924,0.020584400443390924,0.020584400443390924,0.020584400443390924,0.020584400443390924,0.020584400443390924,0.020584400443390924,0.020584400443390924,0.020584400443390924,0.020584400443390924
2021-12-03,-0.013992537713463806,-0.013992537713463806,-0.013992537713463806,-0.013992537713463806,-0.013992537713463806,-0.013992537713463806,-0.013992537713463806,-0.013992537713463806,-0.013992537713463806,-0.013992537713463806,-0.013992537713463806
2021-12-06,0.016219954012516673,0.016219954012516673,0.016219954012516673,0.016219954012516673,0.016219954012516673,0.016219954012516673,0.016219954012516673,0.016219954012516673,0.016219954012516673,0.016219954012516673,0.016219954012516673
2021-12-07,0.03203641126483355,0.03203641126483355,0.03203641126483355,0.03203641126483355,0.03203641126483355,0.03203641126483355,0.03203641126483355,0.03203641126483355,0.03203641126483355,0.03203641126483355,0.03203641126483355
2021-12-08,0.0016533771336055129,0.0016533771336055129,0.0016533771336055129,0.0016533771336055129,0.0016533771336055129,0.0016533771336055129,0.0016533771336055129,0.0016533771336055129,0.0016533771336055129,0.0016533771336055129,0.0016533771336055129
2021-12-09,-0.00938804453023024,-0.00938804453023024,-0.00938804453023024,-0.00938804453023024,-0.00938804453023024,-0.00938804453023024,-0.00938804453023024,-0.00938804453023024,-0.00938804453023024,-0.00938804453023024,-0.00938804453023024
2021-12-10,0.011539786306453272,0.011539786306453272,0.011539786306453272,0.011539786306453272,0.011539786306453272,0.011539786306453272,0.011539786306453272,0.011539786306453272,0.011539786306453272,0.011539786306453272,0.011539786306453272
2021-12-13,0.00011458155502344896,0.00011458155502344896,0.00011458155502344896,0.00011458155502344896,0.00011458155502344896,0.00011458155502344896,0.00011458155502344896,0.00011458155502344896,0.00011458155502344896,0.00011458155502344896,0.00011458155502344896
2021-12-14,-0.01311065142390244,-0.01311065142390244,-0.01311065142390244,-0.01311065142390244,-0.01311065142390244,-0.01311065142390244,-0.01311065142390244,-0.01311065142390244,-0.01311065142390244,-0.01311065142390244,-0.01311065142390244
2021-12-15,0.013653676374312335,0.013653676374312335,0.013653676374312335,0.013653676374312335,0.013653676374312335,0.013653676374312335,0.013653676374312335,0.013653676374312335,0.013653676374312335,0.013653676374312335,0.013653676374312335
2021-12-16,-0.0030093002766757807,-0.0030093002766757807,-0.0030093002766757807,-0.0030093002766757807,-0.0030093002766757807,-0.0030093002766757807,-0.0030093002766757807,-0.0030093002766757807,-0.0018292420640159996,-0.0006491838513562184,0.001710932573963344
2021-12-17,-0.0016771959279743742,-0.0016771959279743742,-0.0016771959279743742,-0.0016771959279743742,-0.0016771959279743742,-0.0016771959279743742,-0.0016771959279743742,-0.0016771959279743742,-0.0016771959279743742,-0.0016771959279743742,-0.0016771959279743742
2021-12-20,-0.017839368046636724,-0.017839368046636724,-0.017839368046636724,-0.017839368046636724,-0.017839368046636724,-0.017839368046636724,-0.017839368046636724,-0.017839368046636724,-0.017839368046636724,-0.017839368046636724,-0.017839368046636724
2021-12-21,0.0130866164880341,0.0130866164880341,0.0130866164880341,0.0130866164880341,0.0130866164880341,0.0130866164880341,0.0130866164880341,0.0130866164880341,0.0130866164880341,0.0130866164880341,0.0130866164880341
2021-12-22,0.020483449182601844,0.020483449182601844,0.020483449182601844,0.020483449182601844,0.020483449182601844,0.020483449182601844,0.020483449182601844,0.020483449182601844,0.01887349245421112,0.01726353572582039,0.01404362226903894
2021-12-23,-0.00027341990917819086,-0.00027341990917819086,-0.00027341990917819086,-0.00027341990917819086,-0.00027341990917819086,-0.00027341990917819086,-0.00027341990917819086,-0.00027341990917819086,-0.00027341990917819086,-0.00027341990917819086,-0.00027341990917819086
2021-12-27,0.009695939592303523,0.009695939592303523,0.009695939592303523,0.009695939592303523,0.009695939592303523,0.009695939592303523,0.009695939592303523,0.009695939592303523,0.009695939592303523,0.009695939592303523,0.009695939592303523
2021-12-28,-0.003873545018998679,-0.003873545018998679,-0.003873545018998679,-0.003873545018998679,-0.003873545018998679,-0.003873545018998679,-0.003873545018998679,-0.003873545018998679,-0.003873545018998679,-0.003873545018998679,-0.003873545018998679
2021-12-29,-0.008609174448115358,-0.008609174448115358,-0.008609174448115358,-0.008609174448115358,-0.008609174448115358,-0.008609174448115358,-0.008609174448115358,-0.008609174448115358,-0.008609174448115358,-0.008609174448115358,-0.008609174448115358
2021-12-30,0.012013276027494595,0.012013276027494595,0.012013276027494595,0.012013276027494595,0.012013276027494595,0.012013276027494595,0.012013276027494595,0.012013276027494595,0.011957858911111072,0.011902441794727549,0.011791607561960502
2021-12-31,0.005830889009986922,0.005830889009986922,0.005830889009986922,0.005830889009986922,0.005830889009986922,0.005830889009986922,0.005830889009986922,0.005830889009986922,0.005830889009986922,0.005830889009986922,0.005830889009986922
2022-01-03,-0.00503922194028358,-0.00503922194028358,-0.00503922194028358,-0.00503922194028358,-0.00503922194028358,-0.00503922194028358,-0.00503922194028358,-0.00503922194028358,-0.00503922194028358,-0.00503922194028358,-0.00503922194028358
2022-01-04,0.003222635844137483,0.003222635844137483,0.003222635844137483,0.003222635844137483,0.003222635844137483,0.003222635844137483,0.003222635844137483,0.003222635844137483,0.003222635844137483,0.003222635844137483,0.003222635844137483
2022-01-05,-0.031625081453360876,-0.031625081453360876,-0.031625081453360876,-0.031625081453360876,-0.031625081453360876,-0.031625081453360876,-0.031625081453360876,-0.031625081453360876,-0.031625081453360876,-0.031625081453360876,-0.031625081453360876
2022-01-06,-0.009784435731870168,-0.009784435731870168,-0.009784435731870168,-0.009784435731870168,-0.009784435731870168,-0.009784435731870168,-0.009784435731870168,-0.009784435731870168,-0.009784435731870168,-0.009784435731870168,-0.009784435731870168
2022-01-07,0.001088210771878632,0.001088210771878632,0.001088210771878632,0.001088210771878632,0.001088210771878632,0.001088210771878632,0.001088210771878632,0.001088210771878632,0.0003380906760074217,-0.0004120294198637881,-0.001912269611606208
2022-01-10,0.0029109480098119113,0.0029109480098119113,0.0029109480098119113,0.0029109480098119113,0.0029109480098119113,0.0029109480098119113,0.0029109480098119113,0.0029109480098119113,0.0029109480098119113,0.0029109480098119113,0.0029109480098119113
2022-01-11,0.02239656531558295,0.02239656531558295,0.02239656531558295,0.02239656531558295,0.02239656531558295,0.02239656531558295,0.02239656531558295,0.02239656531558295,0.02239656531558295,0.02239656531558295,0.02239656531558295
2022-01-12,0.001907283971269809,0.001907283971269809,0.001907283971269809,0.001907283971269809,0.001907283971269809,0.001907283971269809,0.001907283971269809,0.001907283971269809,0.001907283971269809,0.001907283971269809,0.001907283971269809
2022-01-13,-0.012908830211618852,-0.012908830211618852,-0.012908830211618852,-0.012908830211618852,-0.012908830211618852,-0.012908830211618852,-0.012908830211618852,-0.012908830211618852,-0.012908830211618852,-0.012908830211618852,-0.012908830211618852
2022-01-14,-0.008823619268206347,-0.008823619268206347,-0.008823619268206347,-0.008823619268206347,-0.008823619268206347,-0.008823619268206347,-0.008823619268206347,-0.008823619268206347,-0.008823619268206347,-0.008823619268206347,-0.008823619268206347
2022-01-18,-0.028310210064670993,-0.028310210064670993,-0.028310210064670993,-0.028310210064670993,-0.028310210064670993,-0.028310210064670993,-0.028310210064670993,-0.028310210064670993,-0.028310210064670993,-0.028310210064670993,-0.028310210064670993
2022-01-19,0.006387632753367647,0.006387632753367647,0.006387632753367647,0.006387632753367647,0.006387632753367647,0.006387632753367647,0.006387632753367647,0.006387632753367647,0.006387632753367647,0.006387632753367647,0.006387632753367647
2022-01-20,-0.009812263767383929,-0.009812263767383929,-0.009812263767383929,-0.009812263767383929,-0.009812263767383929,-0.009812263767383929,-0.009812263767383929,-0.009812263767383929,-0.008694639915377039,-0.007577016063370152,-0.005341768359356375
2022-01-21,-0.01735163307305491,-0.01735163307305491,-0.01735163307305491,-0.01735163307305491,-0.01735163307305491,-0.01735163307305491,-0.01735163307305491,-0.01735163307305491,-0.01735163307305491,-0.01735163307305491,-0.01735163307305491
2022-01-24,-0.00018951886450387393,-0.00018951886450387393,-0.00018951886450387393,-0.00018951886450387393,-0.00018951886450387393,-0.00018951886450387393,-0.00018951886450387393,-0.00018951886450387393,-0.00018951886450387393,-0.00018951886450387393,-0.00018951886450387393
2022-01-25,-0.0067937941817919284,-0.0067937941817919284,-0.0067937941817919284,-0.0067937941817919284,-0.0067937941817919284,-0.0067937941817919284,-0.0067937941817919284,-0.0067937941817919284,-0.0067937941817919284,-0.0067937941817919284,-0.0067937941817919284
2022-01-26,-0.021909230452080687,-0.021909230452080687,-0.021909230452080687,-0.021909230452080687,-0.021909230452080687,-0.021909230452080687,-0.021909230452080687,-0.021909230452080687,-0.021909230452080687,-0.021909230452080687,-0.021909230452080687
2022-01-27,-0.007164135037378257,-0.007164135037378257,-0.007164135037378257,-0.007164135037378257,-0.007164135037378257,-0.007164135037378257,-0.007164135037378257,-0.007164135037378257,-0.007164135037378257,-0.007164135037378257,-0.007164135037378257
2022-01-28,0.02358739205113428,0.02358739205113428,0.02358739205113428,0.02358739205113428,0.02358739205113428,0.02358739205113428,0.02358739205113428,0.02358739205113428,0.022192743484833643,0.020798094918533006,0.018008797785931733
2022-01-31,0.025882791955255918,0.025882791955255918,0.025882791955255918,0.025882791955255918,0.025882791955255918,0.025882791955255918,0.025882791955255918,0.025882791955255918,0.025882791955255918,0.025882791955255918,0.025882791955255918
2022-02-01,0.014192212300620559,0.014192212300620559,0.014192212300620559,0.014192212300620559,0.014192212300620559,0.014192212300620559,0.014192212300620559,0.014192212300620559,0.014192212300620559,0.014192212300620559,0.014192212300620559
2022-02-02,0.010503650744911998,0.010503650744911998,0.010503650744911998,0.010503650744911998,0.010503650744911998,0.010503650744911998,0.010503650744911998,0.010503650744911998,0.010503650744911998,0.010503650744911998,0.010503650744911998
2022-02-03,-0.03270420588184856,-0.03270420588184856,-0.03270420588184856,-0.03270420588184856,-0.03270420588184856,-0.03270420588184856,-0.03270420588184856,-0.03270420588184856,-0.03270420588184856,-0.03270420588184856,-0.03270420588184856
2022-02-04,0.00744380995560103,0.00744380995560103,0.00744380995560103,0.00744380995560103,0.00744380995560103,0.00744380995560103,0.00744380995560103,0.00744380995560103,0.00744380995560103,0.00744380995560103,0.00744380995560103
2022-02-07,0.00870875267830018,0.007713770785581908,0.006718788892863634,0.00870875267830018,0.00870875267830018,0.00870875267830018,0.00870875267830018,0.00870875267830018,0.007713770785581908,0.006718788892863634,0.004728825107427088
2022-02-08,0.008653446137792996,0.007334649999532249,0.006015853861271502,0.008653446137792996,0.008653446137792996,0.008653446137792996,0.008653446137792996,0.008653446137792996,0.008653446137792996,0.008653446137792996,0.008653446137792996
2022-02-09,0.015383269644325105,0.014356654215600036,0.013330038786874967,0.015383269644325105,0.015383269644325105,0.015383269644325105,0.015383269644325105,0.015383269644325105,0.015383269644325105,0.015383269644325105,0.015383269644325105
2022-02-10,-0.030132533154418654,-0.030132533154418654,-0.030132533154418654,-0.030132533154418654,-0.030132533154418654,-0.030132533154418654,-0.030132533154418654,-0.030132533154418654,-0.030132533154418654,-0.030132533154418654,-0.030132533154418654
2022-02-11,-0.0019134698866041001,-0.0019134698866041001,-0.0019134698866041001,-0.0019134698866041001,-0.0019134698866041001,-0.0019134698866041001,-0.0019134698866041001,-0.0019134698866041001,-0.0019134698866041001,-0.0019134698866041001,-0.0019134698866041001
2022-02-14,-0.004271481564521895,-0.004261628046116467,-0.00425177452771104,-0.004271481564521895,-0.004271481564521895,-0.004271481564521895,-0.004271481564521895,-0.004271481564521895,-0.004261628046116467,-0.00425177452771104,-0.004232067490900183
2022-02-15,0.0036966232423136453,0.0036966232423136453,0.0036966232423136453,0.0036966232423136453,0.0036966232423136453,0.0036966232423136453,0.0036966232423136453,0.0036966232423136453,0.0036966232423136453,0.0036966232423136453,0.0036966232423136453
2022-02-16,0.015640504466408457,0.015640504466408457,0.015640504466408457,0.015640504466408457,0.015640504466408457,0.015640504466408457,0.015640504466408457,0.015640504466408457,0.015640504466408457,0.015640504466408457,0.015640504466408457
2022-02-17,-0.009411722561914566,-0.009411722561914566,-0.009411722561914566,-0.009411722561914566,-0.009411722561914566,-0.009411722561914566,-0.009411722561914566,-0.009411722561914566,-0.009411722561914566,-0.009411722561914566,-0.009411722561914566
2022-02-18,-0.0013440012407712112,-0.0013440012407712112,-0.0013440012407712112,-0.0013440012407712112,-0.0013440012407712112,-0.0013440012407712112,-0.0013440012407712112,-0.0013440012407712112,-0.0013440012407712112,-0.0013440012407712112,-0.0013440012407712112
2022-02-22,-0.0018803744754457754,-0.0018803744754457754,-0.0018803744754457754,-0.0018803744754457754,-0.0018803744754457754,-0.0018803744754457754,-0.0018803744754457754,-0.0018803744754457754,-0.0018803744754457754,-0.0018803744754457754,-0.0018803744754457754
2022-02-23,-0.018027596262429352,-0.018027596262429352,-0.018027596262429352,-0.018027596262429352,-0.018027596262429352,-0.018027596262429352,-0.018027596262429352,-0.018027596262429352,-0.018027596262429352,-0.018027596262429352,-0.018027596262429352
2022-02-24,0.010316485198744443,0.010316485198744443,0.010316485198744443,0.010316485198744443,0.010316485198744443,0.010316485198744443,0.010316485198744443,0.010316485198744443,0.010316485198744443,0.010316485198744443,0.010316485198744443
2022-02-25,0.016924471817752626,0.016924471817752626,0.016924471817752626,0.016924471817752626,0.016924471817752626,0.016924471817752626,0.016924471817752626,0.016924471817752626,0.016924471817752626,0.016924471817752626,0.016924471817752626
2022-02-28,0.017057744049510635,0.017057744049510635,0.017057744049510635,0.017057744049510635,0.017057744049510635,0.017057744049510635,0.017057744049510635,0.017057744049510635,0.017057744049510635,0.017057744049510635,0.017057744049510635
2022-03-01,-0.0070590091926126235,-0.0070590091926126235,-0.0070590091926126235,-0.0070590091926126235,-0.0070590091926126235,-0.0070590091926126235,-0.0070590091926126235,-0.0070590091926126235,-0.0070590091926126235,-0.0070590091926126235,-0.0070590091926126235
2022-03-02,0.005353550706041113,0.005353550706041113,0.005353550706041113,0.005353550706041113,0.005353550706041113,0.005353550706041113,0.005353550706041113,0.005353550706041113,0.005353550706041113,0.005353550706041113,0.005353550706041113
2022-03-03,0.0006401631848238816,0.0006401631848238816,0.0006401631848238816,0.0006401631848238816,0.0006401631848238816,0.0006401631848238816,0.0006401631848238816,0.0006401631848238816,0.0006401631848238816,0.0006401631848238816,0.0006401631848238816
2022-03-04,0.0047446103720724464,0.0047446103720724464,0.0047446103720724464,0.0047446103720724464,0.0047446103720724464,0.0047446103720724464,0.0047446103720724464,0.0047446103720724464,0.0047446103720724464,0.0047446103720724464,0.0047446103720724464
2022-03-07,-0.01958613041734142,-0.01958613041734142,-0.01958613041734142,-0.01958613041734142,-0.01958613041734142,-0.01958613041734142,-0.01958613041734142,-0.01958613041734142,-0.01958613041734142,-0.01958613041734142,-0.01958613041734142
2022-03-08,0.009199510717460745,0.009199510717460745,0.009199510717460745,0.009199510717460745,0.009199510717460745,0.009199510717460745,0.009199510717460745,0.009199510717460745,0.009199510717460745,0.009199510717460745,0.009199510717460745
2022-03-09,-0.008685758838505843,-0.008685758838505843,-0.008685758838505843,-0.008685758838505843,-0.008685758838505843,-0.008685758838505843,-0.008685758838505843,-0.008685758838505843,-0.008685758838505843,-0.008685758838505843,-0.008685758838505843
2022-03-10,-0.0030305817137407072,-0.0030305817137407072,-0.0030305817137407072,-0.0030305817137407072,-0.0030305817137407072,-0.0030305817137407072,-0.0030305817137407072,-0.0030305817137407072,-0.0030305817137407072,-0.0030305817137407072,-0.0030305817137407072
2022-03-11,-0.011766101986838895,-0.011766101986838895,-0.011766101986838895,-0.011766101986838895,-0.011766101986838895,-0.011766101986838895,-0.011766101986838895,-0.011766101986838895,-0.011766101986838895,-0.011766101986838895,-0.011766101986838895
2022-03-14,-0.03175023943546638,-0.03175023943546638,-0.03175023943546638,-0.03175023943546638,-0.03175023943546638,-0.03175023943546638,-0.03175023943546638,-0.03175023943546638,-0.03175023943546638,-0.03175023943546638,-0.03175023943546638
2022-03-15,0.0008019239310136112,0.0008019239310136112,0.0008019239310136112,0.0008019239310136112,0.0008019239310136112,0.0008019239310136112,0.0008019239310136112,0.0008019239310136112,0.0008019239310136112,0.0008019239310136112,0.0008019239310136112
2022-03-16,0.03633692429365803,0.03633692429365803,0.03633692429365803,0.03633692429365803,0.03633692429365803,0.03633692429365803,0.03633692429365803,0.03633692429365803,0.03295825885319352,0.029579593412729005,0.022822262531799985
2022-03-17,0.007454439689881543,0.007454439689881543,0.007454439689881543,0.007454439689881543,0.007454439689881543,0.007454439689881543,0.007454439689881543,0.007454439689881543,0.007454439689881543,0.007454439689881543,0.007454439689881543
2022-03-18,0.015076401772072319,0.015076401772072319,0.015076401772072319,0.015076401772072319,0.015076401772072319,0.015076401772072319,0.015076401772072319,0.015076401772072319,0.015076401772072319,0.015076401772072319,0.015076401772072319
2022-03-21,-0.009285278188486366,-0.009285278188486366,-0.009285278188486366,-0.009285278188486366,-0.009285278188486366,-0.009285278188486366,-0.009285278188486366,-0.009285278188486366,-0.009285278188486366,-0.009285278188486366,-0.009285278188486366
2022-03-22,-0.00490007093515884,-0.00490007093515884,-0.00490007093515884,-0.00490007093515884,-0.00490007093515884,-0.00490007093515884,-0.00490007093515884,-0.00490007093515884,-0.00490007093515884,-0.00490007093515884,-0.00490007093515884
2022-03-23,0.01997275142397666,0.01997275142397666,0.01997275142397666,0.01997275142397666,0.01997275142397666,0.01997275142397666,0.01997275142397666,0.01997275142397666,0.01997275142397666,0.01997275142397666,0.01997275142397666
2022-03-24,0.005389286982836736,0.005389286982836736,0.005389286982836736,0.005389286982836736,0.005389286982836736,0.005389286982836736,0.005389286982836736,0.005389286982836736,0.005389286982836736,0.005389286982836736,0.005389286982836736
2022-03-25,-0.009620778267503152,-0.009620778267503152,-0.009620778267503152,-0.009620778267503152,-0.009620778267503152,-0.009620778267503152,-0.009620778267503152,-0.009620778267503152,-0.009620778267503152,-0.009620778267503152,-0.009620778267503152
2022-03-28,0.001067956346012791,0.001067956346012791,0.001067956346012791,0.001067956346012791,0.001067956346012791,0.001067956346012791,0.001067956346012791,0.001067956346012791,0.001067956346012791,0.001067956346012791,0.001067956346012791
2022-03-29,0.016506251826727804,0.016506251826727804,0.016506251826727804,0.016506251826727804,0.016506251826727804,0.016506251826727804,0.016506251826727804,0.016506251826727804,0.016506251826727804,0.016506251826727804,0.016506251826727804
2022-03-30,0.00971456214671864,0.00971456214671864,0.00971456214671864,0.00971456214671864,0.00971456214671864,0.00971456214671864,0.00971456214671864,0.00971456214671864,0.00971456214671864,0.00971456214671864,0.00971456214671864
2022-03-31,-0.005247793795462914,-0.005247793795462914,-0.005247793795462914,-0.005247793795462914,-0.005247793795462914,-0.005247793795462914,-0.005247793795462914,-0.005247793795462914,-0.005247793795462914,-0.005247793795462914,-0.005247793795462914
2022-04-01,0.004867576605338155,0.004867576605338155,0.004867576605338155,0.004867576605338155,0.004867576605338155,0.004867576605338155,0.004867576605338155,0.004867576605338155,0.004867576605338155,0.004867576605338155,0.004867576605338155
2022-04-04,0.013640748684488247,0.013640748684488247,0.013640748684488247,0.013640748684488247,0.013640748684488247,0.013640748684488247,0.013640748684488247,0.013640748684488247,0.013640748684488247,0.013640748684488247,0.013640748684488247
2022-04-05,-0.029044946862408275,-0.029044946862408275,-0.029044946862408275,-0.029044946862408275,-0.029044946862408275,-0.029044946862408275,-0.029044946862408275,-0.029044946862408275,-0.029044946862408275,-0.029044946862408275,-0.029044946862408275
2022-04-06,-0.011478357844102588,-0.011478357844102588,-0.011478357844102588,-0.011478357844102588,-0.011478357844102588,-0.011478357844102588,-0.011478357844102588,-0.011478357844102588,-0.011478357844102588,-0.011478357844102588,-0.011478357844102588
2022-04-07,0.006789378893363326,0.006789378893363326,0.006789378893363326,0.006789378893363326,0.006789378893363326,0.006789378893363326,0.006789378893363326,0.006789378893363326,0.006017866308985746,0.005246353724608167,0.0037033285558530087
2022-04-08,-0.003836233491351868,-0.003836233491351868,-0.003836233491351868,-0.003836233491351868,-0.003836233491351868,-0.003836233491351868,-0.003836233491351868,-0.003836233491351868,-0.003836233491351868,-0.003836233491351868,-0.003836233491351868
2022-04-11,-0.01841459037309224,-0.01841459037309224,-0.01841459037309224,-0.01841459037309224,-0.01841459037309224,-0.01841459037309224,-0.01841459037309224,-0.01841459037309224,-0.01841459037309224,-0.01841459037309224,-0.01841459037309224
2022-04-12,0.0008272261659559626,0.0008272261659559626,0.0008272261659559626,0.0008272261659559626,0.0008272261659559626,0.0008272261659559626,0.0008272261659559626,0.0008272261659559626,0.0008272261659559626,0.0008272261659559626,0.0008272261659559626
2022-04-13,0.0188472292689778,0.0188472292689778,0.0188472292689778,0.0188472292689778,0.0188472292689778,0.0188472292689778,0.0188472292689778,0.0188472292689778,0.0188472292689778,0.0188472292689778,0.0188472292689778
2022-04-14,-0.021646239206187058,-0.021646239206187058,-0.021646239206187058,-0.021646239206187058,-0.021646239206187058,-0.021646239206187058,-0.021646239206187058,-0.021646239206187058,-0.021646239206187058,-0.021646239206187058,-0.021646239206187058
2022-04-18,0.00010495725739090148,0.00010495725739090148,0.00010495725739090148,0.00010495725739090148,0.00010495725739090148,0.00010495725739090148,0.00010495725739090148,0.00010495725739090148,0.00010495725739090148,0.00010495725739090148,0.00010495725739090148
2022-04-19,0.001451821707330988,0.001451821707330988,0.001451821707330988,0.001451821707330988,0.001451821707330988,0.001451821707330988,0.001451821707330988,0.001451821707330988,-0.00022349488374595597,-0.0018988114748229013,-0.0052494446569767905
2022-04-20,0.016513980262670404,0.016513980262670404,0.016513980262670404,0.016513980262670404,0.016513980262670404,0.016513980262670404,0.016513980262670404,0.016513980262670404,0.016513980262670404,0.016513980262670404,0.016513980262670404
2022-04-21,-0.02360929150922484,-0.02360929150922484,-0.02360929150922484,-0.02360929150922484,-0.02360929150922484,-0.02360929150922484,-0.02360929150922484,-0.02360929150922484,-0.02360929150922484,-0.02360929150922484,-0.02360929150922484
2022-04-22,-0.038047052892136446,-0.038047052892136446,-0.038047052892136446,-0.038047052892136446,-0.038047052892136446,-0.038047052892136446,-0.038047052892136446,-0.038047052892136446,-0.038047052892136446,-0.038047052892136446,-0.038047052892136446
2022-04-25,-0.0019833405909065395,-0.0019833405909065395,-0.0019833405909065395,-0.0019833405909065395,-0.0019833405909065395,-0.0019833405909065395,-0.0019833405909065395,-0.0019833405909065395,-0.002542003187068611,-0.003100665783230682,-0.004217990975554825
2022-04-26,-0.03119778678039426,-0.03119778678039426,-0.03119778678039426,-0.03119778678039426,-0.03119778678039426,-0.03119778678039426,-0.03119778678039426,-0.03119778678039426,-0.027673762459531397,-0.024149738138668535,-0.01710168949694281
2022-04-27,-0.012232740468988432,-0.012232740468988432,-0.012232740468988432,-0.012232740468988432,-0.012232740468988432,-0.012232740468988432,-0.012232740468988432,-0.012232740468988432,-0.012232740468988432,-0.012232740468988432,-0.012232740468988432
2022-04-28,0.026632735483794547,0.026632735483794547,0.026632735483794547,0.026632735483794547,0.026632735483794547,0.026632735483794547,0.026632735483794547,0.026632735483794547,0.026632735483794547,0.026632735483794547,0.026632735483794547
2022-04-29,-0.04185833510297388,-0.04185833510297388,-0.04185833510297388,-0.04185833510297388,-0.04185833510297388,-0.04185833510297388,-0.04185833510297388,-0.04185833510297388,-0.04185833510297388,-0.04185833510297388,-0.04185833510297388
2022-05-02,-0.005739992946685065,-0.005739992946685065,-0.005739992946685065,-0.005739992946685065,-0.005739992946685065,-0.005739992946685065,-0.005739992946685065,-0.005739992946685065,-0.005739992946685065,-0.005739992946685065,-0.005739992946685065
2022-05-03,0.013368202405976918,0.013368202405976918,0.013368202405976918,0.013368202405976918,0.013368202405976918,0.013368202405976918,0.013368202405976918,0.013368202405976918,0.011554894666054938,0.009741586926132957,0.006114971446288994
2022-05-04,0.0407627769176044,0.0407627769176044,0.0407627769176044,0.0407627769176044,0.0407627769176044,0.0407627769176044,0.0407627769176044,0.0407627769176044,0.0407627769176044,0.0407627769176044,0.0407627769176044
2022-05-05,-0.05256941962928113,-0.05256941962928113,-0.05256941962928113,-0.05256941962928113,-0.05256941962928113,-0.05256941962928113,-0.05256941962928113,-0.05256941962928113,-0.05256941962928113,-0.05256941962928113,-0.05256941962928113
2022-05-06,-0.004919627101941509,-0.004919627101941509,-0.004919627101941509,-0.004919627101941509,-0.004919627101941509,-0.004919627101941509,-0.004919627101941509,-0.004919627101941509,-0.004919627101941509,-0.004919627101941509,-0.004919627101941509
2022-05-09,-0.03932853527734964,-0.03932853527734964,-0.03932853527734964,-0.03932853527734964,-0.03932853527734964,-0.03932853527734964,-0.03932853527734964,-0.03932853527734964,-0.03683703856654284,-0.03434554185573604,-0.02936254843412244
2022-05-10,0.004262943965294507,0.004262943965294507,0.004262943965294507,0.004262943965294507,0.004262943965294507,0.004262943965294507,0.004262943965294507,0.004262943965294507,0.004262943965294507,0.004262943965294507,0.004262943965294507
2022-05-11,0.008627832605212883,0.008627832605212883,0.008627832605212883,0.008627832605212883,0.008627832605212883,0.008627832605212883,0.008627832605212883,0.008627832605212883,0.008627832605212883,0.008627832605212883,0.008627832605212883
2022-05-12,-0.007798411252052291,-0.007798411252052291,-0.007798411252052291,-0.007798411252052291,-0.007798411252052291,-0.007798411252052291,-0.007798411252052291,-0.007798411252052291,-0.007798411252052291,-0.007798411252052291,-0.007798411252052291
2022-05-13,0.005518406217412883,0.005518406217412883,0.005518406217412883,0.005518406217412883,0.005518406217412883,0.005518406217412883,0.005518406217412883,0.005518406217412883,0.005518406217412883,0.005518406217412883,0.005518406217412883
2022-05-16,0.008550557587611786,0.008550557587611786,0.008550557587611786,0.008550557587611786,0.008550557587611786,0.008550557587611786,0.008550557587611786,0.008550557587611786,0.008550557587611786,0.008550557587611786,0.008550557587611786
2022-05-17,0.0016436688879981338,0.0016436688879981338,0.0016436688879981338,0.0016436688879981338,0.0016436688879981338,0.0016436688879981338,0.0016436688879981338,0.0016436688879981338,0.0016436688879981338,0.0016436688879981338,0.0016436688879981338
2022-05-18,-0.023517361200074208,-0.023517361200074208,-0.023517361200074208,-0.023517361200074208,-0.023517361200074208,-0.023517361200074208,-0.023517361200074208,-0.023517361200074208,-0.023517361200074208,-0.023517361200074208,-0.023517361200074208
2022-05-19,0.016279837858957674,0.016279837858957674,0.016279837858957674,0.016279837858957674,0.016279837858957674,0.016279837858957674,0.016279837858957674,0.016279837858957674,0.016279837858957674,0.016279837858957674,0.016279837858957674
2022-05-20,0.006197796829676194,0.006197796829676194,0.006197796829676194,0.006197796829676194,0.006197796829676194,0.006197796829676194,0.006197796829676194,0.006197796829676194,0.006197796829676194,0.006197796829676194,0.006197796829676194
2022-05-23,0.002562307421260294,0.002562307421260294,0.002562307421260294,0.002562307421260294,0.002562307421260294,0.002562307421260294,0.002562307421260294,0.002562307421260294,0.002562307421260294,0.002562307421260294,0.002562307421260294
2022-05-24,0.008608499864431218,0.008608499864431218,0.008608499864431218,0.008608499864431218,0.008608499864431218,0.008608499864431218,0.008608499864431218,0.008608499864431218,0.008608499864431218,0.008608499864431218,0.008608499864431218
2022-05-25,0.007512455812921019,0.007512455812921019,0.007512455812921019,0.007512455812921019,0.007512455812921019,0.007512455812921019,0.007512455812921019,0.007512455812921019,0.007512455812921019,0.007512455812921019,0.007512455812921019
2022-05-26,0.00864462094473153,0.00864462094473153,0.00864462094473153,0.00864462094473153,0.00864462094473153,0.00864462094473153,0.00864462094473153,0.00864462094473153,0.00864462094473153,0.00864462094473153,0.00864462094473153
2022-05-27,0.02302035038301154,0.02302035038301154,0.02302035038301154,0.02302035038301154,0.02302035038301154,0.02302035038301154,0.02302035038301154,0.02302035038301154,0.02302035038301154,0.02302035038301154,0.02302035038301154
2022-05-31,-0.023173965231996527,-0.023173965231996527,-0.023173965231996527,-0.023173965231996527,-0.023173965231996527,-0.023173965231996527,-0.023173965231996527,-0.023173965231996527,-0.023173965231996527,-0.023173965231996527,-0.023173965231996527
2022-06-01,0.0021266341566112193,0.0021266341566112193,0.0021266341566112193,0.0021266341566112193,0.0021266341566112193,0.0021266341566112193,0.0021266341566112193,0.0021266341566112193,0.0021266341566112193,0.0021266341566112193,0.0021266341566112193
2022-06-02,0.017475117328002276,0.017475117328002276,0.017475117328002276,0.017475117328002276,0.017475117328002276,0.017475117328002276,0.017475117328002276,0.017475117328002276,0.016863819780318853,0.01625252223263543,0.015029927137268579
2022-06-03,-0.013620018425179794,-0.013620018425179794,-0.013620018425179794,-0.013620018425179794,-0.013620018425179794,-0.013620018425179794,-0.013620018425179794,-0.013620018425179794,-0.013620018425179794,-0.013620018425179794,-0.013620018425179794
2022-06-06,-0.003530519379590801,-0.003530519379590801,-0.003530519379590801,-0.003530519379590801,-0.003530519379590801,-0.003530519379590801,-0.003530519379590801,-0.003530519379590801,-0.003530519379590801,-0.003530519379590801,-0.003530519379590801
2022-06-07,0.012946118108132402,0.012946118108132402,0.012946118108132402,0.012946118108132402,0.012946118108132402,0.012946118108132402,0.012946118108132402,0.012946118108132402,0.01219104156641447,0.01143596502469654,0.009925811941260678
2022-06-08,-0.008693811330892282,-0.008693811330892282,-0.008693811330892282,-0.008693811330892282,-0.008693811330892282,-0.008693811330892282,-0.008693811330892282,-0.008693811330892282,-0.008693811330892282,-0.008693811330892282,-0.008693811330892282
2022-06-09,-0.015462284464326324,-0.015462284464326324,-0.015462284464326324,-0.015462284464326324,-0.015462284464326324,-0.015462284464326324,-0.015462284464326324,-0.015462284464326324,-0.015462284464326324,-0.015462284464326324,-0.015462284464326324
2022-06-10,-0.011492708959763207,-0.011492708959763207,-0.011492708959763207,-0.011492708959763207,-0.011492708959763207,-0.011492708959763207,-0.011492708959763207,-0.011492708959763207,-0.009613584233552193,-0.007734459507341179,-0.00397621005491915
2022-06-13,-0.06697208770299347,-0.06697208770299347,-0.06697208770299347,-0.06697208770299347,-0.06697208770299347,-0.06697208770299347,-0.06697208770299347,-0.06697208770299347,-0.06697208770299347,-0.06697208770299347,-0.06697208770299347
2022-06-14,-0.009664147499289566,-0.009664147499289566,-0.009664147499289566,-0.009664147499289566,-0.009664147499289566,-0.009664147499289566,-0.009664147499289566,-0.009664147499289566,-0.009664147499289566,-0.009664147499289566,-0.009664147499289566
2022-06-15,0.03220133494032488,0.03220133494032488,0.03220133494032488,0.03220133494032488,0.03220133494032488,0.03220133494032488,0.03220133494032488,0.03220133494032488,0.030515672480722476,0.028830010021120078,0.025458685101915277
2022-06-16,-0.007246656822505286,-0.007246656822505286,-0.007246656822505286,-0.007246656822505286,-0.007246656822505286,-0.007246656822505286,-0.007246656822505286,-0.007246656822505286,-0.005343545500212486,-0.0034404341779196864,0.00036578846666591324
2022-06-17,0.0003651382457843192,0.0003651382457843192,0.0003651382457843192,0.0003651382457843192,0.0003651382457843192,0.0003651382457843192,0.0003651382457843192,0.0003651382457843192,0.0003651382457843192,0.0003651382457843192,0.0003651382457843192
2022-06-21,-0.0003023658144635081,-0.0003023658144635081,-0.0003023658144635081,-0.0003023658144635081,-0.0003023658144635081,-0.0003023658144635081,-0.0003023658144635081,-0.0003023658144635081,-0.0003023658144635081,-0.0003023658144635081,-0.0003023658144635081
2022-06-22,0.022425510158262243,0.022425510158262243,0.022425510158262243,0.022425510158262243,0.022425510158262243,0.022425510158262243,0.022425510158262243,0.022425510158262243,0.022425510158262243,0.022425510158262243,0.022425510158262243
2022-06-23,0.003149392020546123,0.003149392020546123,0.003149392020546123,0.003149392020546123,0.003149392020546123,0.003149392020546123,0.003149392020546123,0.003149392020546123,0.003149392020546123,0.003149392020546123,0.003149392020546123
2022-06-24,0.014009407329311607,0.014009407329311607,0.014009407329311607,0.014009407329311607,0.014009407329311607,0.014009407329311607,0.014009407329311607,0.014009407329311607,0.014009407329311607,0.014009407329311607,0.014009407329311607
2022-06-27,-0.003442883577253298,-0.003442883577253298,-0.003442883577253298,-0.003442883577253298,-0.003442883577253298,-0.003442883577253298,-0.003442883577253298,-0.003442883577253298,-0.003442883577253298,-0.003442883577253298,-0.003442883577253298
2022-06-28,-0.011208605051279732,-0.011208605051279732,-0.011208605051279732,-0.011208605051279732,-0.011208605051279732,-0.011208605051279732,-0.011208605051279732,-0.011208605051279732,-0.011208605051279732,-0.011208605051279732,-0.011208605051279732
2022-06-29,0.008399770177513985,0.008399770177513985,0.008399770177513985,0.008399770177513985,0.008399770177513985,0.008399770177513985,0.008399770177513985,0.008399770177513985,0.008475954757971027,0.008552139338428067,0.008704508499342147
2022-06-30,-0.004194996251429778,-0.004194996251429778,-0.004194996251429778,-0.004194996251429778,-0.004194996251429778,-0.004194996251429778,-0.004194996251429778,-0.004194996251429778,-0.004194996251429778,-0.004194996251429778,-0.004194996251429778
2022-07-01,0.00763355404139919,0.00763355404139919,0.00763355404139919,0.00763355404139919,0.00763355404139919,0.00763355404139919,0.00763355404139919,0.00763355404139919,0.00763355404139919,0.00763355404139919,0.00763355404139919
2022-07-05,-0.01280408448320075,-0.01280408448320075,-0.01280408448320075,-0.01280408448320075,-0.01280408448320075,-0.01280408448320075,-0.01280408448320075,-0.01280408448320075,-0.01280408448320075,-0.01280408448320075,-0.01280408448320075
2022-07-06,-0.01185677910408008,-0.01185677910408008,-0.01185677910408008,-0.01185677910408008,-0.01185677910408008,-0.01185677910408008,-0.01185677910408008,-0.01185677910408008,-0.01185677910408008,-0.01185677910408008,-0.01185677910408008
2022-07-07,0.005859928923758096,0.005859928923758096,0.005859928923758096,0.005859928923758096,0.005859928923758096,0.005859928923758096,0.005859928923758096,0.005859928923758096,0.005859928923758096,0.005859928923758096,0.005859928923758096
2022-07-08,0.000711103683401476,0.000711103683401476,0.000711103683401476,0.000711103683401476,0.000711103683401476,0.000711103683401476,0.000711103683401476,0.000711103683401476,0.000711103683401476,0.000711103683401476,0.000711103683401476
2022-07-11,-0.0036330354007768446,-0.0036330354007768446,-0.0036330354007768446,-0.0036330354007768446,-0.0036330354007768446,-0.0036330354007768446,-0.0036330354007768446,-0.0036330354007768446,-0.0036330354007768446,-0.0036330354007768446,-0.0036330354007768446
2022-07-12,-0.003902798900052181,-0.003902798900052181,-0.003902798900052181,-0.003902798900052181,-0.003902798900052181,-0.003902798900052181,-0.003902798900052181,-0.003902798900052181,-0.003902798900052181,-0.003902798900052181,-0.003902798900052181
2022-07-13,0.009800448778054272,0.009800448778054272,0.009800448778054272,0.009800448778054272,0.009800448778054272,0.009800448778054272,0.009800448778054272,0.009800448778054272,0.009800448778054272,0.009800448778054272,0.009800448778054272
2022-07-14,-0.01597056405159497,-0.01597056405159497,-0.01597056405159497,-0.01597056405159497,-0.01597056405159497,-0.01597056405159497,-0.01597056405159497,-0.01597056405159497,-0.01597056405159497,-0.01597056405159497,-0.01597056405159497
2022-07-15,0.014466293099398729,0.014466293099398729,0.014466293099398729,0.014466293099398729,0.014466293099398729,0.014466293099398729,0.014466293099398729,0.014466293099398729,0.014466293099398729,0.014466293099398729,0.014466293099398729
2022-07-18,-0.010812919587376502,-0.010812919587376502,-0.010812919587376502,-0.010812919587376502,-0.010812919587376502,-0.010812919587376502,-0.010812919587376502,-0.010812919587376502,-0.00986620420354644,-0.008919488819716378,-0.0070260580520562525
2022-07-19,0.010575034875306621,0.010575034875306621,0.010575034875306621,0.010575034875306621,0.010575034875306621,0.010575034875306621,0.010575034875306621,0.010575034875306621,0.010575034875306621,0.010575034875306621,0.010575034875306621
2022-07-20,0.0007797862114296513,0.0007797862114296513,0.0007797862114296513,0.0007797862114296513,0.0007797862114296513,0.0007797862114296513,0.0007797862114296513,0.0007797862114296513,0.0007797862114296513,0.0007797862114296513,0.0007797862114296513
2022-07-21,0.0247720210997283,0.0247720210997283,0.0247720210997283,0.0247720210997283,0.0247720210997283,0.0247720210997283,0.0247720210997283,0.0247720210997283,0.0247720210997283,0.0247720210997283,0.0247720210997283
2022-07-22,0.007270161256035692,0.007270161256035692,0.007270161256035692,0.007270161256035692,0.007270161256035692,0.007270161256035692,0.007270161256035692,0.007270161256035692,0.007270161256035692,0.007270161256035692,0.007270161256035692
2022-07-25,-0.00514258374922382,-0.00514258374922382,-0.00514258374922382,-0.00514258374922382,-0.00514258374922382,-0.00514258374922382,-0.00514258374922382,-0.00514258374922382,-0.00514258374922382,-0.00514258374922382,-0.00514258374922382
2022-07-26,-0.0034505396609938784,-0.0034505396609938784,-0.0034505396609938784,-0.0034505396609938784,-0.0034505396609938784,-0.0034505396609938784,-0.0034505396609938784,-0.0034505396609938784,-0.0034505396609938784,-0.0034505396609938784,-0.0034505396609938784
2022-07-27,0.008130635975118079,0.008130635975118079,0.008130635975118079,0.008130635975118079,0.008130635975118079,0.008130635975118079,0.008130635975118079,0.008130635975118079,0.008130635975118079,0.008130635975118079,0.008130635975118079
2022-07-28,0.020501680488397133,0.020501680488397133,0.020501680488397133,0.020501680488397133,0.020501680488397133,0.020501680488397133,0.020501680488397133,0.020501680488397133,0.020501680488397133,0.020501680488397133,0.020501680488397133
2022-07-29,-0.00019927914324012475,-0.00019927914324012475,-0.00019927914324012475,-0.00019927914324012475,-0.00019927914324012475,-0.00019927914324012475,-0.00019927914324012475,-0.00019927914324012475,-0.00019927914324012475,-0.00019927914324012475,-0.00019927914324012475
2022-08-01,-0.0002722502032400458,-0.0002722502032400458,-0.0002722502032400458,-0.0002722502032400458,-0.0002722502032400458,-0.0002722502032400458,-0.0002722502032400458,-0.0002722502032400458,-0.0002722502032400458,-0.0002722502032400458,-0.0002722502032400458
2022-08-02,-0.011215860416554643,-0.011215860416554643,-0.011215860416554643,-0.011215860416554643,-0.011215860416554643,-0.011215860416554643,-0.011215860416554643,-0.011215860416554643,-0.011215860416554643,-0.011215860416554643,-0.011215860416554643
2022-08-03,0.02166302272413859,0.02166302272413859,0.02166302272413859,0.02166302272413859,0.02166302272413859,0.02166302272413859,0.02166302272413859,0.02166302272413859,0.02166302272413859,0.02166302272413859,0.02166302272413859
2022-08-04,0.010417534932999422,0.010417534932999422,0.010417534932999422,0.010417534932999422,0.010417534932999422,0.010417534932999422,0.010417534932999422,0.010417534932999422,0.010485158409625996,0.010552781886252569,0.010688028839505715
2022-08-05,-0.00876242065368392,-0.00876242065368392,-0.00876242065368392,-0.00876242065368392,-0.00876242065368392,-0.00876242065368392,-0.00876242065368392,-0.00876242065368392,-0.00876242065368392,-0.00876242065368392,-0.00876242065368392
2022-08-08,0.013389523065514086,0.013389523065514086,0.013389523065514086,0.013389523065514086,0.013389523065514086,0.013389523065514086,0.013389523065514086,0.013389523065514086,0.013389523065514086,0.013389523065514086,0.013389523065514086
2022-08-09,-0.0025820747091914445,-0.0025820747091914445,-0.0025820747091914445,-0.0025820747091914445,-0.0025820747091914445,-0.0025820747091914445,-0.0025820747091914445,-0.0025820747091914445,-0.0024316501967210627,-0.0022812256842506813,-0.001980376659309918
2022-08-10,0.00974949161001325,0.00974949161001325,0.00974949161001325,0.00974949161001325,0.00974949161001325,0.00974949161001325,0.00974949161001325,0.00974949161001325,0.00974949161001325,0.00974949161001325,0.00974949161001325
2022-08-11,-0.01268953220793881,-0.01268953220793881,-0.01268953220793881,-0.01268953220793881,-0.01268953220793881,-0.01268953220793881,-0.01268953220793881,-0.01268953220793881,-0.01268953220793881,-0.01268953220793881,-0.01268953220793881
2022-08-12,0.018613193438843476,0.018613193438843476,0.018613193438843476,0.018613193438843476,0.018613193438843476,0.018613193438843476,0.018613193438843476,0.018613193438843476,0.018613193438843476,0.018613193438843476,0.018613193438843476
2022-08-15,-0.005893940773536267,-0.005893940773536267,-0.005893940773536267,-0.005893940773536267,-0.005893940773536267,-0.005893940773536267,-0.005893940773536267,-0.005893940773536267,-0.005893940773536267,-0.005893940773536267,-0.005893940773536267
2022-08-16,0.0006265666534538599,0.0006265666534538599,0.0006265666534538599,0.0006265666534538599,0.0006265666534538599,0.0006265666534538599,0.0006265666534538599,0.0006265666534538599,0.0006265666534538599,0.0006265666534538599,0.0006265666534538599
2022-08-17,-0.012070942004519927,-0.012070942004519927,-0.012070942004519927,-0.012070942004519927,-0.012070942004519927,-0.012070942004519927,-0.012070942004519927,-0.012070942004519927,-0.012070942004519927,-0.012070942004519927,-0.012070942004519927
2022-08-18,0.0016390125113258994,0.0016390125113258994,0.0016390125113258994,0.0016390125113258994,0.0016390125113258994,0.0016390125113258994,0.0016390125113258994,0.0016390125113258994,0.0016390125113258994,0.0016390125113258994,0.0016390125113258994
2022-08-19,-0.023029294449279824,-0.023029294449279824,-0.023029294449279824,-0.023029294449279824,-0.023029294449279824,-0.023029294449279824,-0.023029294449279824,-0.023029294449279824,-0.02165128457703185,-0.020273274704783878,-0.017517254960287932
2022-08-22,-0.022219750512541093,-0.022219750512541093,-0.022219750512541093,-0.022219750512541093,-0.022219750512541093,-0.022219750512541093,-0.022219750512541093,-0.022219750512541093,-0.022219750512541093,-0.022219750512541093,-0.022219750512541093
2022-08-23,0.004104952625361159,0.004104952625361159,0.004104952625361159,0.004104952625361159,0.004104952625361159,0.004104952625361159,0.004104952625361159,0.004104952625361159,0.0036310505956456663,0.003157148565930173,0.0022093445064991874
2022-08-24,0.0030156673537201067,0.0030156673537201067,0.0030156673537201067,0.0030156673537201067,0.0030156673537201067,0.0030156673537201067,0.0030156673537201067,0.0030156673537201067,0.0018947513402780018,0.0007738353268358967,-0.0014679967000483134
2022-08-25,0.018305051377342233,0.018305051377342233,0.018305051377342233,0.018305051377342233,0.018305051377342233,0.018305051377342233,0.018305051377342233,0.018305051377342233,0.018305051377342233,0.018305051377342233,0.018305051377342233
2022-08-26,-0.011485455544275545,-0.011485455544275545,-0.011485455544275545,-0.011485455544275545,-0.011485455544275545,-0.011485455544275545,-0.011485455544275545,-0.011485455544275545,-0.011485455544275545,-0.011485455544275545,-0.011485455544275545
2022-08-29,-0.00795878959893741,-0.00795878959893741,-0.00795878959893741,-0.00795878959893741,-0.00795878959893741,-0.00795878959893741,-0.00795878959893741,-0.00795878959893741,-0.00795878959893741,-0.00795878959893741,-0.00795878959893741
2022-08-30,-0.00526816992635974,-0.00526816992635974,-0.00526816992635974,-0.00526816992635974,-0.00526816992635974,-0.00526816992635974,-0.00526816992635974,-0.00526816992635974,-0.00526816992635974,-0.00526816992635974,-0.00526816992635974
2022-08-31,-0.014337586074333813,-0.014337586074333813,-0.014337586074333813,-0.014337586074333813,-0.014337586074333813,-0.014337586074333813,-0.014337586074333813,-0.014337586074333813,-0.014337586074333813,-0.014337586074333813,-0.014337586074333813
2022-09-01,-0.006963267257460523,-0.006963267257460523,-0.006963267257460523,-0.006963267257460523,-0.006963267257460523,-0.006963267257460523,-0.006963267257460523,-0.006963267257460523,-0.006963267257460523,-0.006963267257460523,-0.006963267257460523
2022-09-02,-0.002003474481429063,-0.002003474481429063,-0.002003474481429063,-0.002003474481429063,-0.002003474481429063,-0.002003474481429063,-0.002003474481429063,-0.002003474481429063,-0.0017465388596160686,-0.0014896032378030745,-0.0009757319941770858
2022-09-06,-0.012698582622396919,-0.012698582622396919,-0.012698582622396919,-0.012698582622396919,-0.012698582622396919,-0.012698582622396919,-0.012698582622396919,-0.012698582622396919,-0.012698582622396919,-0.012698582622396919,-0.012698582622396919
2022-09-07,0.029698190820221508,0.029698190820221508,0.029698190820221508,0.029698190820221508,0.029698190820221508,0.029698190820221508,0.029698190820221508,0.029698190820221508,0.029698190820221508,0.029698190820221508,0.029698190820221508
2022-09-08,0.002658084839069099,0.002658084839069099,0.002658084839069099,0.002658084839069099,0.002658084839069099,0.002658084839069099,0.002658084839069099,0.002658084839069099,0.002193808004520349,0.0017295311699715996,0.0008009775008740999
2022-09-09,0.017354800821360518,0.017354800821360518,0.017354800821360518,0.017354800821360518,0.017354800821360518,0.017354800821360518,0.017354800821360518,0.017354800821360518,0.017354800821360518,0.017354800821360518,0.017354800821360518
2022-09-12,0.004822771387778892,0.004822771387778892,0.004822771387778892,0.004822771387778892,0.004822771387778892,0.004822771387778892,0.004822771387778892,0.004822771387778892,0.004822771387778892,0.004822771387778892,0.004822771387778892
2022-09-13,-0.036889145807222745,-0.036889145807222745,-0.036889145807222745,-0.036889145807222745,-0.036889145807222745,-0.036889145807222745,-0.036889145807222745,-0.036889145807222745,-0.036889145807222745,-0.036889145807222745,-0.036889145807222745
2022-09-14,0.0004855349219257141,0.0004855349219257141,0.0004855349219257141,0.0004855349219257141,0.0004855349219257141,0.0004855349219257141,0.0004855349219257141,0.0004855349219257141,0.0004855349219257141,0.0004855349219257141,0.0004855349219257141
2022-09-15,-0.019336753943692282,-0.019336753943692282,-0.019336753943692282,-0.019336753943692282,-0.019336753943692282,-0.019336753943692282,-0.019336753943692282,-0.019336753943692282,-0.019336753943692282,-0.019336753943692282,-0.019336753943692282
2022-09-16,-0.003566799579996216,-0.003566799579996216,-0.003566799579996216,-0.003566799579996216,-0.003566799579996216,-0.003566799579996216,-0.003566799579996216,-0.003566799579996216,-0.003566799579996216,-0.003566799579996216,-0.003566799579996216
2022-09-19,0.008092844433120533,0.008092844433120533,0.008092844433120533,0.008092844433120533,0.008092844433120533,0.008092844433120533,0.008092844433120533,0.008092844433120533,0.007272841030285767,0.006452837627451003,0.004812830821781473
2022-09-20,-0.018155912104375338,-0.018155912104375338,-0.018155912104375338,-0.018155912104375338,-0.018155912104375338,-0.018155912104375338,-0.018155912104375338,-0.018155912104375338,-0.018155912104375338,-0.018155912104375338,-0.018155912104375338
2022-09-21,0.0012155907293062412,0.0012155907293062412,0.0012155907293062412,0.0012155907293062412,0.0012155907293062412,0.0012155907293062412,0.0012155907293062412,0.0012155907293062412,0.0012155907293062412,0.0012155907293062412,0.0012155907293062412
2022-09-22,-0.01804288308086998,-0.01804288308086998,-0.01804288308086998,-0.01804288308086998,-0.01804288308086998,-0.01804288308086998,-0.01804288308086998,-0.01804288308086998,-0.018142177819153685,-0.018241472557437393,-0.01844006203400481
2022-09-23,-0.0272290263190828,-0.0272290263190828,-0.0272290263190828,-0.0272290263190828,-0.0272290263190828,-0.0272290263190828,-0.0272290263190828,-0.0272290263190828,-0.0272290263190828,-0.0272290263190828,-0.0272290263190828
2022-09-26,-0.030625005435347855,-0.030625005435347855,-0.030625005435347855,-0.030625005435347855,-0.030625005435347855,-0.030625005435347855,-0.030625005435347855,-0.030625005435347855,-0.029631708599901736,-0.02863841176445562,-0.026651818093563383
2022-09-27,-0.015485637963043404,-0.015485637963043404,-0.015485637963043404,-0.015485637963043404,-0.015485637963043404,-0.015485637963043404,-0.015485637963043404,-0.015485637963043404,-0.015485637963043404,-0.015485637963043404,-0.015485637963043404
2022-09-28,0.05684658069154052,0.05684658069154052,0.05684658069154052,0.05684658069154052,0.05684658069154052,0.05684658069154052,0.05684658069154052,0.05684658069154052,0.05580446226952715,0.05476234384751378,0.052678107003487046
2022-09-29,-0.019117215578120246,-0.019117215578120246,-0.019117215578120246,-0.019117215578120246,-0.019117215578120246,-0.019117215578120246,-0.019117215578120246,-0.019117215578120246,-0.019117215578120246,-0.019117215578120246,-0.019117215578120246
2022-09-30,-0.020891681854328475,-0.020891681854328475,-0.020891681854328475,-0.020891681854328475,-0.020891681854328475,-0.020891681854328475,-0.020891681854328475,-0.020891681854328475,-0.020891681854328475,-0.020891681854328475,-0.020891681854328475
2022-10-03,0.04625050284764498,0.04625050284764498,0.04625050284764498,0.04625050284764498,0.04625050284764498,0.04625050284764498,0.04625050284764498,0.04625050284764498,0.04493149938209401,0.04361249591654303,0.04097448898544108
2022-10-04,0.038675015192818823,0.038675015192818823,0.038675015192818823,0.038675015192818823,0.038675015192818823,0.038675015192818823,0.038675015192818823,0.038675015192818823,0.038675015192818823,0.038675015192818823,0.038675015192818823
2022-10-05,-0.00746628966597111,-0.00746628966597111,-0.00746628966597111,-0.00746628966597111,-0.00746628966597111,-0.00746628966597111,-0.00746628966597111,-0.00746628966597111,-0.00746628966597111,-0.00746628966597111,-0.00746628966597111
2022-10-06,-0.01197764340367065,-0.01197764340367065,-0.01197764340367065,-0.01197764340367065,-0.01197764340367065,-0.01197764340367065,-0.01197764340367065,-0.01197764340367065,-0.01197764340367065,-0.01197764340367065,-0.01197764340367065
2022-10-07,-0.03323849883998606,-0.03323849883998606,-0.03323849883998606,-0.03323849883998606,-0.03323849883998606,-0.03323849883998606,-0.03323849883998606,-0.03323849883998606,-0.03204885624954479,-0.030859213659103515,-0.028479928478220975
2022-10-10,-0.025520585324876513,-0.025520585324876513,-0.025520585324876513,-0.025520585324876513,-0.025520585324876513,-0.025520585324876513,-0.025520585324876513,-0.025520585324876513,-0.024787230803947603,-0.024053876283018694,-0.02258716724116087
2022-10-11,-0.004160651574939505,-0.004160651574939505,-0.004160651574939505,-0.004160651574939505,-0.004160651574939505,-0.004160651574939505,-0.004160651574939505,-0.004160651574939505,-0.0036376859425384794,-0.0031147203101374544,-0.002068789045335404
2022-10-12,0.006023983524687707,0.006023983524687707,0.006023983524687707,0.006023983524687707,0.006023983524687707,0.006023983524687707,0.006023983524687707,0.006023983524687707,0.005703769743543501,0.0053835559623992965,0.004743128400110886
2022-10-13,0.004729379005196809,0.004729379005196809,0.004729379005196809,0.004729379005196809,0.004729379005196809,0.004729379005196809,0.004729379005196809,0.004729379005196809,0.004729379005196809,0.004729379005196809,0.004729379005196809
2022-10-14,-0.024742116456591523,-0.024032488688562482,-0.023322860920533445,-0.024742116456591523,-0.024742116456591523,-0.024742116456591523,-0.024742116456591523,-0.024742116456591523,-0.024742116456591523,-0.024742116456591523,-0.024742116456591523
2022-10-17,0.014133613666052666,0.014133613666052666,0.014133613666052666,0.014133613666052666,0.014133613666052666,0.014133613666052666,0.014133613666052666,0.014133613666052666,0.014133613666052666,0.014133613666052666,0.014133613666052666
2022-10-18,0.010169718618468167,0.010169718618468167,0.010169718618468167,0.010169718618468167,0.010169718618468167,0.010169718618468167,0.010169718618468167,0.010169718618468167,0.009541914721846415,0.00891411082522466,0.007658503031981154
2022-10-19,-0.02247073268710062,-0.02247073268710062,-0.02247073268710062,-0.02247073268710062,-0.02247073268710062,-0.02247073268710062,-0.02247073268710062,-0.02247073268710062,-0.02247073268710062,-0.02247073268710062,-0.02247073268710062
2022-10-20,-0.011793552502417422,-0.011793552502417422,-0.011793552502417422,-0.011793552502417422,-0.011793552502417422,-0.011793552502417422,-0.011793552502417422,-0.011793552502417422,-0.011793552502417422,-0.011793552502417422,-0.011793552502417422
2022-10-21,0.01366021233688927,0.01366021233688927,0.01366021233688927,0.01366021233688927,0.01366021233688927,0.01366021233688927,0.01366021233688927,0.01366021233688927,0.013555174416191135,0.013450136495493,0.013240060654096733
2022-10-24,0.0007945507079593389,0.00022462741728592248,-0.00034529587338749424,0.0007945507079593389,0.0007945507079593389,0.0007945507079593389,0.0007945507079593389,0.0007945507079593389,0.00022462741728592248,-0.00034529587338749424,-0.0014851424547343275
2022-10-25,0.02318699502452045,0.02318699502452045,0.02318699502452045,0.02318699502452045,0.02318699502452045,0.02318699502452045,0.02318699502452045,0.02318699502452045,0.02318699502452045,0.02318699502452045,0.02318699502452045
2022-10-26,0.013061988023160939,0.01234098241785636,0.011619976812551782,0.013061988023160939,0.013061988023160939,0.013061988023160939,0.013061988023160939,0.013061988023160939,0.013061988023160939,0.013061988023160939,0.013061988023160939
2022-10-27,0.008635845927586596,0.007986567297697776,0.0073372886678089565,0.008635845927586596,0.008635845927586596,0.008635845927586596,0.008635845927586596,0.008635845927586596,0.008635845927586596,0.008635845927586596,0.008635845927586596
2022-10-28,-0.007723485231997725,-0.008379983243958772,-0.009036481255919817,-0.007723485231997725,-0.007723485231997725,-0.007723485231997725,-0.007723485231997725,-0.007723485231997725,-0.007723485231997725,-0.007723485231997725,-0.007723485231997725
2022-10-31,-0.010734260543799914,-0.010734260543799914,-0.010734260543799914,-0.010734260543799914,-0.010734260543799914,-0.010734260543799914,-0.010734260543799914,-0.010734260543799914,-0.010734260543799914,-0.010734260543799914,-0.010734260543799914
2022-11-01,0.007476110600310322,0.007476110600310322,0.007476110600310322,0.007476110600310322,0.007476110600310322,0.007476110600310322,0.007476110600310322,0.007476110600310322,0.007476110600310322,0.007476110600310322,0.007476110600310322
2022-11-02,-0.025961060598375912,-0.025961060598375912,-0.025961060598375912,-0.025961060598375912,-0.025961060598375912,-0.025961060598375912,-0.025961060598375912,-0.025961060598375912,-0.025210177666149892,-0.024459294733923876,-0.02295752886947184
2022-11-03,-0.007317232578975796,-0.007317232578975796,-0.007317232578975796,-0.007317232578975796,-0.007317232578975796,-0.007317232578975796,-0.007317232578975796,-0.007317232578975796,-0.007317232578975796,-0.007317232578975796,-0.007317232578975796
2022-11-04,0.029188245741843973,0.029188245741843973,0.029188245741843973,0.029188245741843973,0.029188245741843973,0.029188245741843973,0.029188245741843973,0.029188245741843973,0.02878307428689421,0.02837790283194444,0.02756755992204491
2022-11-07,0.0029103967671410304,0.0029103967671410304,0.0029103967671410304,0.0029103967671410304,0.0029103967671410304,0.0029103967671410304,0.0029103967671410304,0.0029103967671410304,0.002626071883150622,0.0023417469991602134,0.001773097231179397
2022-11-08,0.0194114595583802,0.0194114595583802,0.0194114595583802,0.0194114595583802,0.0194114595583802,0.0194114595583802,0.0194114595583802,0.0194114595583802,0.0194114595583802,0.0194114595583802,0.0194114595583802
2022-11-09,-0.013331710566928164,-0.013331710566928164,-0.013331710566928164,-0.013331710566928164,-0.013331710566928164,-0.013331710566928164,-0.013331710566928164,-0.013331710566928164,-0.013331710566928164,-0.013331710566928164,-0.013331710566928164
2022-11-10,0.06549007235985732,0.06549007235985732,0.06549007235985732,0.06549007235985732,0.06549007235985732,0.06549007235985732,0.06549007235985732,0.06549007235985732,0.06549007235985732,0.06549007235985732,0.06549007235985732
2022-11-11,0.0073294307483587435,0.0073294307483587435,0.0073294307483587435,0.0073294307483587435,0.0073294307483587435,0.0073294307483587435,0.0073294307483587435,0.0073294307483587435,0.0073294307483587435,0.0073294307483587435,0.0073294307483587435
2022-11-14,-0.003007534815463131,-0.002997434433983327,-0.002987334052503523,-0.003007534815463131,-0.003007534815463131,-0.003007534815463131,-0.003007534815463131,-0.003007534815463131,-0.003007534815463131,-0.003007534815463131,-0.003007534815463131
2022-11-15,0.01173385188659817,0.011997253996088099,0.012260656105578027,0.01173385188659817,0.01173385188659817,0.01173385188659817,0.01173385188659817,0.01173385188659817,0.01173385188659817,0.01173385188659817,0.01173385188659817
2022-11-16,0.008287023813810426,0.008287023813810426,0.008287023813810426,0.008287023813810426,0.008287023813810426,0.008287023813810426,0.008287023813810426,0.008287023813810426,0.008287023813810426,0.008287023813810426,0.008287023813810426
2022-11-17,-0.008532938002821708,-0.008532938002821708,-0.008532938002821708,-0.008532938002821708,-0.008532938002821708,-0.008532938002821708,-0.008532938002821708,-0.008532938002821708,-0.008532938002821708,-0.008532938002821708,-0.008532938002821708
2022-11-18,-0.0037313197538468264,-0.0037313197538468264,-0.0037313197538468264,-0.0037313197538468264,-0.0037313197538468264,-0.0037313197538468264,-0.0037313197538468264,-0.0037313197538468264,-0.0037313197538468264,-0.0037313197538468264,-0.0037313197538468264
2022-11-21,0.00028495812647841593,0.00028495812647841593,0.00028495812647841593,0.00028495812647841593,0.00028495812647841593,0.00028495812647841593,0.00028495812647841593,0.00028495812647841593,-0.00041882477738592336,-0.0011226076812502629,-0.0025301734889789417
2022-11-22,0.01485704832815741,0.01485704832815741,0.01485704832815741,0.01485704832815741,0.01485704832815741,0.01485704832815741,0.01485704832815741,0.01485704832815741,0.01485704832815741,0.01485704832815741,0.01485704832815741
2022-11-23,0.013433293189891855,0.012839051232228392,0.01224480927456493,0.013433293189891855,0.013433293189891855,0.013433293189891855,0.013433293189891855,0.013433293189891855,0.013433293189891855,0.013433293189891855,0.013433293189891855
2022-11-25,-0.001416746279344351,-0.0012994732507875192,-0.0011822002222306872,-0.001416746279344351,-0.001416746279344351,-0.001416746279344351,-0.001416746279344351,-0.001416746279344351,-0.001416746279344351,-0.001416746279344351,-0.001416746279344351
2022-11-28,-0.007657089146394785,-0.006609921070287454,-0.005562752994180124,-0.007657089146394785,-0.007657089146394785,-0.007657089146394785,-0.007657089146394785,-0.007657089146394785,-0.007657089146394785,-0.007657089146394785,-0.007657089146394785
2022-11-29,-0.004469024740680112,-0.004902958582272197,-0.005336892423864282,-0.004469024740680112,-0.004469024740680112,-0.004469024740680112,-0.004469024740680112,-0.004469024740680112,-0.004469024740680112,-0.004469024740680112,-0.004469024740680112
2022-11-30,0.026268876456816175,0.025218797555299204,0.024168718653782235,0.026268876456816175,0.026268876456816175,0.026268876456816175,0.026268876456816175,0.026268876456816175,0.026268876456816175,0.026268876456816175,0.026268876456816175
2022-12-01,0.017563009237486236,0.016962123815906373,0.01636123839432651,0.017563009237486236,0.017563009237486236,0.017563009237486236,0.017563009237486236,0.017563009237486236,0.017563009237486236,0.017563009237486236,0.017563009237486236
2022-12-02,0.002001483034279006,0.0013282968292160082,0.0006551106241530096,0.002001483034279006,0.002001483034279006,0.002001483034279006,0.002001483034279006,0.002001483034279006,0.002001483034279006,0.002001483034279006,0.002001483034279006
2022-12-05,-0.02117778090291663,-0.02117778090291663,-0.02117778090291663,-0.02117778090291663,-0.02117778090291663,-0.02117778090291663,-0.02117778090291663,-0.02117778090291663,-0.02117778090291663,-0.02117778090291663,-0.02117778090291663
2022-12-06,-0.005312092339601059,-0.005312092339601059,-0.005312092339601059,-0.005312092339601059,-0.005312092339601059,-0.005312092339601059,-0.005312092339601059,-0.005312092339601059,-0.005312092339601059,-0.005312092339601059,-0.005312092339601059
2022-12-07,0.0063439433874759804,0.006864502179492051,0.007385060971508121,0.0063439433874759804,0.0063439433874759804,0.0063439433874759804,0.0063439433874759804,0.0063439433874759804,0.006864502179492051,0.007385060971508121,0.008426178555540263
2022-12-08,0.004971569168251496,0.004971569168251496,0.004971569168251496,0.004971569168251496,0.004971569168251496,0.004971569168251496,0.004971569168251496,0.004971569168251496,0.004971569168251496,0.004971569168251496,0.004971569168251496
2022-12-09,-0.015561286631153292,-0.014771253957261251,-0.013981221283369209,-0.015561286631153292,-0.015561286631153292,-0.015561286631153292,-0.015561286631153292,-0.015561286631153292,-0.015561286631153292,-0.015561286631153292,-0.015561286631153292
2022-12-12,0.002370446848796173,0.002200215135917006,0.002029983423037839,0.002370446848796173,0.002370446848796173,0.002370446848796173,0.002370446848796173,0.002370446848796173,0.002370446848796173,0.002370446848796173,0.002370446848796173
2022-12-13,0.023253222679941656,0.021736891055612557,0.020220559431283463,0.023253222679941656,0.023253222679941656,0.023253222679941656,0.023253222679941656,0.023253222679941656,0.023253222679941656,0.023253222679941656,0.023253222679941656
2022-12-14,0.0031893990346154167,0.0019801904262008478,0.0007709818177862792,0.0031893990346154167,0.0031893990346154167,0.0031893990346154167,0.0031893990346154167,0.0031893990346154167,0.0031893990346154167,0.0031893990346154167,0.0031893990346154167
2022-12-15,-0.026093769268863386,-0.023824848382403216,-0.021555927495943046,-0.026093769268863386,-0.026093769268863386,-0.026093769268863386,-0.026093769268863386,-0.026093769268863386,-0.026093769268863386,-0.026093769268863386,-0.026093769268863386
2022-12-16,-0.004450666554986778,-0.004450666554986778,-0.004450666554986778,-0.004450666554986778,-0.004450666554986778,-0.004450666554986778,-0.004450666554986778,-0.004450666554986778,-0.004450666554986778,-0.004450666554986778,-0.004450666554986778
2022-12-19,-0.009136584265631797,-0.010038508203834607,-0.010940432142037415,-0.009136584265631797,-0.009136584265631797,-0.009136584265631797,-0.009136584265631797,-0.009136584265631797,-0.009136584265631797,-0.009136584265631797,-0.009136584265631797
2022-12-20,0.004363768345939895,0.004043954142012678,0.003724139938085461,0.004363768345939895,0.004363768345939895,0.004363768345939895,0.004363768345939895,0.004363768345939895,0.004363768345939895,0.004363768345939895,0.004363768345939895
2022-12-21,0.010535393258891013,0.010535393258891013,0.010535393258891013,0.010535393258891013,0.010535393258891013,0.010535393258891013,0.010535393258891013,0.010535393258891013,0.009273941671991899,0.008012490085092784,0.005489586911294556
2022-12-22,-0.02024165409752976,-0.02024165409752976,-0.02024165409752976,-0.02024165409752976,-0.02024165409752976,-0.02024165409752976,-0.02024165409752976,-0.02024165409752976,-0.02024165409752976,-0.02024165409752976,-0.02024165409752976
2022-12-23,0.0038896993332844946,0.0038896993332844946,0.0038896993332844946,0.0038896993332844946,0.0038896993332844946,0.0038896993332844946,0.0038896993332844946,0.0038896993332844946,0.0038896993332844946,0.0038896993332844946,0.0038896993332844946
2022-12-27,-0.00645682795817375,-0.00645682795817375,-0.00645682795817375,-0.00645682795817375,-0.00645682795817375,-0.00645682795817375,-0.00645682795817375,-0.00645682795817375,-0.006444506081320419,-0.00643218420446709,-0.00640754045076043
2022-12-28,-0.014056828125321002,-0.014056828125321002,-0.014056828125321002,-0.014056828125321002,-0.014056828125321002,-0.014056828125321002,-0.014056828125321002,-0.014056828125321002,-0.014056828125321002,-0.014056828125321002,-0.014056828125321002
2022-12-29,0.026149540693371512,0.026149540693371512,0.026149540693371512,0.026149540693371512,0.026149540693371512,0.026149540693371512,0.026149540693371512,0.026149540693371512,0.026149540693371512,0.026149540693371512,0.026149540693371512
2022-12-30,-0.006313576069871221,-0.006313576069871221,-0.006313576069871221,-0.006313576069871221,-0.006313576069871221,-0.006313576069871221,-0.006313576069871221,-0.006313576069871221,-0.00635031461711143,-0.0063870531643516375,-0.006460530258832054
2023-01-03,0.007600318762219329,0.007600318762219329,0.007600318762219329,0.007600318762219329,0.007600318762219329,0.007600318762219329,0.007600318762219329,0.007600318762219329,0.007600318762219329,0.007600318762219329,0.007600318762219329
2023-01-04,0.015948770107525847,0.015948770107525847,0.015948770107525847,0.015948770107525847,0.015948770107525847,0.015948770107525847,0.015948770107525847,0.015948770107525847,0.015948770107525847,0.015948770107525847,0.015948770107525847
2023-01-05,-0.012542755912571186,-0.012542755912571186,-0.012542755912571186,-0.012542755912571186,-0.012542755912571186,-0.012542755912571186,-0.012542755912571186,-0.012542755912571186,-0.012542755912571186,-0.012542755912571186,-0.012542755912571186
2023-01-06,0.02575992522502287,0.02575992522502287,0.02575992522502287,0.02575992522502287,0.02575992522502287,0.02575992522502287,0.02575992522502287,0.02575992522502287,0.02575992522502287,0.02575992522502287,0.02575992522502287
2023-01-09,0.0009869799580952189,0.0009869799580952189,0.0009869799580952189,0.0009869799580952189,0.0009869799580952189,0.0009869799580952189,0.0009869799580952189,0.0009869799580952189,0.0009869799580952189,0.0009869799580952189,0.0009869799580952189
2023-01-10,0.0045758752752310845,0.0045758752752310845,0.0045758752752310845,0.0045758752752310845,0.0045758752752310845,0.0045758752752310845,0.0045758752752310845,0.0045758752752310845,0.0045758752752310845,0.0045758752752310845,0.0045758752752310845
2023-01-11,0.010735607773524608,0.010735607773524608,0.010735607773524608,0.010735607773524608,0.010735607773524608,0.010735607773524608,0.010735607773524608,0.010735607773524608,0.010735607773524608,0.010735607773524608,0.010735607773524608
2023-01-12,0.024114031067871175,0.024114031067871175,0.024114031067871175,0.024114031067871175,0.024114031067871175,0.024114031067871175,0.024114031067871175,0.024114031067871175,0.024114031067871175,0.024114031067871175,0.024114031067871175
2023-01-13,0.008252191963251502,0.008252191963251502,0.008252191963251502,0.008252191963251502,0.008252191963251502,0.008252191963251502,0.008252191963251502,0.008252191963251502,0.008252191963251502,0.008252191963251502,0.008252191963251502
2023-01-17,-0.008331371847471595,-0.008331371847471595,-0.008331371847471595,-0.008331371847471595,-0.008331371847471595,-0.008331371847471595,-0.008331371847471595,-0.008331371847471595,-0.008331371847471595,-0.008331371847471595,-0.008331371847471595
2023-01-18,-0.00223865022043612,-0.00223865022043612,-0.00223865022043612,-0.00223865022043612,-0.00223865022043612,-0.00223865022043612,-0.00223865022043612,-0.00223865022043612,-0.00223865022043612,-0.00223865022043612,-0.00223865022043612
2023-01-19,0.002558537135848845,0.002558537135848845,0.002558537135848845,0.002558537135848845,0.002558537135848845,0.002558537135848845,0.002558537135848845,0.002558537135848845,0.0027860759506328067,0.0030136147654167686,0.0034686923949846923
2023-01-20,0.0029270979721188113,0.0029270979721188113,0.0029270979721188113,0.0029270979721188113,0.0029270979721188113,0.0029270979721188113,0.0029270979721188113,0.0029270979721188113,0.0029270979721188113,0.0029270979721188113,0.0029270979721188113
2023-01-23,0.005795401173625567,0.005795401173625567,0.005795401173625567,0.005795401173625567,0.005795401173625567,0.005795401173625567,0.005795401173625567,0.005795401173625567,0.005795401173625567,0.005795401173625567,0.005795401173625567
2023-01-24,0.012673978680064184,0.012673978680064184,0.012673978680064184,0.012673978680064184,0.012673978680064184,0.012673978680064184,0.012673978680064184,0.012673978680064184,0.012673978680064184,0.012673978680064184,0.012673978680064184
2023-01-25,0.003761441927084329,0.003761441927084329,0.003761441927084329,0.003761441927084329,0.003761441927084329,0.003761441927084329,0.003761441927084329,0.003761441927084329,0.003761441927084329,0.003761441927084329,0.003761441927084329
2023-01-26,-0.005179676896283975,-0.005179676896283975,-0.005179676896283975,-0.005179676896283975,-0.005179676896283975,-0.005179676896283975,-0.005179676896283975,-0.005179676896283975,-0.005179676896283975,-0.005179676896283975,-0.005179676896283975
2023-01-27,0.0008163070850485813,0.0008163070850485813,0.0008163070850485813,0.0008163070850485813,0.0008163070850485813,0.0008163070850485813,0.0008163070850485813,0.0008163070850485813,0.0008163070850485813,0.0008163070850485813,0.0008163070850485813
2023-01-30,-0.007950863953626085,-0.007950863953626085,-0.007950863953626085,-0.007950863953626085,-0.007950863953626085,-0.007950863953626085,-0.007950863953626085,-0.007950863953626085,-0.007950863953626085,-0.007950863953626085,-0.007950863953626085
2023-01-31,0.016392665775809327,0.016392665775809327,0.016392665775809327,0.016392665775809327,0.016392665775809327,0.016392665775809327,0.016392665775809327,0.016392665775809327,0.016392665775809327,0.016392665775809327,0.016392665775809327
2023-02-01,0.01968273204480344,0.01968273204480344,0.01968273204480344,0.01968273204480344,0.01968273204480344,0.01968273204480344,0.01968273204480344,0.01968273204480344,0.01845340178231905,0.01722407151983466,0.014765410994865877
2023-02-02,-0.009385291414363655,-0.009385291414363655,-0.009385291414363655,-0.009385291414363655,-0.009385291414363655,-0.009385291414363655,-0.009385291414363655,-0.009385291414363655,-0.009385291414363655,-0.009385291414363655,-0.009385291414363655
2023-02-03,-0.023204637962301208,-0.023204637962301208,-0.023204637962301208,-0.023204637962301208,-0.023204637962301208,-0.023204637962301208,-0.023204637962301208,-0.023204637962301208,-0.023204637962301208,-0.023204637962301208,-0.023204637962301208
2023-02-06,-0.006105273853841113,-0.006105273853841113,-0.006105273853841113,-0.006105273853841113,-0.006105273853841113,-0.006105273853841113,-0.006105273853841113,-0.006105273853841113,-0.006105273853841113,-0.006105273853841113,-0.006105273853841113
2023-02-07,0.01004706427203759,0.01004706427203759,0.01004706427203759,0.01004706427203759,0.01004706427203759,0.01004706427203759,0.01004706427203759,0.01004706427203759,0.008931486127553723,0.007815907983069857,0.005584751694102124
2023-02-08,-0.007169584688311375,-0.007169584688311375,-0.007169584688311375,-0.007169584688311375,-0.007169584688311375,-0.007169584688311375,-0.007169584688311375,-0.007169584688311375,-0.007169584688311375,-0.007169584688311375,-0.007169584688311375
2023-02-09,-0.018165580720667943,-0.018165580720667943,-0.018165580720667943,-0.018165580720667943,-0.018165580720667943,-0.018165580720667943,-0.018165580720667943,-0.018165580720667943,-0.018165580720667943,-0.018165580720667943,-0.018165580720667943
2023-02-10,-0.006013424752774563,-0.006013424752774563,-0.006013424752774563,-0.006013424752774563,-0.006013424752774563,-0.006013424752774563,-0.006013424752774563,-0.006013424752774563,-0.006013424752774563,-0.006013424752774563,-0.006013424752774563
2023-02-13,0.012723958423622032,0.012723958423622032,0.012723958423622032,0.012723958423622032,0.012723958423622032,0.012723958423622032,0.012723958423622032,0.012723958423622032,0.011325531525252168,0.009927104626882306,0.007130250830142578
2023-02-14,0.005868591159598702,0.005868591159598702,0.005868591159598702,0.005868591159598702,0.005868591159598702,0.005868591159598702,0.005868591159598702,0.005868591159598702,0.005868591159598702,0.005868591159598702,0.005868591159598702
2023-02-15,-0.005649928385741131,-0.005649928385741131,-0.005649928385741131,-0.005649928385741131,-0.005649928385741131,-0.005649928385741131,-0.005649928385741131,-0.005649928385741131,-0.005649928385741131,-0.005649928385741131,-0.005649928385741131
2023-02-16,-0.022919463026600414,-0.022919463026600414,-0.022919463026600414,-0.022919463026600414,-0.022919463026600414,-0.022919463026600414,-0.022919463026600414,-0.022919463026600414,-0.022919463026600414,-0.022919463026600414,-0.022919463026600414
2023-02-17,0.0036596805872652904,0.0036596805872652904,0.0036596805872652904,0.0036596805872652904,0.0036596805872652904,0.0036596805872652904,0.0036596805872652904,0.0036596805872652904,0.0036596805872652904,0.0036596805872652904,0.0036596805872652904
2023-02-21,-0.03485473357566258,-0.03485473357566258,-0.03485473357566258,-0.03485473357566258,-0.03485473357566258,-0.03485473357566258,-0.03485473357566258,-0.03485473357566258,-0.03202723609125255,-0.02919973860684252,-0.023544743638022458
2023-02-22,0.004887276494887373,0.004887276494887373,0.004887276494887373,0.004887276494887373,0.004887276494887373,0.004887276494887373,0.004887276494887373,0.004887276494887373,0.004887276494887373,0.004887276494887373,0.004887276494887373
2023-02-23,0.01292041427636869,0.01292041427636869,0.01292041427636869,0.01292041427636869,0.01292041427636869,0.01292041427636869,0.01292041427636869,0.01292041427636869,0.01153382913859756,0.010147244000826432,0.007374073725284174
2023-02-24,-0.024010232310033956,-0.024010232310033956,-0.024010232310033956,-0.024010232310033956,-0.024010232310033956,-0.024010232310033956,-0.024010232310033956,-0.024010232310033956,-0.024010232310033956,-0.024010232310033956,-0.024010232310033956
2023-02-27,0.011512121288025779,0.011512121288025779,0.011512121288025779,0.011512121288025779,0.011512121288025779,0.011512121288025779,0.011512121288025779,0.011512121288025779,0.011512121288025779,0.011512121288025779,0.011512121288025779
2023-02-28,0.005840833964816074,0.005840833964816074,0.005840833964816074,0.005840833964816074,0.005840833964816074,0.005840833964816074,0.005840833964816074,0.005840833964816074,0.0051355500831667695,0.004430266201517463,0.0030196984382188517
2023-03-01,0.0038385236981755846,0.0038385236981755846,0.0038385236981755846,0.0038385236981755846,0.0038385236981755846,0.0038385236981755846,0.0038385236981755846,0.0038385236981755846,0.0038385236981755846,0.0038385236981755846,0.0038385236981755846
2023-03-02,0.0064654447804716126,0.0064654447804716126,0.0064654447804716126,0.0064654447804716126,0.0064654447804716126,0.0064654447804716126,0.0064654447804716126,0.0064654447804716126,0.0064654447804716126,0.0064654447804716126,0.0064654447804716126
2023-03-03,0.029097870491818008,0.029097870491818008,0.029097870491818008,0.029097870491818008,0.029097870491818008,0.029097870491818008,0.029097870491818008,0.029097870491818008,0.029097870491818008,0.029097870491818008,0.029097870491818008
2023-03-06,-0.002679144700007316,-0.002679144700007316,-0.002679144700007316,-0.002679144700007316,-0.002679144700007316,-0.002679144700007316,-0.002679144700007316,-0.002679144700007316,-0.002679144700007316,-0.002679144700007316,-0.002679144700007316
2023-03-07,-0.028617106683393605,-0.028617106683393605,-0.028617106683393605,-0.028617106683393605,-0.028617106683393605,-0.028617106683393605,-0.028617106683393605,-0.028617106683393605,-0.028617106683393605,-0.028617106683393605,-0.028617106683393605
2023-03-08,0.003192377054389836,0.003192377054389836,0.003192377054389836,0.003192377054389836,0.003192377054389836,0.003192377054389836,0.003192377054389836,0.003192377054389836,0.002685821082843024,0.0021792651112962124,0.0011661531682025886
2023-03-09,-0.0191279433405547,-0.01511810406567866,-0.011108264790802624,-0.0191279433405547,-0.0191279433405547,-0.0191279433405547,-0.0191279433405547,-0.0191279433405547,-0.0191279433405547,-0.0191279433405547,-0.0191279433405547
2023-03-10,0.00586567882171184,0.009965427365255556,0.014065175908799273,0.00586567882171184,0.00586567882171184,0.00586567882171184,0.00586567882171184,0.00586567882171184,0.00586567882171184,0.00586567882171184,0.00586567882171184
2023-03-13,0.010230218351632528,0.011324872783437951,0.012419527215243375,0.010230218351632528,0.010230218351632528,0.010230218351632528,0.010230218351632528,0.010230218351632528,0.010230218351632528,0.010230218351632528,0.010230218351632528
2023-03-14,0.006387767642299152,0.006387767642299152,0.006387767642299152,0.006387767642299152,0.006387767642299152,0.006387767642299152,0.006387767642299152,0.006387767642299152,0.006387767642299152,0.006387767642299152,0.006387767642299152
2023-03-15,-0.0012608421475927365,-0.0012608421475927365,-0.0012608421475927365,-0.0012608421475927365,-0.0012608421475927365,-0.0012608421475927365,-0.0012608421475927365,-0.0012608421475927365,-0.0012608421475927365,-0.0012608421475927365,-0.0012608421475927365
2023-03-16,0.019550574364747112,0.019550574364747112,0.019550574364747112,0.019550574364747112,0.019550574364747112,0.019550574364747112,0.019550574364747112,0.019550574364747112,0.019550574364747112,0.019550574364747112,0.019550574364747112
2023-03-17,0.0033701099235080717,0.0033701099235080717,0.0033701099235080717,0.0033701099235080717,0.0033701099235080717,0.0033701099235080717,0.0033701099235080717,0.0033701099235080717,0.0033701099235080717,0.0033701099235080717,0.0033701099235080717
2023-03-20,0.007494334552488069,0.007494334552488069,0.007494334552488069,0.007494334552488069,0.007494334552488069,0.007494334552488069,0.007494334552488069,0.007494334552488069,0.007494334552488069,0.007494334552488069,0.007494334552488069
2023-03-21,0.004758637934491406,0.004758637934491406,0.004758637934491406,0.004758637934491406,0.004758637934491406,0.004758637934491406,0.004758637934491406,0.004758637934491406,0.004758637934491406,0.004758637934491406,0.004758637934491406
2023-03-22,0.0009711299638355058,0.0009711299638355058,0.0009711299638355058,0.0009711299638355058,0.0009711299638355058,0.0009711299638355058,0.0009711299638355058,0.0009711299638355058,0.0009711299638355058,0.0009711299638355058,0.0009711299638355058
2023-03-23,0.004286540862913568,0.004286540862913568,0.004286540862913568,0.004286540862913568,0.004286540862913568,0.004286540862913568,0.004286540862913568,0.004286540862913568,0.004286540862913568,0.004286540862913568,0.004286540862913568
2023-03-24,0.0019790323618863823,0.0019790323618863823,0.0019790323618863823,0.0019790323618863823,0.0019790323618863823,0.0019790323618863823,0.0019790323618863823,0.0019790323618863823,0.0019790323618863823,0.0019790323618863823,0.0019790323618863823
2023-03-27,-0.018115515865522354,-0.018115515865522354,-0.018115515865522354,-0.018115515865522354,-0.018115515865522354,-0.018115515865522354,-0.018115515865522354,-0.018115515865522354,-0.018115515865522354,-0.018115515865522354,-0.018115515865522354
2023-03-28,0.007933126815875699,0.007933126815875699,0.007933126815875699,0.007933126815875699,0.007933126815875699,0.007933126815875699,0.007933126815875699,0.007933126815875699,0.007933126815875699,0.007933126815875699,0.007933126815875699
2023-03-29,0.007356033762666478,0.007356033762666478,0.007356033762666478,0.007356033762666478,0.007356033762666478,0.007356033762666478,0.007356033762666478,0.007356033762666478,0.007356033762666478,0.007356033762666478,0.007356033762666478
2023-03-30,0.010242915280645401,0.010242915280645401,0.010242915280645401,0.010242915280645401,0.010242915280645401,0.010242915280645401,0.010242915280645401,0.010242915280645401,0.010242915280645401,0.010242915280645401,0.010242915280645401
2023-03-31,0.015260375530542972,0.015260375530542972,0.015260375530542972,0.015260375530542972,0.015260375530542972,0.015260375530542972,0.015260375530542972,0.015260375530542972,0.015260375530542972,0.015260375530542972,0.015260375530542972
2023-04-03,0.010413585178744997,0.010413585178744997,0.010413585178744997,0.010413585178744997,0.010413585178744997,0.010413585178744997,0.010413585178744997,0.010413585178744997,0.010413585178744997,0.010413585178744997,0.010413585178744997
2023-04-04,0.005677749589119516,0.005677749589119516,0.005677749589119516,0.005677749589119516,0.005677749589119516,0.005677749589119516,0.005677749589119516,0.005677749589119516,0.005677749589119516,0.005677749589119516,0.005677749589119516
2023-04-05,0.0007098405069580558,0.0007098405069580558,0.0007098405069580558,0.0007098405069580558,0.0007098405069580558,0.0007098405069580558,0.0007098405069580558,0.0007098405069580558,0.0007098405069580558,0.0007098405069580558,0.0007098405069580558
2023-04-06,0.0006469129506651646,0.0006469129506651646,0.0006469129506651646,0.0006469129506651646,0.0006469129506651646,0.0006469129506651646,0.0006469129506651646,0.0006469129506651646,0.0006469129506651646,0.0006469129506651646,0.0006469129506651646
2023-04-10,-0.004228607019342632,-0.004228607019342632,-0.004228607019342632,-0.004228607019342632,-0.004228607019342632,-0.004228607019342632,-0.004228607019342632,-0.004228607019342632,-0.004228607019342632,-0.004228607019342632,-0.004228607019342632
2023-04-11,0.007300568645340363,0.007300568645340363,0.007300568645340363,0.007300568645340363,0.007300568645340363,0.007300568645340363,0.007300568645340363,0.007300568645340363,0.007300568645340363,0.007300568645340363,0.007300568645340363
2023-04-12,-0.0013067880774314858,-0.0013067880774314858,-0.0013067880774314858,-0.0013067880774314858,-0.0013067880774314858,-0.0013067880774314858,-0.0013067880774314858,-0.0013067880774314858,-0.0013067880774314858,-0.0013067880774314858,-0.0013067880774314858
2023-04-13,0.017068912420781745,0.017068912420781745,0.017068912420781745,0.017068912420781745,0.017068912420781745,0.017068912420781745,0.017068912420781745,0.017068912420781745,0.017068912420781745,0.017068912420781745,0.017068912420781745
2023-04-14,-0.0138483688432769,-0.0138483688432769,-0.0138483688432769,-0.0138483688432769,-0.0138483688432769,-0.0138483688432769,-0.0138483688432769,-0.0138483688432769,-0.0138483688432769,-0.0138483688432769,-0.0138483688432769
2023-04-17,-0.0019104006048987071,-0.0019104006048987071,-0.0019104006048987071,-0.0019104006048987071,-0.0019104006048987071,-0.0019104006048987071,-0.0019104006048987071,-0.0019104006048987071,-0.0019104006048987071,-0.0019104006048987071,-0.0019104006048987071
2023-04-18,0.005780184237489002,0.005780184237489002,0.005780184237489002,0.005780184237489002,0.005780184237489002,0.005780184237489002,0.005780184237489002,0.005780184237489002,0.005424093089745268,0.005068001942001534,0.004355819646514066
2023-04-19,-0.003095822642369089,-0.003095822642369089,-0.003095822642369089,-0.003095822642369089,-0.003095822642369089,-0.003095822642369089,-0.003095822642369089,-0.003095822642369089,-0.003095822642369089,-0.003095822642369089,-0.003095822642369089
2023-04-20,-0.00020416298759503388,-0.00020416298759503388,-0.00020416298759503388,-0.00020416298759503388,-0.00020416298759503388,-0.00020416298759503388,-0.00020416298759503388,-0.00020416298759503388,-0.00020416298759503388,-0.00020416298759503388,-0.00020416298759503388
2023-04-21,-0.00523231784832651,-0.00523231784832651,-0.00523231784832651,-0.00523231784832651,-0.00523231784832651,-0.00523231784832651,-0.00523231784832651,-0.00523231784832651,-0.00523231784832651,-0.00523231784832651,-0.00523231784832651
2023-04-24,0.007570137676845706,0.007570137676845706,0.007570137676845706,0.007570137676845706,0.007570137676845706,0.007570137676845706,0.007570137676845706,0.007570137676845706,0.007570137676845706,0.007570137676845706,0.007570137676845706
2023-04-25,-0.011282403514076673,-0.011282403514076673,-0.011282403514076673,-0.011282403514076673,-0.011282403514076673,-0.011282403514076673,-0.011282403514076673,-0.011282403514076673,-0.011282403514076673,-0.011282403514076673,-0.011282403514076673
2023-04-26,-0.004309756083983481,-0.004309756083983481,-0.004309756083983481,-0.004309756083983481,-0.004309756083983481,-0.004309756083983481,-0.004309756083983481,-0.004309756083983481,-0.004309756083983481,-0.004309756083983481,-0.004309756083983481
2023-04-27,0.00046900064087819385,0.00046900064087819385,0.00046900064087819385,0.00046900064087819385,0.00046900064087819385,0.00046900064087819385,0.00046900064087819385,0.00046900064087819385,0.00046900064087819385,0.00046900064087819385,0.00046900064087819385
2023-04-28,0.02413576677560314,0.02413576677560314,0.02413576677560314,0.02413576677560314,0.02413576677560314,0.02413576677560314,0.02413576677560314,0.02413576677560314,0.022270205145026454,0.020404643514449764,0.016673520253296388
2023-05-01,-0.0031964078057916795,-0.0031964078057916795,-0.0031964078057916795,-0.0031964078057916795,-0.0031964078057916795,-0.0031964078057916795,-0.0031964078057916795,-0.0031964078057916795,-0.0031964078057916795,-0.0031964078057916795,-0.0031964078057916795
2023-05-02,-0.007419252196234054,-0.007419252196234054,-0.007419252196234054,-0.007419252196234054,-0.007419252196234054,-0.007419252196234054,-0.007419252196234054,-0.007419252196234054,-0.007419252196234054,-0.007419252196234054,-0.007419252196234054
2023-05-03,-0.005582192530565343,-0.005582192530565343,-0.005582192530565343,-0.005582192530565343,-0.005582192530565343,-0.005582192530565343,-0.005582192530565343,-0.005582192530565343,-0.004421652052971941,-0.003261111575378537,-0.000940030620191731
2023-05-04,-0.01231929935907631,-0.01231929935907631,-0.01231929935907631,-0.01231929935907631,-0.01231929935907631,-0.01231929935907631,-0.01231929935907631,-0.01231929935907631,-0.01231929935907631,-0.01231929935907631,-0.01231929935907631
2023-05-05,0.022013503375889615,0.022013503375889615,0.022013503375889615,0.022013503375889615,0.022013503375889615,0.022013503375889615,0.022013503375889615,0.022013503375889615,0.022013503375889615,0.022013503375889615,0.022013503375889615
2023-05-08,-0.001620022287279084,-0.001620022287279084,-0.001620022287279084,-0.001620022287279084,-0.001620022287279084,-0.001620022287279084,-0.001620022287279084,-0.001620022287279084,-0.001620022287279084,-0.001620022287279084,-0.001620022287279084
2023-05-09,-0.0032762618254752614,-0.0032762618254752614,-0.0032762618254752614,-0.0032762618254752614,-0.0032762618254752614,-0.0032762618254752614,-0.0032762618254752614,-0.0032762618254752614,-0.0032762618254752614,-0.0032762618254752614,-0.0032762618254752614
2023-05-10,0.010713415779971222,0.010713415779971222,0.010713415779971222,0.010713415779971222,0.010713415779971222,0.010713415779971222,0.010713415779971222,0.010713415779971222,0.010713415779971222,0.010713415779971222,0.010713415779971222
2023-05-11,0.0015701454614871144,0.0015701454614871144,0.0015701454614871144,0.0015701454614871144,0.0015701454614871144,0.0015701454614871144,0.0015701454614871144,0.0015701454614871144,0.0015701454614871144,0.0015701454614871144,0.0015701454614871144
2023-05-12,-0.0067478471427948996,-0.0067478471427948996,-0.0067478471427948996,-0.0067478471427948996,-0.0067478471427948996,-0.0067478471427948996,-0.0067478471427948996,-0.0067478471427948996,-0.0067478471427948996,-0.0067478471427948996,-0.0067478471427948996
2023-05-15,0.002933614678935125,0.002933614678935125,0.002933614678935125,0.002933614678935125,0.002933614678935125,0.002933614678935125,0.002933614678935125,0.002933614678935125,0.002933614678935125,0.002933614678935125,0.002933614678935125
2023-05-16,-0.018441606507392426,-0.018441606507392426,-0.018441606507392426,-0.018441606507392426,-0.018441606507392426,-0.018441606507392426,-0.018441606507392426,-0.018441606507392426,-0.017198701705832268,-0.01595579690427211,-0.013469987301151794
2023-05-17,0.009870203959817959,0.009870203959817959,0.009870203959817959,0.009870203959817959,0.009870203959817959,0.009870203959817959,0.009870203959817959,0.009870203959817959,0.009870203959817959,0.009870203959817959,0.009870203959817959
2023-05-18,0.001862624943693097,0.001862624943693097,0.001862624943693097,0.001862624943693097,0.001862624943693097,0.001862624943693097,0.001862624943693097,0.001862624943693097,9.03130112028163e-05,-0.001681998921287463,-0.005226622786268023
2023-05-19,-0.004053026048790704,-0.004053026048790704,-0.004053026048790704,-0.004053026048790704,-0.004053026048790704,-0.004053026048790704,-0.004053026048790704,-0.004053026048790704,-0.004053026048790704,-0.004053026048790704,-0.004053026048790704
2023-05-22,-0.0019949608115060126,-0.0019949608115060126,-0.0019949608115060126,-0.0019949608115060126,-0.0019949608115060126,-0.0019949608115060126,-0.0019949608115060126,-0.0019949608115060126,-0.0019949608115060126,-0.0019949608115060126,-0.0019949608115060126
2023-05-23,-0.002658050181327822,-0.002658050181327822,-0.002658050181327822,-0.002658050181327822,-0.002658050181327822,-0.002658050181327822,-0.002658050181327822,-0.002658050181327822,-0.002658050181327822,-0.002658050181327822,-0.002658050181327822
2023-05-24,-0.014917181718401206,-0.014917181718401206,-0.014917181718401206,-0.014917181718401206,-0.014917181718401206,-0.014917181718401206,-0.014917181718401206,-0.014917181718401206,-0.014917181718401206,-0.014917181718401206,-0.014917181718401206
2023-05-25,-0.003394779458755459,-0.003394779458755459,-0.003394779458755459,-0.003394779458755459,-0.003394779458755459,-0.003394779458755459,-0.003394779458755459,-0.003394779458755459,-0.003394779458755459,-0.003394779458755459,-0.003394779458755459
2023-05-26,0.019757367949978292,0.019757367949978292,0.019757367949978292,0.019757367949978292,0.019757367949978292,0.019757367949978292,0.019757367949978292,0.019757367949978292,0.017964395095093198,0.016171422240208108,0.012585476530437921
2023-05-30,0.018554283198719747,0.018554283198719747,0.018554283198719747,0.018554283198719747,0.018554283198719747,0.018554283198719747,0.018554283198719747,0.018554283198719747,0.018554283198719747,0.018554283198719747,0.018554283198719747
2023-05-31,0.010975089868747904,0.010975089868747904,0.010975089868747904,0.010975089868747904,0.010975089868747904,0.010975089868747904,0.010975089868747904,0.010975089868747904,0.010975089868747904,0.010975089868747904,0.010975089868747904
2023-06-01,0.023979289611420034,0.023979289611420034,0.023979289611420034,0.023979289611420034,0.023979289611420034,0.023979289611420034,0.023979289611420034,0.023979289611420034,0.023979289611420034,0.023979289611420034,0.023979289611420034
2023-06-02,0.014479430590059078,0.014479430590059078,0.014479430590059078,0.014479430590059078,0.014479430590059078,0.014479430590059078,0.014479430590059078,0.014479430590059078,0.014479430590059078,0.014479430590059078,0.014479430590059078
2023-06-05,0.003968461314721515,0.003968461314721515,0.003968461314721515,0.003968461314721515,0.003968461314721515,0.003968461314721515,0.003968461314721515,0.003968461314721515,0.003968461314721515,0.003968461314721515,0.003968461314721515
2023-06-06,0.014382215345762488,0.014382215345762488,0.014382215345762488,0.014382215345762488,0.014382215345762488,0.014382215345762488,0.014382215345762488,0.014382215345762488,0.014382215345762488,0.014382215345762488,0.014382215345762488
2023-06-07,-0.008066856914319654,-0.008066856914319654,-0.008066856914319654,-0.008066856914319654,-0.008066856914319654,-0.008066856914319654,-0.008066856914319654,-0.008066856914319654,-0.008066856914319654,-0.008066856914319654,-0.008066856914319654
2023-06-08,0.01692787174140371,0.01692787174140371,0.01692787174140371,0.01692787174140371,0.01692787174140371,0.01692787174140371,0.01692787174140371,0.01692787174140371,0.01692787174140371,0.01692787174140371,0.01692787174140371
2023-06-09,-0.002604867706272454,-0.002604867706272454,-0.002604867706272454,-0.002604867706272454,-0.002604867706272454,-0.002604867706272454,-0.002604867706272454,-0.002604867706272454,-0.0023081773468370025,-0.002011486987401551,-0.001418106268530648
2023-06-12,0.0057217903220397204,0.0057217903220397204,0.0057217903220397204,0.0057217903220397204,0.0057217903220397204,0.0057217903220397204,0.0057217903220397204,0.0057217903220397204,0.0057217903220397204,0.0057217903220397204,0.0057217903220397204
2023-06-13,-0.0037939088656009715,-0.0037939088656009715,-0.0037939088656009715,-0.0037939088656009715,-0.0037939088656009715,-0.0037939088656009715,-0.0037939088656009715,-0.0037939088656009715,-0.0037939088656009715,-0.0037939088656009715,-0.0037939088656009715
2023-06-14,0.008776057816771024,0.008776057816771024,0.008776057816771024,0.008776057816771024,0.008776057816771024,0.008776057816771024,0.008776057816771024,0.008776057816771024,0.008776057816771024,0.008776057816771024,0.008776057816771024
2023-06-15,0.011220350645220038,0.011220350645220038,0.011220350645220038,0.011220350645220038,0.011220350645220038,0.011220350645220038,0.011220350645220038,0.011220350645220038,0.011220350645220038,0.011220350645220038,0.011220350645220038
2023-06-16,0.00021040314786909854,0.00021040314786909854,0.00021040314786909854,0.00021040314786909854,0.00021040314786909854,0.00021040314786909854,0.00021040314786909854,0.00021040314786909854,0.00021040314786909854,0.00021040314786909854,0.00021040314786909854
2023-06-20,-0.00478378131433339,-0.00478378131433339,-0.00478378131433339,-0.00478378131433339,-0.00478378131433339,-0.00478378131433339,-0.00478378131433339,-0.00478378131433339,-0.00478378131433339,-0.00478378131433339,-0.00478378131433339
2023-06-21,0.0003442496965720193,0.0003442496965720193,0.0003442496965720193,0.0003442496965720193,0.0003442496965720193,0.0003442496965720193,0.0003442496965720193,0.0003442496965720193,-0.000432406310296909,-0.0012090623171658373,-0.002762374330903694
2023-06-22,-0.00565466577363985,-0.00565466577363985,-0.00565466577363985,-0.00565466577363985,-0.00565466577363985,-0.00565466577363985,-0.00565466577363985,-0.00565466577363985,-0.00565466577363985,-0.00565466577363985,-0.00565466577363985
2023-06-23,-0.0008735253574741536,-0.0008735253574741536,-0.0008735253574741536,-0.0008735253574741536,-0.0008735253574741536,-0.0008735253574741536,-0.0008735253574741536,-0.0008735253574741536,-0.0008735253574741536,-0.0008735253574741536,-0.0008735253574741536
2023-06-26,0.0017857795344227477,0.0017857795344227477,0.0017857795344227477,0.0017857795344227477,0.0017857795344227477,0.0017857795344227477,0.0017857795344227477,0.0017857795344227477,0.0017857795344227477,0.0017857795344227477,0.0017857795344227477
2023-06-27,0.001967586676058514,0.001967586676058514,0.001967586676058514,0.001967586676058514,0.001967586676058514,0.001967586676058514,0.001967586676058514,0.001967586676058514,0.001967586676058514,0.001967586676058514,0.001967586676058514
2023-06-28,0.007529689130789198,0.007529689130789198,0.007529689130789198,0.007529689130789198,0.007529689130789198,0.007529689130789198,0.007529689130789198,0.007529689130789198,0.007529689130789198,0.007529689130789198,0.007529689130789198
2023-06-29,-0.021459116892201046,-0.021459116892201046,-0.021459116892201046,-0.021459116892201046,-0.021459116892201046,-0.021459116892201046,-0.021459116892201046,-0.021459116892201046,-0.021459116892201046,-0.021459116892201046,-0.021459116892201046
2023-06-30,0.018506305920830187,0.018506305920830187,0.018506305920830187,0.018506305920830187,0.018506305920830187,0.018506305920830187,0.018506305920830187,0.018506305920830187,0.018506305920830187,0.018506305920830187,0.018506305920830187
2023-07-03,0.0034710684434510297,0.0034710684434510297,0.0034710684434510297,0.0034710684434510297,0.0034710684434510297,0.0034710684434510297,0.0034710684434510297,0.0034710684434510297,0.0034710684434510297,0.0034710684434510297,0.0034710684434510297
2023-07-05,-0.007791390033743512,-0.007791390033743512,-0.007791390033743512,-0.007791390033743512,-0.007791390033743512,-0.007791390033743512,-0.007791390033743512,-0.007791390033743512,-0.007791390033743512,-0.007791390033743512,-0.007791390033743512
2023-07-06,-0.019712573656969243,-0.019712573656969243,-0.019712573656969243,-0.019712573656969243,-0.019712573656969243,-0.019712573656969243,-0.019712573656969243,-0.019712573656969243,-0.019712573656969243,-0.019712573656969243,-0.019712573656969243
2023-07-07,0.0047336484311185974,0.0047336484311185974,0.0047336484311185974,0.0047336484311185974,0.0047336484311185974,0.0047336484311185974,0.0047336484311185974,0.0047336484311185974,0.00410431426081386,0.0034749800905091214,0.002216311749899646
2023-07-10,0.006859406113468142,0.006859406113468142,0.006859406113468142,0.006859406113468142,0.006859406113468142,0.006859406113468142,0.006859406113468142,0.006859406113468142,0.0064689422221943784,0.006078478330920616,0.005297550548373088
2023-07-11,0.012130595520410537,0.012130595520410537,0.012130595520410537,0.012130595520410537,0.012130595520410537,0.012130595520410537,0.012130595520410537,0.012130595520410537,0.012130595520410537,0.012130595520410537,0.012130595520410537
2023-07-12,0.02648223571741358,0.02648223571741358,0.02648223571741358,0.02648223571741358,0.02648223571741358,0.02648223571741358,0.02648223571741358,0.02648223571741358,0.02648223571741358,0.02648223571741358,0.02648223571741358
2023-07-13,0.009525499353487975,0.009525499353487975,0.009525499353487975,0.009525499353487975,0.009525499353487975,0.009525499353487975,0.009525499353487975,0.009525499353487975,0.009525499353487975,0.009525499353487975,0.009525499353487975
2023-07-14,-0.003935628697023135,-0.003935628697023135,-0.003935628697023135,-0.003935628697023135,-0.003935628697023135,-0.003935628697023135,-0.003935628697023135,-0.003935628697023135,-0.003935628697023135,-0.003935628697023135,-0.003935628697023135
2023-07-17,0.0033770487272322346,0.0033770487272322346,0.0033770487272322346,0.0033770487272322346,0.0033770487272322346,0.0033770487272322346,0.0033770487272322346,0.0033770487272322346,0.0033770487272322346,0.0033770487272322346,0.0033770487272322346
2023-07-18,0.015311521363955024,0.015311521363955024,0.015311521363955024,0.015311521363955024,0.015311521363955024,0.015311521363955024,0.015311521363955024,0.015311521363955024,0.014956331836838093,0.014601142309721161,0.013890763255487297
2023-07-19,0.004824622198283302,0.004824622198283302,0.004824622198283302,0.004824622198283302,0.004824622198283302,0.004824622198283302,0.004824622198283302,0.004824622198283302,0.004824622198283302,0.004824622198283302,0.004824622198283302
2023-07-20,-0.012936463114764993,-0.012936463114764993,-0.012936463114764993,-0.012936463114764993,-0.012936463114764993,-0.012936463114764993,-0.012936463114764993,-0.012936463114764993,-0.012936463114764993,-0.012936463114764993,-0.012936463114764993
2023-07-21,-0.0002702229539485986,-0.0002702229539485986,-0.0002702229539485986,-0.0002702229539485986,-0.0002702229539485986,-0.0002702229539485986,-0.0002702229539485986,-0.0002702229539485986,-0.0002702229539485986,-0.0002702229539485986,-0.0002702229539485986
2023-07-24,0.00030143381452638063,0.00030143381452638063,0.00030143381452638063,0.00030143381452638063,0.00030143381452638063,0.00030143381452638063,0.00030143381452638063,0.00030143381452638063,-0.0003221401425855634,-0.0009457140996975081,-0.002192862013921397
2023-07-25,0.00426149193414485,0.00426149193414485,0.00426149193414485,0.00426149193414485,0.00426149193414485,0.00426149193414485,0.00426149193414485,0.00426149193414485,0.00426149193414485,0.00426149193414485,0.00426149193414485
2023-07-26,0.009603097746177918,0.009603097746177918,0.009603097746177918,0.009603097746177918,0.009603097746177918,0.009603097746177918,0.009603097746177918,0.009603097746177918,0.009603097746177918,0.009603097746177918,0.009603097746177918
2023-07-27,-0.03435054647966599,-0.03204244641709589,-0.029734346354525786,-0.03435054647966599,-0.03435054647966599,-0.03435054647966599,-0.03435054647966599,-0.03435054647966599,-0.03435054647966599,-0.03435054647966599,-0.03435054647966599
2023-07-28,0.01674546427170496,0.015185489211210951,0.01362551415071694,0.01674546427170496,0.01674546427170496,0.01674546427170496,0.01674546427170496,0.01674546427170496,0.01674546427170496,0.01674546427170496,0.01674546427170496
2023-07-31,0.0060956687718369245,0.005602044418911857,0.005108420065986789,0.0060956687718369245,0.0060956687718369245,0.0060956687718369245,0.0060956687718369245,0.0060956687718369245,0.005602044418911857,0.005108420065986789,0.004121171360136654
2023-08-01,-0.013099112284076718,-0.012549007930182906,-0.011998903576289093,-0.013099112284076718,-0.013099112284076718,-0.013099112284076718,-0.013099112284076718,-0.013099112284076718,-0.013099112284076718,-0.013099112284076718,-0.013099112284076718
2023-08-02,-0.030478562183138543,-0.027774322291172944,-0.025070082399207348,-0.030478562183138543,-0.030478562183138543,-0.030478562183138543,-0.030478562183138543,-0.030478562183138543,-0.030478562183138543,-0.030478562183138543,-0.030478562183138543
2023-08-03,-0.006789001725061906,-0.006858213940728702,-0.0069274261563954985,-0.006789001725061906,-0.006789001725061906,-0.006789001725061906,-0.006789001725061906,-0.006789001725061906,-0.006858213940728702,-0.0069274261563954985,-0.007065850587729091
2023-08-04,-0.003478486256756988,-0.0025307660495668028,-0.0015830458423766178,-0.003478486256756988,-0.003478486256756988,-0.003478486256756988,-0.003478486256756988,-0.003478486256756988,-0.0025307660495668028,-0.0015830458423766178,0.0003123945720037522
2023-08-07,0.011623446809549874,0.010105997168886344,0.008588547528222816,0.011623446809549874,0.011623446809549874,0.011623446809549874,0.011623446809549874,0.011623446809549874,0.010105997168886344,0.008588547528222816,0.005553648246895759
2023-08-08,-0.005830192406916647,-0.005214979166951266,-0.004599765926985885,-0.005830192406916647,-0.005830192406916647,-0.005830192406916647,-0.005830192406916647,-0.005830192406916647,-0.005830192406916647,-0.005830192406916647,-0.005830192406916647
2023-08-09,-0.004125083026314848,-0.004447812596343912,-0.004770542166372977,-0.004125083026314848,-0.004125083026314848,-0.004125083026314848,-0.004125083026314848,-0.004125083026314848,-0.004125083026314848,-0.004125083026314848,-0.004125083026314848
2023-08-10,-0.009289467704781324,-0.009159841156495582,-0.00903021460820984,-0.009289467704781324,-0.009289467704781324,-0.009289467704781324,-0.009289467704781324,-0.009289467704781324,-0.009289467704781324,-0.009289467704781324,-0.009289467704781324
2023-08-11,0.003625087948254787,0.0022757798147281013,0.0009264716812014159,0.003625087948254787,0.003625087948254787,0.003625087948254787,0.003625087948254787,0.003625087948254787,0.003625087948254787,0.003625087948254787,0.003625087948254787
2023-08-14,0.0027136419085076954,0.0020862391696359504,0.0014588364307642056,0.0027136419085076954,0.0027136419085076954,0.0027136419085076954,0.0027136419085076954,0.0027136419085076954,0.0027136419085076954,0.0027136419085076954,0.0027136419085076954
2023-08-15,-0.020487009286089673,-0.018455500194843523,-0.01642399110359737,-0.020487009286089673,-0.020487009286089673,-0.020487009286089673,-0.020487009286089673,-0.020487009286089673,-0.020487009286089673,-0.020487009286089673,-0.020487009286089673
2023-08-16,-0.01557556189126203,-0.015028026120758261,-0.014480490350254492,-0.01557556189126203,-0.01557556189126203,-0.01557556189126203,-0.01557556189126203,-0.01557556189126203,-0.01557556189126203,-0.01557556189126203,-0.01557556189126203
2023-08-17,-0.01541586078763454,-0.013755691401624266,-0.01209552201561399,-0.013755691401624266,-0.01209552201561399,-0.01541586078763454,-0.01541586078763454,-0.01541586078763454,-0.013755691401624266,-0.01209552201561399,-0.008775183243593441
2023-08-18,0.006185436048590861,0.0053123973168520845,0.0044393585851133085,0.0053123973168520845,0.0044393585851133085,0.006185436048590861,0.006185436048590861,0.006185436048590861,0.0053123973168520845,0.0044393585851133085,0.0026932811216357566
2023-08-21,0.002869531506080563,0.0019338070123381974,0.0009980825185958318,0.0019338070123381974,0.0009980825185958318,0.002869531506080563,0.002869531506080563,0.002869531506080563,0.0019338070123381974,0.0009980825185958318,-0.0008733664688888995
2023-08-22,0.0025553237624974675,0.002691039702240521,0.002826755641983574,0.002691039702240521,0.002826755641983574,0.0025553237624974675,0.0025553237624974675,0.0025553237624974675,0.0025553237624974675,0.0025553237624974675,0.0025553237624974675
2023-08-23,0.030411663224481578,0.02948273761643365,0.028553812008385724,0.02948273761643365,0.028553812008385724,0.030411663224481578,0.030411663224481578,0.030411663224481578,0.030411663224481578,0.030411663224481578,0.030411663224481578
2023-08-24,-0.01994765824611246,-0.018898043947590364,-0.017848429649068263,-0.018898043947590364,-0.017848429649068263,-0.01994765824611246,-0.01994765824611246,-0.01994765824611246,-0.01994765824611246,-0.01994765824611246,-0.01994765824611246
2023-08-25,0.011751901473722523,0.010569226605187125,0.009386551736651726,0.010569226605187125,0.009386551736651726,0.011751901473722523,0.011751901473722523,0.011751901473722523,0.011751901473722523,0.011751901473722523,0.011751901473722523
2023-08-28,0.011951024015869768,0.011094813666602867,0.010238603317335965,0.011094813666602867,0.010238603317335965,0.011951024015869768,0.011951024015869768,0.011951024015869768,0.011094813666602867,0.010238603317335965,0.008526182618802164
2023-08-29,0.026756071217956406,0.026171494000285005,0.025586916782613604,0.026171494000285005,0.025586916782613604,0.026756071217956406,0.026756071217956406,0.026756071217956406,0.026756071217956406,0.026756071217956406,0.026756071217956406
2023-08-30,0.008096029237712358,0.007381852348176492,0.006667675458640625,0.007381852348176492,0.006667675458640625,0.008096029237712358,0.008096029237712358,0.008096029237712358,0.008096029237712358,0.008096029237712358,0.008096029237712358
2023-08-31,0.001961238196426806,0.0014955494914180307,0.0010298607864092548,0.0014955494914180307,0.0010298607864092548,0.0014955494914180307,0.0010298607864092548,9.848337639170314e-05,0.001961238196426806,0.001961238196426806,0.001961238196426806
2023-09-01,0.001554124077787923,0.0010738568285888132,0.0005935895793897032,0.0010738568285888132,0.0005935895793897032,0.0010738568285888132,0.0005935895793897032,-0.00036694491900851676,0.001554124077787923,0.001554124077787923,0.001554124077787923
2023-09-05,-0.014680970964029644,-0.01439325775653343,-0.014105544549037214,-0.01439325775653343,-0.014105544549037214,-0.01439325775653343,-0.014105544549037214,-0.013530118134044786,-0.014680970964029644,-0.014680970964029644,-0.014680970964029644
2023-09-06,-0.010185969449119536,-0.009569524895366367,-0.008953080341613198,-0.009569524895366367,-0.008953080341613198,-0.009569524895366367,-0.008953080341613198,-0.00772019123410686,-0.010185969449119536,-0.010185969449119536,-0.010185969449119536
2023-09-07,-0.0008788915030019399,-0.0009362535792033642,-0.0009936156554047884,-0.0009362535792033642,-0.0009936156554047884,-0.0008788915030019399,-0.0008788915030019399,-0.0008788915030019399,-0.0009362535792033642,-0.0009936156554047884,-0.001108339807807637
2023-09-08,0.004730576395033144,0.003976011641550005,0.0032214468880668668,0.003976011641550005,0.0032214468880668668,0.004730576395033144,0.004730576395033144,0.004730576395033144,0.004730576395033144,0.004730576395033144,0.004730576395033144
2023-09-11,0.005418987596122693,0.004636329054633489,0.003853670513144285,0.004636329054633489,0.003853670513144285,0.004636329054633489,0.003853670513144285,0.002288353430165877,0.005418987596122693,0.005418987596122693,0.005418987596122693
2023-09-12,-0.00546621333054345,-0.005278553643380052,-0.0050908939562166544,-0.005278553643380052,-0.0050908939562166544,-0.005278553643380052,-0.0050908939562166544,-0.004715574581889859,-0.00546621333054345,-0.00546621333054345,-0.00546621333054345
2023-09-13,0.00039614332595504145,-0.00016993001316753,-0.000736003352290101,-0.00016993001316753,-0.000736003352290101,-0.00016993001316753,-0.000736003352290101,-0.0018681500305352434,0.00039614332595504145,0.00039614332595504145,0.00039614332595504145
2023-09-14,0.006737040494237267,0.005703143223887072,0.004669245953536877,0.005703143223887072,0.004669245953536877,0.005703143223887072,0.004669245953536877,0.002601451412836486,0.006737040494237267,0.006737040494237267,0.006737040494237267
2023-09-15,-0.009292030921980759,-0.0080846373097407,-0.006877243697500642,-0.0080846373097407,-0.006877243697500642,-0.0080846373097407,-0.006877243697500642,-0.004462456473020526,-0.009292030921980759,-0.009292030921980759,-0.009292030921980759
2023-09-18,0.008028666577962765,0.007825546915067596,0.007622427252172425,0.007825546915067596,0.007622427252172425,0.007825546915067596,0.007622427252172425,0.007216187926382084,0.008028666577962765,0.008028666577962765,0.008028666577962765
2023-09-19,-0.004486240037067551,-0.004708586929816374,-0.004930933822565198,-0.004708586929816374,-0.004930933822565198,-0.004708586929816374,-0.004930933822565198,-0.005375627608062845,-0.004486240037067551,-0.004486240037067551,-0.004486240037067551
2023-09-20,-0.008514755984602029,-0.007258418481282435,-0.006002080977962841,-0.007258418481282435,-0.006002080977962841,-0.007258418481282435,-0.006002080977962841,-0.003489405971323653,-0.008514755984602029,-0.008514755984602029,-0.008514755984602029
2023-09-21,-0.036955550923279436,-0.03444241614564086,-0.03192928136800228,-0.03444241614564086,-0.03192928136800228,-0.03444241614564086,-0.03192928136800228,-0.026903011812725117,-0.03444241614564086,-0.03192928136800228,-0.026903011812725117
2023-09-22,0.005258824707369967,0.005258824707369967,0.005258824707369967,0.005258824707369967,0.005258824707369967,0.005258824707369967,0.005258824707369967,0.005258824707369967,0.005258824707369967,0.005258824707369967,0.005258824707369967
2023-09-25,-0.013932456113869812,-0.013932456113869812,-0.013932456113869812,-0.013932456113869812,-0.013932456113869812,-0.013932456113869812,-0.013932456113869812,-0.013932456113869812,-0.013932456113869812,-0.013932456113869812,-0.013932456113869812
2023-09-26,-0.02171717085855277,-0.02171717085855277,-0.02171717085855277,-0.02171717085855277,-0.02171717085855277,-0.02171717085855277,-0.02171717085855277,-0.02171717085855277,-0.02171717085855277,-0.02171717085855277,-0.02171717085855277
2023-09-27,-0.004775516907180309,-0.005943829967370232,-0.007112143027560156,-0.005943829967370232,-0.007112143027560156,-0.005943829967370232,-0.007112143027560156,-0.009448769147940003,-0.004775516907180309,-0.004775516907180309,-0.004775516907180309
2023-09-28,0.004359756239332933,0.004359756239332933,0.004359756239332933,0.004359756239332933,0.004359756239332933,0.004359756239332933,0.004359756239332933,0.004359756239332933,0.004359756239332933,0.004359756239332933,0.004359756239332933
2023-09-29,-0.008510620704979325,-0.008510620704979325,-0.008510620704979325,-0.008510620704979325,-0.008510620704979325,-0.008510620704979325,-0.008510620704979325,-0.008510620704979325,-0.008510620704979325,-0.008510620704979325,-0.008510620704979325
2023-10-02,-0.010757355155545502,-0.010634085213481352,-0.010510815271417203,-0.010634085213481352,-0.010510815271417203,-0.010634085213481352,-0.010510815271417203,-0.010264275387288902,-0.010757355155545502,-0.010757355155545502,-0.010757355155545502
2023-10-03,-0.02969644718287417,-0.026892712719041804,-0.02408897825520944,-0.026892712719041804,-0.02408897825520944,-0.026892712719041804,-0.02408897825520944,-0.01848150932754471,-0.02969644718287417,-0.02969644718287417,-0.02969644718287417
2023-10-04,0.014770022973878357,0.013228933030390244,0.011687843086902133,0.013228933030390244,0.011687843086902133,0.013228933030390244,0.011687843086902133,0.008605663199925907,0.013228933030390244,0.011687843086902133,0.008605663199925907
2023-10-05,-0.0009449671378954828,-0.0012965086449745046,-0.0016480501520535263,-0.0012965086449745046,-0.0016480501520535263,-0.0012965086449745046,-0.0016480501520535263,-0.0023511331662115697,-0.0012965086449745046,-0.0016480501520535263,-0.0023511331662115697
2023-10-06,0.01562758987838398,0.01562758987838398,0.01562758987838398,0.01562758987838398,0.01562758987838398,0.01562758987838398,0.01562758987838398,0.01562758987838398,0.01562758987838398,0.01562758987838398,0.01562758987838398
2023-10-09,0.026040840992603762,0.02567121640038247,0.02530159180816118,0.02567121640038247,0.02530159180816118,0.02567121640038247,0.02530159180816118,0.0245623426237186,0.02567121640038247,0.02530159180816118,0.0245623426237186
2023-10-10,0.0057869178930590225,0.004771865944865185,0.0037568139966713482,0.004771865944865185,0.0037568139966713482,0.004771865944865185,0.0037568139966713482,0.0017267101002836733,0.0057869178930590225,0.0057869178930590225,0.0057869178930590225
2023-10-11,0.018385422338001004,0.017761017962732818,0.01713661358746463,0.017761017962732818,0.01713661358746463,0.017761017962732818,0.01713661358746463,0.015887804836928258,0.018385422338001004,0.018385422338001004,0.018385422338001004
2023-10-12,-0.020161672561216617,-0.019470117050182572,-0.018778561539148527,-0.019470117050182572,-0.018778561539148527,-0.019470117050182572,-0.018778561539148527,-0.01739545051708044,-0.020161672561216617,-0.020161672561216617,-0.020161672561216617
2023-10-13,0.012376318273805028,0.016298156309219894,0.020219994344634763,0.016298156309219894,0.020219994344634763,0.016298156309219894,0.020219994344634763,0.0280636704154645,0.012376318273805028,0.012376318273805028,0.012376318273805028
2023-10-16,0.007846784761889377,0.0050006589276946475,0.0021545330934999167,0.0050006589276946475,0.0021545330934999167,0.0050006589276946475,0.0021545330934999167,-0.003537718574889545,0.0050006589276946475,0.0021545330934999167,-0.003537718574889545
2023-10-17,-0.005314266857587452,-0.0045369628716114265,-0.0037596588856354,-0.0045369628716114265,-0.0037596588856354,-0.0045369628716114265,-0.0037596588856354,-0.0022050509136833482,-0.005314266857587452,-0.005314266857587452,-0.005314266857587452
2023-10-18,-0.012394286438190244,-0.010180144443060556,-0.007966002447930866,-0.010180144443060556,-0.007966002447930866,-0.010180144443060556,-0.007966002447930866,-0.003537718457671488,-0.012394286438190244,-0.012394286438190244,-0.012394286438190244
2023-10-19,-0.012016747474555832,-0.010449021686208836,-0.008881295897861838,-0.010449021686208836,-0.008881295897861838,-0.010449021686208836,-0.008881295897861838,-0.005745844321167846,-0.012016747474555832,-0.012016747474555832,-0.012016747474555832
2023-10-20,-0.004873057007975364,-0.004634626838003175,-0.0043961966680309845,-0.004634626838003175,-0.0043961966680309845,-0.004634626838003175,-0.0043961966680309845,-0.003919336328086604,-0.004873057007975364,-0.004873057007975364,-0.004873057007975364
2023-10-23,0.005137962623600136,0.0039895458533429524,0.0028411290830857683,0.0039895458533429524,0.0028411290830857683,0.0039895458533429524,0.0028411290830857683,0.0005442955425714008,0.005137962623600136,0.005137962623600136,0.005137962623600136
2023-10-24,0.016136612404468665,0.014848540019959435,0.013560467635450206,0.014848540019959435,0.013560467635450206,0.014848540019959435,0.013560467635450206,0.010984322866431747,0.016136612404468665,0.016136612404468665,0.016136612404468665
2023-10-25,-0.025386077168326835,-0.023580253590677728,-0.02177443001302862,-0.023580253590677728,-0.02177443001302862,-0.025386077168326835,-0.025386077168326835,-0.025386077168326835,-0.025386077168326835,-0.025386077168326835,-0.025386077168326835
2023-10-26,-0.00221058143520096,-0.0019398858309764748,-0.0016691902267519899,-0.0019398858309764748,-0.0016691902267519899,-0.0019398858309764748,-0.0016691902267519899,-0.00112779901830302,-0.00221058143520096,-0.00221058143520096,-0.00221058143520096
2023-10-27,-0.0042800264878272085,-0.0034462896365173358,-0.002612552785207462,-0.0034462896365173358,-0.002612552785207462,-0.0034462896365173358,-0.002612552785207462,-0.0009450790825877159,-0.0042800264878272085,-0.0042800264878272085,-0.0042800264878272085
2023-10-30,0.010834251501364736,0.008933666634501534,0.007033081767638336,0.008933666634501534,0.007033081767638336,0.010834251501364736,0.010834251501364736,0.010834251501364736,0.010834251501364736,0.010834251501364736,0.010834251501364736
2023-10-31,0.006359982136858281,0.004617825665639165,0.002875669194420051,0.004617825665639165,0.002875669194420051,0.006359982136858281,0.006359982136858281,0.006359982136858281,0.006359982136858281,0.006359982136858281,0.006359982136858281
2023-11-01,0.016907365939711302,0.015487328713031753,0.014067291486352208,0.015487328713031753,0.014067291486352208,0.016907365939711302,0.016907365939711302,0.016907365939711302,0.016907365939711302,0.016907365939711302,0.016907365939711302
2023-11-02,0.02917310511932383,0.028046954055622873,0.02692080299192192,0.028046954055622873,0.02692080299192192,0.02917310511932383,0.02917310511932383,0.02917310511932383,0.02917310511932383,0.02917310511932383,0.02917310511932383
2023-11-03,0.016841850752562733,0.016090480168519918,0.015339109584477102,0.016090480168519918,0.015339109584477102,0.016841850752562733,0.016841850752562733,0.016841850752562733,0.016841850752562733,0.016841850752562733,0.016841850752562733
2023-11-06,-0.0015893397047082114,-0.0026510970320743443,-0.003712854359440477,-0.0026510970320743443,-0.003712854359440477,-0.0015893397047082114,-0.0015893397047082114,-0.0015893397047082114,-0.0015893397047082114,-0.0015893397047082114,-0.0015893397047082114
2023-11-07,0.0036421605834825424,0.003433782355815926,0.0032254041281493096,0.003433782355815926,0.0032254041281493096,0.0036421605834825424,0.0036421605834825424,0.0036421605834825424,0.0036421605834825424,0.0036421605834825424,0.0036421605834825424
2023-11-08,0.0017256030016824454,0.0011812249697903887,0.0006368469378983322,0.0011812249697903887,0.0006368469378983322,0.0017256030016824454,0.0017256030016824454,0.0017256030016824454,0.0017256030016824454,0.0017256030016824454,0.0017256030016824454
2023-11-09,-0.01616514468703322,-0.01484878263448765,-0.013532420581942078,-0.01484878263448765,-0.013532420581942078,-0.01616514468703322,-0.01616514468703322,-0.01616514468703322,-0.01616514468703322,-0.01616514468703322,-0.01616514468703322
2023-11-10,0.00875830811438169,0.007382520893638245,0.006006733672894801,0.007382520893638245,0.006006733672894801,0.00875830811438169,0.00875830811438169,0.00875830811438169,0.00875830811438169,0.00875830811438169,0.00875830811438169
2023-11-13,0.0039718611734692105,0.003597179231182403,0.003222497288895595,0.003597179231182403,0.003222497288895595,0.0039718611734692105,0.0039718611734692105,0.0039718611734692105,0.0039718611734692105,0.0039718611734692105,0.0039718611734692105
2023-11-14,0.028001126743827008,0.027739886992252466,0.02747864724067792,0.027739886992252466,0.02747864724067792,0.028001126743827008,0.028001126743827008,0.028001126743827008,0.028001126743827008,0.028001126743827008,0.028001126743827008
2023-11-15,-0.002371757889926215,-0.003155911926783455,-0.0039400659636406946,-0.003155911926783455,-0.0039400659636406946,-0.002371757889926215,-0.002371757889926215,-0.002371757889926215,-0.002371757889926215,-0.002371757889926215,-0.002371757889926215
2023-11-16,0.013448655069841654,0.012953754670114875,0.012458854270388096,0.012953754670114875,0.012458854270388096,0.013448655069841654,0.013448655069841654,0.013448655069841654,0.013448655069841654,0.013448655069841654,0.013448655069841654
2023-11-17,0.005067405331251527,0.004564709618658877,0.004062013906066227,0.004564709618658877,0.004062013906066227,0.005067405331251527,0.005067405331251527,0.005067405331251527,0.005067405331251527,0.005067405331251527,0.005067405331251527
2023-11-20,0.006545976919848926,0.0062601705237939256,0.005974364127738926,0.0062601705237939256,0.005974364127738926,0.006545976919848926,0.006545976919848926,0.006545976919848926,0.006545976919848926,0.006545976919848926,0.006545976919848926
2023-11-21,0.00797409028003134,0.007278418461365333,0.0065827466426993265,0.007278418461365333,0.0065827466426993265,0.00797409028003134,0.00797409028003134,0.00797409028003134,0.00797409028003134,0.00797409028003134,0.00797409028003134
2023-11-22,-9.090837889626245e-05,0.000162622853149948,0.00041615408519615836,0.000162622853149948,0.00041615408519615836,-9.090837889626245e-05,-9.090837889626245e-05,-9.090837889626245e-05,-9.090837889626245e-05,-9.090837889626245e-05,-9.090837889626245e-05
2023-11-24,0.005294233198643973,0.0037123068892737916,0.0021303805799036094,0.0037123068892737916,0.0021303805799036094,0.005294233198643973,0.005294233198643973,0.005294233198643973,0.005294233198643973,0.005294233198643973,0.005294233198643973
2023-11-27,0.011240313168575626,0.011305879640606439,0.011371446112637252,0.011305879640606439,0.011371446112637252,0.011240313168575626,0.011240313168575626,0.011240313168575626,0.011240313168575626,0.011240313168575626,0.011240313168575626
2023-11-28,0.012728964598081982,0.01226699615483849,0.011805027711594997,0.01226699615483849,0.011805027711594997,0.012728964598081982,0.012728964598081982,0.012728964598081982,0.012728964598081982,0.012728964598081982,0.012728964598081982
2023-11-29,0.005545363033612001,0.006011149552641038,0.006476936071670075,0.006011149552641038,0.006476936071670075,0.005545363033612001,0.005545363033612001,0.005545363033612001,0.005545363033612001,0.005545363033612001,0.005545363033612001
2023-11-30,-0.004455510108798604,-0.004890134225058774,-0.005324758341318943,-0.004890134225058774,-0.005324758341318943,-0.004455510108798604,-0.004455510108798604,-0.004455510108798604,-0.004455510108798604,-0.004455510108798604,-0.004455510108798604
2023-12-01,0.02318982308599422,0.022928886117934463,0.022667949149874703,0.022928886117934463,0.022667949149874703,0.02318982308599422,0.02318982308599422,0.02318982308599422,0.02318982308599422,0.02318982308599422,0.02318982308599422
2023-12-04,-0.020690789433437027,-0.02051491148231195,-0.020339033531186875,-0.020690789433437027,-0.020690789433437027,-0.020690789433437027,-0.020690789433437027,-0.020690789433437027,-0.020690789433437027,-0.020690789433437027,-0.020690789433437027
2023-12-05,-0.00017892786358395904,-0.0005381156445776708,-0.0008973034255713824,-0.0005381156445776708,-0.0008973034255713824,-0.00017892786358395904,-0.00017892786358395904,-0.00017892786358395904,-0.00017892786358395904,-0.00017892786358395904,-0.00017892786358395904
2023-12-06,0.0005983347098947564,0.0007510168359036755,0.0009036989619125942,0.0007510168359036755,0.0009036989619125942,0.0005983347098947564,0.0005983347098947564,0.0005983347098947564,0.0007510168359036755,0.0009036989619125942,0.001209063213930432
2023-12-07,0.006216366727895463,0.00628817417524681,0.006359981622598157,0.00628817417524681,0.006359981622598157,0.006216366727895463,0.006216366727895463,0.006216366727895463,0.006216366727895463,0.006216366727895463,0.006216366727895463
2023-12-08,-0.0037828874948137164,-0.004977817369713794,-0.006172747244613872,-0.004977817369713794,-0.006172747244613872,-0.0037828874948137164,-0.0037828874948137164,-0.0037828874948137164,-0.0037828874948137164,-0.0037828874948137164,-0.0037828874948137164
2023-12-11,-0.0016288235165724243,-0.0024867206760632653,-0.0033446178355541058,-0.0024867206760632653,-0.0033446178355541058,-0.0016288235165724243,-0.0016288235165724243,-0.0016288235165724243,-0.0016288235165724243,-0.0016288235165724243,-0.0016288235165724243
2023-12-12,0.008050478345879622,0.006864967016738906,0.005679455687598189,0.006864967016738906,0.005679455687598189,0.008050478345879622,0.008050478345879622,0.008050478345879622,0.008050478345879622,0.008050478345879622,0.008050478345879622
2023-12-13,0.035226210380318305,0.03470527830903166,0.03418434623774501,0.03470527830903166,0.03418434623774501,0.035226210380318305,0.035226210380318305,0.035226210380318305,0.035226210380318305,0.035226210380318305,0.035226210380318305
2023-12-14,0.017861514191457734,0.017731900517111234,0.017602286842764738,0.017731900517111234,0.017602286842764738,0.017861514191457734,0.017861514191457734,0.017861514191457734,0.017861514191457734,0.017861514191457734,0.017861514191457734
2023-12-15,-0.01086828505561837,-0.00963234572890298,-0.008396406402187587,-0.00963234572890298,-0.008396406402187587,-0.01086828505561837,-0.01086828505561837,-0.01086828505561837,-0.01086828505561837,-0.01086828505561837,-0.01086828505561837
2023-12-18,0.002399183822605673,0.0023916109773911764,0.00238403813217668,0.0023916109773911764,0.00238403813217668,0.002399183822605673,0.002399183822605673,0.002399183822605673,0.002399183822605673,0.002399183822605673,0.002399183822605673
2023-12-19,0.008500086757788752,0.009096909641926151,0.009693732526063552,0.009096909641926151,0.009693732526063552,0.008500086757788752,0.008500086757788752,0.008500086757788752,0.008500086757788752,0.008500086757788752,0.008500086757788752
2023-12-20,-0.019473178389909307,-0.017150954280078557,-0.014828730170247804,-0.017150954280078557,-0.014828730170247804,-0.019473178389909307,-0.019473178389909307,-0.019473178389909307,-0.019473178389909307,-0.019473178389909307,-0.019473178389909307
2023-12-21,0.012596335099519667,0.011664277421178504,0.01073221974283734,0.011664277421178504,0.01073221974283734,0.012596335099519667,0.012596335099519667,0.012596335099519667,0.012596335099519667,0.012596335099519667,0.012596335099519667
2023-12-22,0.005724306840694452,0.004879291429986659,0.004034276019278866,0.004879291429986659,0.004034276019278866,0.005724306840694452,0.005724306840694452,0.005724306840694452,0.005724306840694452,0.005724306840694452,0.005724306840694452
2023-12-26,0.010368697759492729,0.00924636053802418,0.00812402331655563,0.00924636053802418,0.00812402331655563,0.010368697759492729,0.010368697759492729,0.010368697759492729,0.010368697759492729,0.010368697759492729,0.010368697759492729
2023-12-27,0.017323987988314096,0.015570062509181123,0.01381613703004815,0.015570062509181123,0.01381613703004815,0.017323987988314096,0.017323987988314096,0.017323987988314096,0.017323987988314096,0.017323987988314096,0.017323987988314096
2023-12-28,-0.00871729819480903,-0.008807605990640986,-0.008897913786472941,-0.008807605990640986,-0.008897913786472941,-0.00871729819480903,-0.00871729819480903,-0.00871729819480903,-0.00871729819480903,-0.00871729819480903,-0.00871729819480903
2023-12-29,-0.008338321465961236,-0.008265826286013953,-0.008193331106066671,-0.008265826286013953,-0.008193331106066671,-0.008338321465961236,-0.008338321465961236,-0.008338321465961236,-0.008338321465961236,-0.008338321465961236,-0.008338321465961236
2024-01-02,-0.007244180948624378,-0.007261600648156153,-0.007279020347687928,-0.007244180948624378,-0.007244180948624378,-0.007244180948624378,-0.007244180948624378,-0.007244180948624378,-0.007261600648156153,-0.007279020347687928,-0.007313859746751478
2024-01-03,-0.01944206760993409,-0.01778389389373236,-0.01612572017753063,-0.01944206760993409,-0.01944206760993409,-0.01944206760993409,-0.01944206760993409,-0.01944206760993409,-0.01778389389373236,-0.01612572017753063,-0.012809372745127166
2024-01-04,-0.002376758919077118,-0.00251096933565769,-0.0026451797522382622,-0.002376758919077118,-0.002376758919077118,-0.002376758919077118,-0.002376758919077118,-0.002376758919077118,-0.00251096933565769,-0.0026451797522382622,-0.0029136005853994066
2024-01-05,0.006591437886775498,0.005066762713545872,0.003542087540316248,0.005066762713545872,0.003542087540316248,0.006591437886775498,0.006591437886775498,0.006591437886775498,0.006591437886775498,0.006591437886775498,0.006591437886775498
2024-01-08,0.010703931279586645,0.009643647453309123,0.008583363627031599,0.010703931279586645,0.010703931279586645,0.010703931279586645,0.010703931279586645,0.010703931279586645,0.010703931279586645,0.010703931279586645,0.010703931279586645
2024-01-09,0.00020029452443704777,-0.0007746960475536468,-0.0017496866195443415,0.00020029452443704777,0.00020029452443704777,0.00020029452443704777,0.00020029452443704777,0.00020029452443704777,0.00020029452443704777,0.00020029452443704777,0.00020029452443704777
2024-01-10,0.0017669648963391524,0.0013651408689000484,0.000963316841460945,0.0017669648963391524,0.0017669648963391524,0.0017669648963391524,0.0017669648963391524,0.0017669648963391524,0.0017669648963391524,0.0017669648963391524,0.0017669648963391524
2024-01-11,0.00362117971206276,0.00362117971206276,0.00362117971206276,0.00362117971206276,0.00362117971206276,0.00362117971206276,0.00362117971206276,0.00362117971206276,0.00362117971206276,0.00362117971206276,0.00362117971206276
2024-01-12,0.006205226615946252,0.006205226615946252,0.006205226615946252,0.006205226615946252,0.006205226615946252,0.006205226615946252,0.006205226615946252,0.006205226615946252,0.006205226615946252,0.006205226615946252,0.006205226615946252
2024-01-16,-0.018925052511853887,-0.018925052511853887,-0.018925052511853887,-0.018925052511853887,-0.018925052511853887,-0.018925052511853887,-0.018925052511853887,-0.018925052511853887,-0.018925052511853887,-0.018925052511853887,-0.018925052511853887
2024-01-17,-0.013515092596653282,-0.013515092596653282,-0.013515092596653282,-0.013515092596653282,-0.013515092596653282,-0.013515092596653282,-0.013515092596653282,-0.013515092596653282,-0.013515092596653282,-0.013515092596653282,-0.013515092596653282
2024-01-18,0.012302121732801478,0.011052782777846057,0.009803443822890638,0.011052782777846057,0.009803443822890638,0.012302121732801478,0.012302121732801478,0.012302121732801478,0.011052782777846057,0.009803443822890638,0.007304765912979796
2024-01-19,0.013389333506585784,0.013389333506585784,0.013389333506585784,0.013389333506585784,0.013389333506585784,0.013389333506585784,0.013389333506585784,0.013389333506585784,0.013389333506585784,0.013389333506585784,0.013389333506585784
2024-01-22,0.008378573722312096,0.007022958816902986,0.005667343911493877,0.007022958816902986,0.005667343911493877,0.008378573722312096,0.008378573722312096,0.008378573722312096,0.008378573722312096,0.008378573722312096,0.008378573722312096
2024-01-23,0.0042122462576570895,0.0032382775600296168,0.002264308862402144,0.0032382775600296168,0.002264308862402144,0.0042122462576570895,0.0042122462576570895,0.0042122462576570895,0.0042122462576570895,0.0042122462576570895,0.0042122462576570895
2024-01-24,-0.009030867045056127,-0.009030867045056127,-0.009030867045056127,-0.009030867045056127,-0.009030867045056127,-0.009030867045056127,-0.009030867045056127,-0.009030867045056127,-0.009030867045056127,-0.009030867045056127,-0.009030867045056127
2024-01-25,0.006529531218922761,0.006529531218922761,0.006529531218922761,0.006529531218922761,0.006529531218922761,0.006529531218922761,0.006529531218922761,0.006529531218922761,0.006529531218922761,0.006529531218922761,0.006529531218922761
2024-01-26,-0.0016410678631182305,-0.0016410678631182305,-0.0016410678631182305,-0.0016410678631182305,-0.0016410678631182305,-0.0016410678631182305,-0.0016410678631182305,-0.0016410678631182305,-0.0016410678631182305,-0.0016410678631182305,-0.0016410678631182305
2024-01-29,0.015239564381031537,0.015547514136110425,0.015855463891189317,0.015547514136110425,0.015855463891189317,0.015239564381031537,0.015239564381031537,0.015239564381031537,0.015239564381031537,0.015239564381031537,0.015239564381031537
2024-01-30,0.012476664242874202,0.011986602448874216,0.01149654065487423,0.011986602448874216,0.01149654065487423,0.012476664242874202,0.012476664242874202,0.012476664242874202,0.011986602448874216,0.01149654065487423,0.01051641706687426
2024-01-31,0.0020304841688719775,0.00365750058227983,0.005284516995687682,0.00365750058227983,0.005284516995687682,0.0020304841688719775,0.0020304841688719775,0.0020304841688719775,0.0020304841688719775,0.0020304841688719775,0.0020304841688719775
2024-02-01,0.022939864258803427,0.022672154237552797,0.022404444216302166,0.022672154237552797,0.022404444216302166,0.022939864258803427,0.022939864258803427,0.022939864258803427,0.022939864258803427,0.022939864258803427,0.022939864258803427
2024-02-02,0.004437162096756872,0.004329065929810865,0.004220969762864856,0.004437162096756872,0.004437162096756872,0.004437162096756872,0.004437162096756872,0.004437162096756872,0.004437162096756872,0.004437162096756872,0.004437162096756872
2024-02-05,-0.005580121347517186,-0.00669029263867039,-0.007800463929823594,-0.005580121347517186,-0.005580121347517186,-0.005580121347517186,-0.005580121347517186,-0.005580121347517186,-0.005580121347517186,-0.005580121347517186,-0.005580121347517186
2024-02-06,0.011021804020143357,0.01019019923540702,0.009358594450670686,0.011021804020143357,0.011021804020143357,0.011021804020143357,0.011021804020143357,0.011021804020143357,0.011021804020143357,0.011021804020143357,0.011021804020143357
2024-02-07,0.008902920719369151,0.008801511811184794,0.00870010290300044,0.008902920719369151,0.008902920719369151,0.008902920719369151,0.008902920719369151,0.008902920719369151,0.008801511811184794,0.00870010290300044,0.00849728508663173
2024-02-08,-0.0006235324919257829,-0.0006235324919257829,-0.0006235324919257829,-0.0006235324919257829,-0.0006235324919257829,-0.0006235324919257829,-0.0006235324919257829,-0.0006235324919257829,-0.0006235324919257829,-0.0006235324919257829,-0.0006235324919257829
2024-02-09,0.0023276885712247264,0.0023276885712247264,0.0023276885712247264,0.0023276885712247264,0.0023276885712247264,0.0023276885712247264,0.0023276885712247264,0.0023276885712247264,0.0023276885712247264,0.0023276885712247264,0.0023276885712247264
2024-02-12,0.0020971738473810476,0.0020971738473810476,0.0020971738473810476,0.0020971738473810476,0.0020971738473810476,0.0020971738473810476,0.0020971738473810476,0.0020971738473810476,0.0020971738473810476,0.0020971738473810476,0.0020971738473810476
2024-02-13,-0.0373295559291066,-0.034852754206296764,-0.03237595248348694,-0.0373295559291066,-0.0373295559291066,-0.0373295559291066,-0.0373295559291066,-0.0373295559291066,-0.0373295559291066,-0.0373295559291066,-0.0373295559291066
2024-02-14,0.0165909865884368,0.014907056484729961,0.01322312638102312,0.0165909865884368,0.0165909865884368,0.0165909865884368,0.0165909865884368,0.0165909865884368,0.0165909865884368,0.0165909865884368,0.0165909865884368
2024-02-15,0.010038071817043973,0.010038071817043973,0.010038071817043973,0.010038071817043973,0.010038071817043973,0.010038071817043973,0.010038071817043973,0.010038071817043973,0.010038071817043973,0.010038071817043973,0.010038071817043973
2024-02-16,-0.004183498268260877,-0.004183498268260877,-0.004183498268260877,-0.004183498268260877,-0.004183498268260877,-0.004183498268260877,-0.004183498268260877,-0.004183498268260877,-0.004183498268260877,-0.004183498268260877,-0.004183498268260877
2024-02-20,-0.004701816380164995,-0.003598305401014231,-0.002494794421863466,-0.003598305401014231,-0.002494794421863466,-0.004701816380164995,-0.004701816380164995,-0.004701816380164995,-0.004701816380164995,-0.004701816380164995,-0.004701816380164995
2024-02-21,-0.0018344570302654985,-0.002108592084170912,-0.002382727138076325,-0.002108592084170912,-0.002382727138076325,-0.0018344570302654985,-0.0018344570302654985,-0.0018344570302654985,-0.0018344570302654985,-0.0018344570302654985,-0.0018344570302654985
2024-02-22,0.013618384413617571,0.013618384413617571,0.013618384413617571,0.013618384413617571,0.013618384413617571,0.013618384413617571,0.013618384413617571,0.013618384413617571,0.013618384413617571,0.013618384413617571,0.013618384413617571
2024-02-23,0.0047625804819996604,0.0047625804819996604,0.0047625804819996604,0.0047625804819996604,0.0047625804819996604,0.0047625804819996604,0.0047625804819996604,0.0047625804819996604,0.0047625804819996604,0.0047625804819996604,0.0047625804819996604
2024-02-26,-0.0061339319408130755,-0.0061339319408130755,-0.0061339319408130755,-0.0061339319408130755,-0.0061339319408130755,-0.0061339319408130755,-0.0061339319408130755,-0.0061339319408130755,-0.0061339319408130755,-0.0061339319408130755,-0.0061339319408130755
2024-02-27,-0.007209452983730413,-0.007209452983730413,-0.007209452983730413,-0.007209452983730413,-0.007209452983730413,-0.007209452983730413,-0.007209452983730413,-0.007209452983730413,-0.007209452983730413,-0.007209452983730413,-0.007209452983730413
2024-02-28,0.008517221901824969,0.008517221901824969,0.008517221901824969,0.008517221901824969,0.008517221901824969,0.008517221901824969,0.008517221901824969,0.008517221901824969,0.008517221901824969,0.008517221901824969,0.008517221901824969
2024-02-29,0.009168738229519633,0.009168738229519633,0.009168738229519633,0.009168738229519633,0.009168738229519633,0.009168738229519633,0.009168738229519633,0.009168738229519633,0.009168738229519633,0.009168738229519633,0.009168738229519633
2024-03-01,0.02212702341823359,0.02212702341823359,0.02212702341823359,0.02212702341823359,0.02212702341823359,0.02212702341823359,0.02212702341823359,0.02212702341823359,0.02212702341823359,0.02212702341823359,0.02212702341823359
2024-03-04,0.007983302833793149,0.007983302833793149,0.007983302833793149,0.007983302833793149,0.007983302833793149,0.007983302833793149,0.007983302833793149,0.007983302833793149,0.007983302833793149,0.007983302833793149,0.007983302833793149
2024-03-05,-0.0006536822149436623,-0.0006536822149436623,-0.0006536822149436623,-0.0006536822149436623,-0.0006536822149436623,-0.0006536822149436623,-0.0006536822149436623,-0.0006536822149436623,-0.0006536822149436623,-0.0006536822149436623,-0.0006536822149436623
2024-03-06,0.011314008871229839,0.01141012506759246,0.01150624126395508,0.011314008871229839,0.011314008871229839,0.011314008871229839,0.011314008871229839,0.011314008871229839,0.011314008871229839,0.011314008871229839,0.011314008871229839
2024-03-07,0.012824707830366999,0.012824707830366999,0.012824707830366999,0.012824707830366999,0.012824707830366999,0.012824707830366999,0.012824707830366999,0.012824707830366999,0.012824707830366999,0.012824707830366999,0.012824707830366999
2024-03-08,0.001148682006219366,0.001148682006219366,0.001148682006219366,0.001148682006219366,0.001148682006219366,0.001148682006219366,0.001148682006219366,0.001148682006219366,0.001148682006219366,0.001148682006219366,0.001148682006219366
2024-03-11,-0.0012363329782287627,-0.0012363329782287627,-0.0012363329782287627,-0.0012363329782287627,-0.0012363329782287627,-0.0012363329782287627,-0.0012363329782287627,-0.0012363329782287627,-0.0012363329782287627,-0.0012363329782287627,-0.0012363329782287627
2024-03-12,-0.011516904868015649,-0.011516904868015649,-0.011516904868015649,-0.011516904868015649,-0.011516904868015649,-0.011516904868015649,-0.011516904868015649,-0.011516904868015649,-0.011516904868015649,-0.011516904868015649,-0.011516904868015649
2024-03-13,0.0007011070782493817,0.0007011070782493817,0.0007011070782493817,0.0007011070782493817,0.0007011070782493817,0.0007011070782493817,0.0007011070782493817,0.0007011070782493817,0.0007011070782493817,0.0007011070782493817,0.0007011070782493817
2024-03-14,-0.015582434240053327,-0.014752965866520928,-0.013923497492988528,-0.015582434240053327,-0.015582434240053327,-0.015582434240053327,-0.015582434240053327,-0.015582434240053327,-0.015582434240053327,-0.015582434240053327,-0.015582434240053327
2024-03-15,-0.00834925263315938,-0.007703465765847396,-0.007057678898535413,-0.00834925263315938,-0.00834925263315938,-0.00834925263315938,-0.00834925263315938,-0.00834925263315938,-0.00834925263315938,-0.00834925263315938,-0.00834925263315938
2024-03-18,0.005518028439252748,0.0047985808600559034,0.004079133280859057,0.005518028439252748,0.005518028439252748,0.005518028439252748,0.005518028439252748,0.005518028439252748,0.0047985808600559034,0.004079133280859057,0.0026402381224653665
2024-03-19,0.007830583568219928,0.0068745282913966945,0.00591847301457346,0.007830583568219928,0.007830583568219928,0.007830583568219928,0.007830583568219928,0.007830583568219928,0.0068745282913966945,0.00591847301457346,0.004006362460926991
2024-03-20,0.01669749256825639,0.015932470815007954,0.015167449061759515,0.01669749256825639,0.01669749256825639,0.01669749256825639,0.01669749256825639,0.01669749256825639,0.01669749256825639,0.01669749256825639,0.01669749256825639
2024-03-21,0.0037027124577899586,0.003467945687183931,0.0032331789165779027,0.0037027124577899586,0.0037027124577899586,0.0037027124577899586,0.0037027124577899586,0.0037027124577899586,0.0037027124577899586,0.0037027124577899586,0.0037027124577899586
2024-03-22,-0.002456634904896383,-0.002450637450959035,-0.0024446399970216876,-0.002456634904896383,-0.002456634904896383,-0.002456634904896383,-0.002456634904896383,-0.002456634904896383,-0.002456634904896383,-0.002456634904896383,-0.002456634904896383
2024-03-25,-1.8928480282168333e-06,-0.00019231824964661978,-0.00038274365126502266,-1.8928480282168333e-06,-1.8928480282168333e-06,-1.8928480282168333e-06,-1.8928480282168333e-06,-1.8928480282168333e-06,-1.8928480282168333e-06,-1.8928480282168333e-06,-1.8928480282168333e-06
2024-03-26,0.004878528623380947,0.004688102861315551,0.004497677099250155,0.004878528623380947,0.004878528623380947,0.004878528623380947,0.004878528623380947,0.004878528623380947,0.004878528623380947,0.004878528623380947,0.004878528623380947
2024-03-27,0.01670879430415347,0.0160824123199248,0.015456030335696126,0.01670879430415347,0.01670879430415347,0.01670879430415347,0.01670879430415347,0.01670879430415347,0.01670879430415347,0.01670879430415347,0.01670879430415347
2024-03-28,0.003655438762463371,0.004173950726086388,0.004692462689709405,0.003655438762463371,0.003655438762463371,0.003655438762463371,0.003655438762463371,0.003655438762463371,0.003655438762463371,0.003655438762463371,0.003655438762463371
2024-04-01,0.00361636184282486,0.003827226080441344,0.004038090318057829,0.00361636184282486,0.00361636184282486,0.00361636184282486,0.00361636184282486,0.00361636184282486,0.00361636184282486,0.00361636184282486,0.00361636184282486
2024-04-02,-0.004580583146779369,-0.0036818031108027264,-0.002783023074826084,-0.004580583146779369,-0.004580583146779369,-0.004580583146779369,-0.004580583146779369,-0.004580583146779369,-0.004580583146779369,-0.004580583146779369,-0.004580583146779369
2024-04-03,0.007974728681615844,0.007763657428195142,0.0075525861747744415,0.007974728681615844,0.007974728681615844,0.007974728681615844,0.007974728681615844,0.007974728681615844,0.007974728681615844,0.007974728681615844,0.007974728681615844
2024-04-04,-0.009065818517860822,-0.009065818517860822,-0.009065818517860822,-0.009065818517860822,-0.009065818517860822,-0.009065818517860822,-0.009065818517860822,-0.009065818517860822,-0.009065818517860822,-0.009065818517860822,-0.009065818517860822
2024-04-05,0.022823117670212258,0.022823117670212258,0.022823117670212258,0.022823117670212258,0.022823117670212258,0.022823117670212258,0.022823117670212258,0.022823117670212258,0.022823117670212258,0.022823117670212258,0.022823117670212258
2024-04-08,-0.0004307712885090881,-0.0004307712885090881,-0.0004307712885090881,-0.0004307712885090881,-0.0004307712885090881,-0.0004307712885090881,-0.0004307712885090881,-0.0004307712885090881,-0.0004307712885090881,-0.0004307712885090881,-0.0004307712885090881
2024-04-09,0.009691289958836054,0.009423999210028546,0.009156708461221038,0.009691289958836054,0.009691289958836054,0.009691289958836054,0.009691289958836054,0.009691289958836054,0.009691289958836054,0.009691289958836054,0.009691289958836054
2024-04-10,-0.020308731194118815,-0.020308731194118815,-0.020308731194118815,-0.020308731194118815,-0.020308731194118815,-0.020308731194118815,-0.020308731194118815,-0.020308731194118815,-0.020308731194118815,-0.020308731194118815,-0.020308731194118815
2024-04-11,0.010721692977325526,0.010721692977325526,0.010721692977325526,0.010721692977325526,0.010721692977325526,0.010721692977325526,0.010721692977325526,0.010721692977325526,0.010721692977325526,0.010721692977325526,0.010721692977325526
2024-04-12,-0.026190141087537925,-0.02317234943113014,-0.020154557774722356,-0.026190141087537925,-0.026190141087537925,-0.026190141087537925,-0.026190141087537925,-0.026190141087537925,-0.02317234943113014,-0.020154557774722356,-0.014118974461906781
2024-04-15,0.004305275791550143,0.004305275791550143,0.004305275791550143,0.004305275791550143,0.004305275791550143,0.004305275791550143,0.004305275791550143,0.004305275791550143,0.004305275791550143,0.004305275791550143,0.004305275791550143
2024-04-16,-0.009970852259840849,-0.009970852259840849,-0.009970852259840849,-0.009970852259840849,-0.009970852259840849,-0.009970852259840849,-0.009970852259840849,-0.009970852259840849,-0.009970852259840849,-0.009970852259840849,-0.009970852259840849
2024-04-17,-0.00398502032650072,-0.00398502032650072,-0.00398502032650072,-0.00398502032650072,-0.00398502032650072,-0.00398502032650072,-0.00398502032650072,-0.00398502032650072,-0.00398502032650072,-0.00398502032650072,-0.00398502032650072
2024-04-18,-0.0017557255738032663,-0.0017557255738032663,-0.0017557255738032663,-0.0017557255738032663,-0.0017557255738032663,-0.0017557255738032663,-0.0017557255738032663,-0.0017557255738032663,-0.0017557255738032663,-0.0017557255738032663,-0.0017557255738032663
2024-04-19,-0.0009731893560386796,-0.0009731893560386796,-0.0009731893560386796,-0.0009731893560386796,-0.0009731893560386796,-0.0009731893560386796,-0.0009731893560386796,-0.0009731893560386796,-0.0009731893560386796,-0.0009731893560386796,-0.0009731893560386796
2024-04-22,-0.011475192832226084,-0.011475192832226084,-0.011475192832226084,-0.011475192832226084,-0.011475192832226084,-0.011475192832226084,-0.011475192832226084,-0.011475192832226084,-0.011475192832226084,-0.011475192832226084,-0.011475192832226084
2024-04-23,0.011219939782727718,0.011219939782727718,0.011219939782727718,0.011219939782727718,0.011219939782727718,0.011219939782727718,0.011219939782727718,0.011219939782727718,0.011219939782727718,0.011219939782727718,0.011219939782727718
2024-04-24,-0.00404047917417832,-0.00404047917417832,-0.00404047917417832,-0.00404047917417832,-0.00404047917417832,-0.00404047917417832,-0.00404047917417832,-0.00404047917417832,-0.00404047917417832,-0.00404047917417832,-0.00404047917417832
2024-04-25,-0.006439430718557933,-0.006439430718557933,-0.006439430718557933,-0.006439430718557933,-0.006439430718557933,-0.006439430718557933,-0.006439430718557933,-0.006439430718557933,-0.006439430718557933,-0.006439430718557933,-0.006439430718557933
2024-04-26,0.013124934352722136,0.013124934352722136,0.013124934352722136,0.013124934352722136,0.013124934352722136,0.013124934352722136,0.013124934352722136,0.013124934352722136,0.013124934352722136,0.013124934352722136,0.013124934352722136
2024-04-29,0.009565612840523242,0.009565612840523242,0.009565612840523242,0.009565612840523242,0.009565612840523242,0.009565612840523242,0.009565612840523242,0.009565612840523242,0.009565612840523242,0.009565612840523242,0.009565612840523242
2024-04-30,-0.02800704750725446,-0.02800704750725446,-0.02800704750725446,-0.02800704750725446,-0.02800704750725446,-0.02800704750725446,-0.02800704750725446,-0.02800704750725446,-0.02800704750725446,-0.02800704750725446,-0.02800704750725446
2024-05-01,0.004027223248499353,0.004027223248499353,0.004027223248499353,0.004027223248499353,0.004027223248499353,0.004027223248499353,0.004027223248499353,0.004027223248499353,0.004027223248499353,0.004027223248499353,0.004027223248499353
2024-05-02,0.011178687085533896,0.011178687085533896,0.011178687085533896,0.011178687085533896,0.011178687085533896,0.011178687085533896,0.011178687085533896,0.011178687085533896,0.011178687085533896,0.011178687085533896,0.011178687085533896
2024-05-03,0.01579319585383616,0.01579319585383616,0.01579319585383616,0.01579319585383616,0.01579319585383616,0.01579319585383616,0.01579319585383616,0.01579319585383616,0.01579319585383616,0.01579319585383616,0.01579319585383616
2024-05-06,0.01990966376347858,0.01990966376347858,0.01990966376347858,0.01990966376347858,0.01990966376347858,0.01990966376347858,0.01990966376347858,0.01990966376347858,0.01990966376347858,0.01990966376347858,0.01990966376347858
2024-05-07,0.0005168532291430804,0.0003549101715551141,0.00019296711396714767,0.0005168532291430804,0.0005168532291430804,0.0005168532291430804,0.0005168532291430804,0.0005168532291430804,0.0005168532291430804,0.0005168532291430804,0.0005168532291430804
2024-05-08,-0.003468175982976112,-0.003747870100448235,-0.004027564217920359,-0.003468175982976112,-0.003468175982976112,-0.003468175982976112,-0.003468175982976112,-0.003468175982976112,-0.003468175982976112,-0.003468175982976112,-0.003468175982976112
2024-05-09,0.01638977825293336,0.01638977825293336,0.01638977825293336,0.01638977825293336,0.01638977825293336,0.01638977825293336,0.01638977825293336,0.01638977825293336,0.01638977825293336,0.01638977825293336,0.01638977825293336
2024-05-10,0.0017422081918657614,0.0017422081918657614,0.0017422081918657614,0.0017422081918657614,0.0017422081918657614,0.0017422081918657614,0.0017422081918657614,0.0017422081918657614,0.0017422081918657614,0.0017422081918657614,0.0017422081918657614
2024-05-13,-0.004634640931232004,-0.004634640931232004,-0.004634640931232004,-0.004634640931232004,-0.004634640931232004,-0.004634640931232004,-0.004634640931232004,-0.004634640931232004,-0.004634640931232004,-0.004634640931232004,-0.004634640931232004
2024-05-14,0.011852848944000204,0.011852848944000204,0.011852848944000204,0.011852848944000204,0.011852848944000204,0.011852848944000204,0.011852848944000204,0.011852848944000204,0.011852848944000204,0.011852848944000204,0.011852848944000204
2024-05-15,0.024357646496461317,0.024357646496461317,0.024357646496461317,0.024357646496461317,0.024357646496461317,0.024357646496461317,0.024357646496461317,0.024357646496461317,0.024357646496461317,0.024357646496461317,0.024357646496461317
2024-05-16,-0.004633825679869854,-0.004633825679869854,-0.004633825679869854,-0.004633825679869854,-0.004633825679869854,-0.004633825679869854,-0.004633825679869854,-0.004633825679869854,-0.004633825679869854,-0.004633825679869854,-0.004633825679869854
2024-05-17,0.006189470365995837,0.006189470365995837,0.006189470365995837,0.006189470365995837,0.006189470365995837,0.006189470365995837,0.006189470365995837,0.006189470365995837,0.006189470365995837,0.006189470365995837,0.006189470365995837
2024-05-20,0.0011592188564205036,0.0011592188564205036,0.0011592188564205036,0.0011592188564205036,0.0011592188564205036,0.0011592188564205036,0.0011592188564205036,0.0011592188564205036,0.0011592188564205036,0.0011592188564205036,0.0011592188564205036
2024-05-21,0.0037837982526497823,0.0037837982526497823,0.0037837982526497823,0.0037837982526497823,0.0037837982526497823,0.0037837982526497823,0.0037837982526497823,0.0037837982526497823,0.0037837982526497823,0.0037837982526497823,0.0037837982526497823
2024-05-22,-0.011144518868996965,-0.011144518868996965,-0.011144518868996965,-0.011144518868996965,-0.011144518868996965,-0.011144518868996965,-0.011144518868996965,-0.011144518868996965,-0.011144518868996965,-0.011144518868996965,-0.011144518868996965
2024-05-23,-0.018634514658838322,-0.018634514658838322,-0.018634514658838322,-0.018634514658838322,-0.018634514658838322,-0.018634514658838322,-0.018634514658838322,-0.018634514658838322,-0.018634514658838322,-0.018634514658838322,-0.018634514658838322
2024-05-24,0.003942331697887422,0.003942331697887422,0.003942331697887422,0.003942331697887422,0.003942331697887422,0.003942331697887422,0.003942331697887422,0.003942331697887422,0.003942331697887422,0.003942331697887422,0.003942331697887422
2024-05-28,-0.0118298383510437,-0.0118298383510437,-0.0118298383510437,-0.0118298383510437,-0.0118298383510437,-0.0118298383510437,-0.0118298383510437,-0.0118298383510437,-0.0118298383510437,-0.0118298383510437,-0.0118298383510437
2024-05-29,-0.022803531103836906,-0.021693326067077967,-0.02058312103031903,-0.022803531103836906,-0.022803531103836906,-0.022803531103836906,-0.022803531103836906,-0.022803531103836906,-0.022803531103836906,-0.022803531103836906,-0.022803531103836906
2024-05-30,0.013540485610328366,0.013540485610328366,0.013540485610328366,0.013540485610328366,0.013540485610328366,0.013540485610328366,0.013540485610328366,0.013540485610328366,0.013540485610328366,0.013540485610328366,0.013540485610328366
2024-05-31,0.00787848661480495,0.00787848661480495,0.00787848661480495,0.00787848661480495,0.00787848661480495,0.00787848661480495,0.00787848661480495,0.00787848661480495,0.00787848661480495,0.00787848661480495,0.00787848661480495
2024-06-03,0.0075432638529658366,0.0075432638529658366,0.0075432638529658366,0.0075432638529658366,0.0075432638529658366,0.0075432638529658366,0.0075432638529658366,0.0075432638529658366,0.0075432638529658366,0.0075432638529658366,0.0075432638529658366
2024-06-04,-0.0028941390540711837,-0.0028941390540711837,-0.0028941390540711837,-0.0028941390540711837,-0.0028941390540711837,-0.0028941390540711837,-0.0028941390540711837,-0.0028941390540711837,-0.0028941390540711837,-0.0028941390540711837,-0.0028941390540711837
2024-06-05,0.023593976877585784,0.023593976877585784,0.023593976877585784,0.023593976877585784,0.023593976877585784,0.023593976877585784,0.023593976877585784,0.023593976877585784,0.023593976877585784,0.023593976877585784,0.023593976877585784
2024-06-06,0.0023161070543866197,0.0023161070543866197,0.0023161070543866197,0.0023161070543866197,0.0023161070543866197,0.0023161070543866197,0.0023161070543866197,0.0023161070543866197,0.0023161070543866197,0.0023161070543866197,0.0023161070543866197
2024-06-07,-0.02389638759268477,-0.02389638759268477,-0.02389638759268477,-0.02389638759268477,-0.02389638759268477,-0.02389638759268477,-0.02389638759268477,-0.02389638759268477,-0.02389638759268477,-0.02389638759268477,-0.02389638759268477
2024-06-10,0.004141843431014552,0.004141843431014552,0.004141843431014552,0.004141843431014552,0.004141843431014552,0.004141843431014552,0.004141843431014552,0.004141843431014552,0.004141843431014552,0.004141843431014552,0.004141843431014552
2024-06-11,0.008000174456705308,0.007986575684277996,0.007972976911850683,0.007986575684277996,0.007972976911850683,0.008000174456705308,0.008000174456705308,0.008000174456705308,0.007986575684277996,0.007972976911850683,0.007945779366996057
2024-06-12,0.01380331990021547,0.01380331990021547,0.01380331990021547,0.01380331990021547,0.01380331990021547,0.01380331990021547,0.01380331990021547,0.01380331990021547,0.01380331990021547,0.01380331990021547,0.01380331990021547
2024-06-13,0.005789077515440819,0.005789077515440819,0.005789077515440819,0.005789077515440819,0.005789077515440819,0.005789077515440819,0.005789077515440819,0.005789077515440819,0.005789077515440819,0.005789077515440819,0.005789077515440819
2024-06-14,0.011356294849820347,0.011356294849820347,0.011356294849820347,0.011356294849820347,0.011356294849820347,0.011356294849820347,0.011356294849820347,0.011356294849820347,0.011356294849820347,0.011356294849820347,0.011356294849820347
2024-06-17,-0.0011958222708316909,-0.0015006633203501329,-0.0018055043698685747,-0.0015006633203501329,-0.0018055043698685747,-0.0011958222708316909,-0.0011958222708316909,-0.0011958222708316909,-0.0011958222708316909,-0.0011958222708316909,-0.0011958222708316909
2024-06-18,0.00971846166722675,0.00971846166722675,0.00971846166722675,0.00971846166722675,0.00971846166722675,0.00971846166722675,0.00971846166722675,0.00971846166722675,0.00971846166722675,0.00971846166722675,0.00971846166722675
2024-06-20,-3.531979428158312e-05,-3.531979428158312e-05,-3.531979428158312e-05,-3.531979428158312e-05,-3.531979428158312e-05,-3.531979428158312e-05,-3.531979428158312e-05,-3.531979428158312e-05,-3.531979428158312e-05,-3.531979428158312e-05,-3.531979428158312e-05
2024-06-21,-0.00418647508871175,-0.00497417761603164,-0.005761880143351531,-0.00497417761603164,-0.005761880143351531,-0.00418647508871175,-0.00418647508871175,-0.00418647508871175,-0.00418647508871175,-0.00418647508871175,-0.00418647508871175
2024-06-24,0.0030954000712074587,0.0029613298867846613,0.002827259702361864,0.0029613298867846613,0.002827259702361864,0.0030954000712074587,0.0030954000712074587,0.0030954000712074587,0.0030954000712074587,0.0030954000712074587,0.0030954000712074587
2024-06-25,0.004773265826009832,0.003824304930232301,0.0028753440344547712,0.003824304930232301,0.0028753440344547712,0.004773265826009832,0.004773265826009832,0.004773265826009832,0.004773265826009832,0.004773265826009832,0.004773265826009832
2024-06-26,-0.012622604980476668,-0.013066004785327242,-0.013509404590177817,-0.013066004785327242,-0.013509404590177817,-0.012622604980476668,-0.012622604980476668,-0.012622604980476668,-0.012622604980476668,-0.012622604980476668,-0.012622604980476668
2024-06-27,0.008467274213240051,0.008467274213240051,0.008467274213240051,0.008467274213240051,0.008467274213240051,0.008467274213240051,0.008467274213240051,0.008467274213240051,0.008467274213240051,0.008467274213240051,0.008467274213240051
2024-06-28,-0.019325157283392905,-0.019325157283392905,-0.019325157283392905,-0.019325157283392905,-0.019325157283392905,-0.019325157283392905,-0.019325157283392905,-0.019325157283392905,-0.019325157283392905,-0.019325157283392905,-0.019325157283392905
2024-07-01,0.006680832690912989,0.004658821902926471,0.0026368111149399505,0.004658821902926471,0.0026368111149399505,0.006680832690912989,0.006680832690912989,0.006680832690912989,0.006680832690912989,0.006680832690912989,0.006680832690912989
2024-07-02,0.007540068415333179,0.007540068415333179,0.007540068415333179,0.007540068415333179,0.007540068415333179,0.007540068415333179,0.007540068415333179,0.007540068415333179,0.007540068415333179,0.007540068415333179,0.007540068415333179
2024-07-03,0.013525978591608234,0.013525978591608234,0.013525978591608234,0.013525978591608234,0.013525978591608234,0.013525978591608234,0.013525978591608234,0.013525978591608234,0.013525978591608234,0.013525978591608234,0.013525978591608234
2024-07-05,0.014273931139803787,0.014273931139803787,0.014273931139803787,0.014273931139803787,0.014273931139803787,0.014273931139803787,0.014273931139803787,0.014273931139803787,0.014273931139803787,0.014273931139803787,0.014273931139803787
2024-07-08,-0.004741314615787571,-0.004741314615787571,-0.004741314615787571,-0.004741314615787571,-0.004741314615787571,-0.004741314615787571,-0.004741314615787571,-0.004741314615787571,-0.004741314615787571,-0.004741314615787571,-0.004741314615787571
2024-07-09,-0.0019509326665101826,-0.0019509326665101826,-0.0019509326665101826,-0.0019509326665101826,-0.0019509326665101826,-0.0019509326665101826,-0.0019509326665101826,-0.0019509326665101826,-0.0019509326665101826,-0.0019509326665101826,-0.0019509326665101826
2024-07-10,0.012646927261288847,0.012646927261288847,0.012646927261288847,0.012646927261288847,0.012646927261288847,0.012646927261288847,0.012646927261288847,0.012646927261288847,0.012646927261288847,0.012646927261288847,0.012646927261288847
2024-07-11,0.01000572293507004,0.01000572293507004,0.01000572293507004,0.01000572293507004,0.01000572293507004,0.01000572293507004,0.01000572293507004,0.01000572293507004,0.01000572293507004,0.01000572293507004,0.01000572293507004
2024-07-12,0.007581668144241493,0.007581668144241493,0.007581668144241493,0.007581668144241493,0.007581668144241493,0.007581668144241493,0.007581668144241493,0.007581668144241493,0.007581668144241493,0.007581668144241493,0.007581668144241493
2024-07-15,-0.0016568821689161796,-0.0016568821689161796,-0.0016568821689161796,-0.0016568821689161796,-0.0016568821689161796,-0.0016568821689161796,-0.0016568821689161796,-0.0016568821689161796,-0.0016568821689161796,-0.0016568821689161796,-0.0016568821689161796
2024-07-16,0.024368566178400955,0.024368566178400955,0.024368566178400955,0.024368566178400955,0.024368566178400955,0.024368566178400955,0.024368566178400955,0.024368566178400955,0.024368566178400955,0.024368566178400955,0.024368566178400955
2024-07-17,-0.013470044412666565,-0.013470044412666565,-0.013470044412666565,-0.013470044412666565,-0.013470044412666565,-0.013470044412666565,-0.013470044412666565,-0.013470044412666565,-0.013470044412666565,-0.013470044412666565,-0.013470044412666565
2024-07-18,-0.014499563676156346,-0.014499563676156346,-0.014499563676156346,-0.014499563676156346,-0.014499563676156346,-0.014499563676156346,-0.014499563676156346,-0.014499563676156346,-0.014499563676156346,-0.014499563676156346,-0.014499563676156346
2024-07-19,-0.017151937816772232,-0.017151937816772232,-0.017151937816772232,-0.017151937816772232,-0.017151937816772232,-0.017151937816772232,-0.017151937816772232,-0.017151937816772232,-0.017151937816772232,-0.017151937816772232,-0.017151937816772232
2024-07-22,-0.0020120426323819883,-0.0020120426323819883,-0.0020120426323819883,-0.0020120426323819883,-0.0020120426323819883,-0.0020120426323819883,-0.0020120426323819883,-0.0020120426323819883,-0.0020120426323819883,-0.0020120426323819883,-0.0020120426323819883
2024-07-23,-0.0014128026784815538,-0.0014128026784815538,-0.0014128026784815538,-0.0014128026784815538,-0.0014128026784815538,-0.0014128026784815538,-0.0014128026784815538,-0.0014128026784815538,-0.0014128026784815538,-0.0014128026784815538,-0.0014128026784815538
2024-07-24,0.015088205939549596,0.015088205939549596,0.015088205939549596,0.015088205939549596,0.015088205939549596,0.015088205939549596,0.015088205939549596,0.015088205939549596,0.015088205939549596,0.015088205939549596,0.015088205939549596
2024-07-25,-0.002186283687503282,-0.002186283687503282,-0.002186283687503282,-0.002186283687503282,-0.002186283687503282,-0.002186283687503282,-0.002186283687503282,-0.002186283687503282,-0.002186283687503282,-0.002186283687503282,-0.002186283687503282
2024-07-26,0.005710147387166801,0.005710147387166801,0.005710147387166801,0.005710147387166801,0.005710147387166801,0.005710147387166801,0.005710147387166801,0.005710147387166801,0.005710147387166801,0.005710147387166801,0.005710147387166801
2024-07-29,0.0038745198068912325,0.0038745198068912325,0.0038745198068912325,0.0038745198068912325,0.0038745198068912325,0.0038745198068912325,0.0038745198068912325,0.0038745198068912325,0.0038745198068912325,0.0038745198068912325,0.0038745198068912325
2024-07-30,0.004489900811129479,0.004489900811129479,0.004489900811129479,0.004489900811129479,0.004489900811129479,0.004489900811129479,0.004489900811129479,0.004489900811129479,0.004489900811129479,0.004489900811129479,0.004489900811129479
2024-07-31,0.025447442160768063,0.025447442160768063,0.025447442160768063,0.025447442160768063,0.025447442160768063,0.025447442160768063,0.025447442160768063,0.025447442160768063,0.025447442160768063,0.025447442160768063,0.025447442160768063
2024-08-01,-0.015390466298284059,-0.015390466298284059,-0.015390466298284059,-0.015390466298284059,-0.015390466298284059,-0.015390466298284059,-0.015390466298284059,-0.015390466298284059,-0.015390466298284059,-0.015390466298284059,-0.015390466298284059
2024-08-02,-0.016236781634199914,-0.016236781634199914,-0.016236781634199914,-0.016236781634199914,-0.016236781634199914,-0.016236781634199914,-0.016236781634199914,-0.016236781634199914,-0.016236781634199914,-0.016236781634199914,-0.016236781634199914
2024-08-05,-0.03517633255208936,-0.03517633255208936,-0.03517633255208936,-0.03517633255208936,-0.03517633255208936,-0.03517633255208936,-0.03517633255208936,-0.03517633255208936,-0.03517633255208936,-0.03517633255208936,-0.03517633255208936
2024-08-06,6.164465868726433e-05,6.164465868726433e-05,6.164465868726433e-05,6.164465868726433e-05,6.164465868726433e-05,6.164465868726433e-05,6.164465868726433e-05,6.164465868726433e-05,6.164465868726433e-05,6.164465868726433e-05,6.164465868726433e-05
2024-08-07,-0.016354023496845345,-0.016354023496845345,-0.016354023496845345,-0.016354023496845345,-0.016354023496845345,-0.016354023496845345,-0.016354023496845345,-0.016354023496845345,-0.016354023496845345,-0.016354023496845345,-0.016354023496845345
2024-08-08,0.036073834827428077,0.036073834827428077,0.036073834827428077,0.036073834827428077,0.036073834827428077,0.036073834827428077,0.036073834827428077,0.036073834827428077,0.036073834827428077,0.036073834827428077,0.036073834827428077
2024-08-09,0.03435717780620011,0.03435717780620011,0.03435717780620011,0.03435717780620011,0.03435717780620011,0.03435717780620011,0.03435717780620011,0.03435717780620011,0.028193551444336128,0.02202992508247214,0.00970267235874417
2024-08-12,0.010998051690692208,0.010780284744462253,0.0105625177982323,0.010998051690692208,0.010998051690692208,0.010998051690692208,0.010998051690692208,0.010998051690692208,0.010998051690692208,0.010998051690692208,0.010998051690692208
2024-08-13,0.027331172772253658,0.023983987115462933,0.02063680145867221,0.027331172772253658,0.027331172772253658,0.027331172772253658,0.027331172772253658,0.027331172772253658,0.027331172772253658,0.027331172772253658,0.027331172772253658
2024-08-14,0.012642485138606482,0.009772623573948477,0.006902762009290467,0.012642485138606482,0.012642485138606482,0.012642485138606482,0.012642485138606482,0.012642485138606482,0.012642485138606482,0.012642485138606482,0.012642485138606482
2024-08-15,0.015440386037079727,0.01370662506833492,0.011972864099590112,0.015440386037079727,0.015440386037079727,0.015440386037079727,0.015440386037079727,0.015440386037079727,0.015440386037079727,0.015440386037079727,0.015440386037079727
2024-08-16,0.013799279478670408,0.013799279478670408,0.013799279478670408,0.013799279478670408,0.013799279478670408,0.013799279478670408,0.013799279478670408,0.013799279478670408,0.013799279478670408,0.013799279478670408,0.013799279478670408
2024-08-19,0.010643190288832888,0.009730505765886976,0.008817821242941063,0.010643190288832888,0.010643190288832888,0.010643190288832888,0.010643190288832888,0.010643190288832888,0.010643190288832888,0.010643190288832888,0.010643190288832888
2024-08-20,-0.0025928353455911607,-0.0008595179174778773,0.000873799510635407,-0.0025928353455911607,-0.0025928353455911607,-0.0025928353455911607,-0.0025928353455911607,-0.0025928353455911607,-0.0025928353455911607,-0.0025928353455911607,-0.0025928353455911607
2024-08-21,0.0006943556790706715,0.0011616695124383794,0.0016289833458060876,0.0006943556790706715,0.0006943556790706715,0.0006943556790706715,0.0006943556790706715,0.0006943556790706715,0.0006943556790706715,0.0006943556790706715,0.0006943556790706715
2024-08-22,-0.02234185445455875,-0.020663610664000385,-0.018985366873442017,-0.02234185445455875,-0.02234185445455875,-0.02234185445455875,-0.02234185445455875,-0.02234185445455875,-0.02234185445455875,-0.02234185445455875,-0.02234185445455875
2024-08-23,0.025508268733766572,0.022771231158745027,0.020034193583723485,0.025508268733766572,0.025508268733766572,0.025508268733766572,0.025508268733766572,0.025508268733766572,0.025508268733766572,0.025508268733766572,0.025508268733766572
2024-08-26,-0.00029151092750563103,-0.00034350359828631285,-0.0003954962690669946,-0.00029151092750563103,-0.00029151092750563103,-0.00029151092750563103,-0.00029151092750563103,-0.00029151092750563103,-0.00034350359828631285,-0.0003954962690669946,-0.0004994816106283582
2024-08-27,0.003185431842261594,0.002397039827071194,0.001608647811880794,0.003185431842261594,0.003185431842261594,0.003185431842261594,0.003185431842261594,0.003185431842261594,0.003185431842261594,0.003185431842261594,0.003185431842261594
2024-08-28,-0.013748357759252188,-0.011946039567719448,-0.010143721376186708,-0.013748357759252188,-0.013748357759252188,-0.013748357759252188,-0.013748357759252188,-0.013748357759252188,-0.013748357759252188,-0.013748357759252188,-0.013748357759252188
2024-08-29,0.004521380681483301,0.003434793234095013,0.002348205786706724,0.004521380681483301,0.004521380681483301,0.004521380681483301,0.004521380681483301,0.004521380681483301,0.004521380681483301,0.004521380681483301,0.004521380681483301
2024-08-30,-0.0024431111748610492,-0.003389595774143269,-0.004336080373425489,-0.0024431111748610492,-0.0024431111748610492,-0.0024431111748610492,-0.0024431111748610492,-0.0024431111748610492,-0.003389595774143269,-0.004336080373425489,-0.00622904957198993
2024-09-03,-0.05186045823048347,-0.04223128792971059,-0.03260211762893772,-0.05186045823048347,-0.05186045823048347,-0.05186045823048347,-0.05186045823048347,-0.05186045823048347,-0.05186045823048347,-0.05186045823048347,-0.05186045823048347
2024-09-04,-0.002146946469214895,-0.0010956931729921727,-4.443987676945078e-05,-0.002146946469214895,-0.002146946469214895,-0.002146946469214895,-0.002146946469214895,-0.002146946469214895,-0.002146946469214895,-0.002146946469214895,-0.002146946469214895
2024-09-05,0.012096476943768527,0.010064697751318415,0.008032918558868302,0.012096476943768527,0.012096476943768527,0.012096476943768527,0.012096476943768527,0.012096476943768527,0.012096476943768527,0.012096476943768527,0.012096476943768527
2024-09-06,-0.02942150958777029,-0.026094271562051772,-0.022767033536333255,-0.02942150958777029,-0.02942150958777029,-0.02942150958777029,-0.02942150958777029,-0.02942150958777029,-0.02942150958777029,-0.02942150958777029,-0.02942150958777029
2024-09-09,0.022836436431672307,0.01984882043776644,0.016861204443860574,0.022836436431672307,0.022836436431672307,0.022836436431672307,0.022836436431672307,0.022836436431672307,0.022836436431672307,0.022836436431672307,0.022836436431672307
2024-09-10,0.012394084590715058,0.011580780312192581,0.010767476033670105,0.012394084590715058,0.012394084590715058,0.012394084590715058,0.012394084590715058,0.012394084590715058,0.011580780312192581,0.010767476033670105,0.009140867476625151
2024-09-11,0.010839573633018913,0.009184677738962393,0.007529781844905876,0.010839573633018913,0.010839573633018913,0.010839573633018913,0.010839573633018913,0.010839573633018913,0.010839573633018913,0.010839573633018913,0.010839573633018913
2024-09-12,0.014120740490344653,0.013723374012843507,0.013326007535342363,0.014120740490344653,0.014120740490344653,0.014120740490344653,0.014120740490344653,0.014120740490344653,0.014120740490344653,0.014120740490344653,0.014120740490344653
2024-09-13,0.011873811364369496,0.011779771324764191,0.011685731285158884,0.011873811364369496,0.011873811364369496,0.011873811364369496,0.011873811364369496,0.011873811364369496,0.011873811364369496,0.011873811364369496,0.011873811364369496
2024-09-16,0.004837655891220644,0.005209402006394869,0.0055811481215690935,0.004837655891220644,0.004837655891220644,0.004837655891220644,0.004837655891220644,0.004837655891220644,0.004837655891220644,0.004837655891220644,0.004837655891220644
2024-09-17,-0.007811428449758963,-0.007241079009860003,-0.006670729569961042,-0.007811428449758963,-0.007811428449758963,-0.007811428449758963,-0.007811428449758963,-0.007811428449758963,-0.007811428449758963,-0.007811428449758963,-0.007811428449758963
2024-09-18,-0.012600327900567197,-0.012755689997743085,-0.012911052094918975,-0.012600327900567197,-0.012600327900567197,-0.012600327900567197,-0.012600327900567197,-0.012600327900567197,-0.012600327900567197,-0.012600327900567197,-0.012600327900567197
2024-09-19,0.02382582827395632,0.022157974539953353,0.020490120805950387,0.02382582827395632,0.02382582827395632,0.02382582827395632,0.02382582827395632,0.02382582827395632,0.02382582827395632,0.02382582827395632,0.02382582827395632
2024-09-20,0.0049397069646089625,0.004770655592494652,0.004601604220380342,0.0049397069646089625,0.0049397069646089625,0.0049397069646089625,0.0049397069646089625,0.0049397069646089625,0.004770655592494652,0.004601604220380342,0.004263501476151722
2024-09-23,0.0009603308035394385,0.00106738015699355,0.0011744295104476614,0.0009603308035394385,0.0009603308035394385,0.0009603308035394385,0.0009603308035394385,0.0009603308035394385,0.0009603308035394385,0.0009603308035394385,0.0009603308035394385
2024-09-24,0.00960317265713589,0.009633728842648025,0.009664285028160162,0.00960317265713589,0.00960317265713589,0.00960317265713589,0.00960317265713589,0.00960317265713589,0.00960317265713589,0.00960317265713589,0.00960317265713589
2024-09-25,-0.008595605489043059,-0.008126489614345948,-0.0076573737396488355,-0.008595605489043059,-0.008595605489043059,-0.008595605489043059,-0.008595605489043059,-0.008595605489043059,-0.008595605489043059,-0.008595605489043059,-0.008595605489043059
2024-09-26,0.004773034425102893,0.004818826344834052,0.004864618264565211,0.004773034425102893,0.004773034425102893,0.004773034425102893,0.004773034425102893,0.004773034425102893,0.004773034425102893,0.004773034425102893,0.004773034425102893
2024-09-27,-0.006052555995438084,-0.0042599632595181096,-0.0024673705235981353,-0.006052555995438084,-0.006052555995438084,-0.006052555995438084,-0.006052555995438084,-0.006052555995438084,-0.0042599632595181096,-0.0024673705235981353,0.0011178149482418125
2024-09-30,-0.0036706989632627673,-0.004320071110369365,-0.004969443257475961,-0.0036706989632627673,-0.0036706989632627673,-0.0036706989632627673,-0.0036706989632627673,-0.0036706989632627673,-0.0036706989632627673,-0.0036706989632627673,-0.0036706989632627673
2024-10-01,-0.01096473551222053,-0.007595894901197606,-0.004227054290174683,-0.01096473551222053,-0.01096473551222053,-0.01096473551222053,-0.01096473551222053,-0.01096473551222053,-0.01096473551222053,-0.01096473551222053,-0.01096473551222053
2024-10-02,0.001561292568357076,0.0009226322118995903,0.00028397185544210495,0.001561292568357076,0.001561292568357076,0.001561292568357076,0.001561292568357076,0.001561292568357076,0.001561292568357076,0.001561292568357076,0.001561292568357076
2024-10-03,-0.011134462750193416,-0.009115190962114245,-0.0070959191740350746,-0.011134462750193416,-0.011134462750193416,-0.011134462750193416,-0.011134462750193416,-0.011134462750193416,-0.011134462750193416,-0.011134462750193416,-0.011134462750193416
2024-10-04,0.010529190379575708,0.008827516666943432,0.007125842954311157,0.010529190379575708,0.010529190379575708,0.010529190379575708,0.010529190379575708,0.010529190379575708,0.010529190379575708,0.010529190379575708,0.010529190379575708
2024-10-07,-0.02318232417525579,-0.019424472082953514,-0.015666619990651234,-0.02318232417525579,-0.02318232417525579,-0.02318232417525579,-0.02318232417525579,-0.02318232417525579,-0.019424472082953514,-0.015666619990651234,-0.008150915806046677
2024-10-08,0.007335658092402406,0.005775068296017279,0.004214478499632153,0.007335658092402406,0.007335658092402406,0.007335658092402406,0.007335658092402406,0.007335658092402406,0.007335658092402406,0.007335658092402406,0.007335658092402406
2024-10-09,-0.0037858666979390327,-0.0037858666979390327,-0.0037858666979390327,-0.0037858666979390327,-0.0037858666979390327,-0.0037858666979390327,-0.0037858666979390327,-0.0037858666979390327,-0.0037858666979390327,-0.0037858666979390327,-0.0037858666979390327
2024-10-10,-0.0009518059809863959,-0.0004928686310633613,-3.393128114032658e-05,-0.0009518059809863959,-0.0009518059809863959,-0.0009518059809863959,-0.0009518059809863959,-0.0009518059809863959,-0.0009518059809863959,-0.0009518059809863959,-0.0009518059809863959
2024-10-11,0.009755722963158454,0.009359710389536938,0.008963697815915422,0.009755722963158454,0.009755722963158454,0.009755722963158454,0.009755722963158454,0.009755722963158454,0.009755722963158454,0.009755722963158454,0.009755722963158454
2024-10-14,0.00884329989977077,0.007509865763481005,0.0061764316271912395,0.00884329989977077,0.00884329989977077,0.00884329989977077,0.00884329989977077,0.00884329989977077,0.00884329989977077,0.00884329989977077,0.00884329989977077
2024-10-15,0.0011604561667310723,0.002373352077743972,0.0035862479887568714,0.0011604561667310723,0.0011604561667310723,0.0011604561667310723,0.0011604561667310723,0.0011604561667310723,0.0011604561667310723,0.0011604561667310723,0.0011604561667310723
2024-10-16,0.009965348003509858,0.009545986070070232,0.009126624136630608,0.009965348003509858,0.009965348003509858,0.009965348003509858,0.009965348003509858,0.009965348003509858,0.009965348003509858,0.009965348003509858,0.009965348003509858
2024-10-17,-0.004074786719335106,-0.004628418827299535,-0.005182050935263963,-0.004074786719335106,-0.004074786719335106,-0.004074786719335106,-0.004074786719335106,-0.004074786719335106,-0.004074786719335106,-0.004074786719335106,-0.004074786719335106
2024-10-18,0.012444537881286752,0.011564367202550628,0.010684196523814504,0.012444537881286752,0.012444537881286752,0.012444537881286752,0.012444537881286752,0.012444537881286752,0.012444537881286752,0.012444537881286752,0.012444537881286752
2024-10-21,-0.014046018820749028,-0.014046018820749028,-0.014046018820749028,-0.014046018820749028,-0.014046018820749028,-0.014046018820749028,-0.014046018820749028,-0.014046018820749028,-0.014046018820749028,-0.014046018820749028,-0.014046018820749028
2024-10-22,0.006958041589574983,0.006821701277894489,0.006685360966213994,0.006821701277894489,0.006685360966213994,0.006958041589574983,0.006958041589574983,0.006958041589574983,0.006958041589574983,0.006958041589574983,0.006958041589574983
2024-10-23,-0.009333839397867109,-0.009333839397867109,-0.009333839397867109,-0.009333839397867109,-0.009333839397867109,-0.009333839397867109,-0.009333839397867109,-0.009333839397867109,-0.009333839397867109,-0.009333839397867109,-0.009333839397867109
2024-10-24,0.012865969008446377,0.012130008128920093,0.01139404724939381,0.012130008128920093,0.01139404724939381,0.012865969008446377,0.012865969008446377,0.012865969008446377,0.012865969008446377,0.012865969008446377,0.012865969008446377
2024-10-25,-0.011182900224349162,-0.009480552147826575,-0.007778204071303986,-0.009480552147826575,-0.007778204071303986,-0.011182900224349162,-0.011182900224349162,-0.011182900224349162,-0.009480552147826575,-0.007778204071303986,-0.00437350791825881
2024-10-28,-0.004131515849704813,-0.004131515849704813,-0.004131515849704813,-0.004131515849704813,-0.004131515849704813,-0.004131515849704813,-0.004131515849704813,-0.004131515849704813,-0.004131515849704813,-0.004131515849704813,-0.004131515849704813
2024-10-29,0.00772946760131659,0.007581834681020958,0.007434201760725328,0.007581834681020958,0.007434201760725328,0.00772946760131659,0.00772946760131659,0.00772946760131659,0.00772946760131659,0.00772946760131659,0.00772946760131659
2024-10-30,0.0035796075581389177,0.0042876935452050985,0.00499577953227128,0.0042876935452050985,0.00499577953227128,0.0035796075581389177,0.0035796075581389177,0.0035796075581389177,0.0035796075581389177,0.0035796075581389177,0.0035796075581389177
2024-10-31,-0.004305214676209817,-0.004305214676209817,-0.004305214676209817,-0.004305214676209817,-0.004305214676209817,-0.004305214676209817,-0.004305214676209817,-0.004305214676209817,-0.004305214676209817,-0.004305214676209817,-0.004305214676209817
2024-11-01,0.0025826563857762616,0.0020389826113927615,0.0014953088370092608,0.0020389826113927615,0.0014953088370092608,0.0020389826113927615,0.0014953088370092608,0.00040796128824226033,0.0025826563857762616,0.0025826563857762616,0.0025826563857762616
2024-11-04,0.0025086356031479747,0.0025086356031479747,0.0025086356031479747,0.0025086356031479747,0.0025086356031479747,0.0025086356031479747,0.0025086356031479747,0.0025086356031479747,0.0025086356031479747,0.0025086356031479747,0.0025086356031479747
2024-11-05,0.022754688654288358,0.021066871547906672,0.01937905444152499,0.021066871547906672,0.01937905444152499,0.022754688654288358,0.022754688654288358,0.022754688654288358,0.022754688654288358,0.022754688654288358,0.022754688654288358
2024-11-06,0.00589075174321646,0.00589075174321646,0.00589075174321646,0.00589075174321646,0.00589075174321646,0.00589075174321646,0.00589075174321646,0.00589075174321646,0.00589075174321646,0.00589075174321646,0.00589075174321646
2024-11-07,0.01945790316510978,0.01945790316510978,0.01945790316510978,0.01945790316510978,0.01945790316510978,0.01945790316510978,0.01945790316510978,0.01945790316510978,0.01945790316510978,0.01945790316510978,0.01945790316510978
2024-11-08,0.007018875219579723,0.006910773200306148,0.0068026711810325715,0.007018875219579723,0.007018875219579723,0.007018875219579723,0.007018875219579723,0.007018875219579723,0.007018875219579723,0.007018875219579723,0.007018875219579723
2024-11-11,-0.012807071826132926,-0.01289782649300003,-0.012988581159867138,-0.012807071826132926,-0.012807071826132926,-0.012807071826132926,-0.012807071826132926,-0.012807071826132926,-0.012807071826132926,-0.012807071826132926,-0.012807071826132926
2024-11-12,-0.014772630199816629,-0.014812029648616073,-0.014851429097415518,-0.014772630199816629,-0.014772630199816629,-0.014772630199816629,-0.014772630199816629,-0.014772630199816629,-0.014772630199816629,-0.014772630199816629,-0.014772630199816629
2024-11-13,-0.007442307169831365,-0.008255441427105697,-0.009068575684380027,-0.007442307169831365,-0.007442307169831365,-0.007442307169831365,-0.007442307169831365,-0.007442307169831365,-0.007442307169831365,-0.007442307169831365,-0.007442307169831365
2024-11-14,-0.0023005134540009116,-0.0023005134540009116,-0.0023005134540009116,-0.0023005134540009116,-0.0023005134540009116,-0.0023005134540009116,-0.0023005134540009116,-0.0023005134540009116,-0.0023005134540009116,-0.0023005134540009116,-0.0023005134540009116
2024-11-15,-0.019680866264338685,-0.01715020065027135,-0.014619535036204015,-0.019680866264338685,-0.019680866264338685,-0.019680866264338685,-0.019680866264338685,-0.019680866264338685,-0.01715020065027135,-0.014619535036204015,-0.009558203808069347
2024-11-18,0.018707254402798613,0.01732040019235907,0.015933545981919525,0.018707254402798613,0.018707254402798613,0.018707254402798613,0.018707254402798613,0.018707254402798613,0.018707254402798613,0.018707254402798613,0.018707254402798613
2024-11-19,0.005063400531254244,0.006316954352992272,0.0075705081747303015,0.005063400531254244,0.005063400531254244,0.005063400531254244,0.005063400531254244,0.005063400531254244,0.006316954352992272,0.0075705081747303015,0.010077615818206358
2024-11-20,-0.0031586447607253676,-0.002005284378025986,-0.0008519239953266044,-0.0031586447607253676,-0.0031586447607253676,-0.0031586447607253676,-0.0031586447607253676,-0.0031586447607253676,-0.0031586447607253676,-0.0031586447607253676,-0.0031586447607253676
2024-11-21,0.00910654412894266,0.008797109889567795,0.008487675650192929,0.00910654412894266,0.00910654412894266,0.00910654412894266,0.00910654412894266,0.00910654412894266,0.00910654412894266,0.00910654412894266,0.00910654412894266
2024-11-22,0.015093967649382926,0.013774074717046624,0.012454181784710326,0.015093967649382926,0.015093967649382926,0.015093967649382926,0.015093967649382926,0.015093967649382926,0.015093967649382926,0.015093967649382926,0.015093967649382926
2024-11-25,0.007163794245371229,0.005561233128723912,0.0039586720120765966,0.007163794245371229,0.007163794245371229,0.007163794245371229,0.007163794245371229,0.007163794245371229,0.007163794245371229,0.007163794245371229,0.007163794245371229
2024-11-26,0.0013206001984945137,0.0008013787978181547,0.00028215739714179536,0.0013206001984945137,0.0013206001984945137,0.0013206001984945137,0.0013206001984945137,0.0013206001984945137,0.0013206001984945137,0.0013206001984945137,0.0013206001984945137
2024-11-27,0.007756942387554562,0.007469659769861301,0.007182377152168038,0.007756942387554562,0.007756942387554562,0.007756942387554562,0.007756942387554562,0.007756942387554562,0.007756942387554562,0.007756942387554562,0.007756942387554562
2024-11-29,0.016096274115686177,0.015853658689690787,0.015611043263695392,0.016096274115686177,0.016096274115686177,0.016096274115686177,0.016096274115686177,0.016096274115686177,0.016096274115686177,0.016096274115686177,0.016096274115686177
2024-12-02,0.0009883075789210356,0.0004391317832760527,-0.00011004401236892978,0.0009883075789210356,0.0009883075789210356,0.0009883075789210356,0.0009883075789210356,0.0009883075789210356,0.0009883075789210356,0.0009883075789210356,0.0009883075789210356
2024-12-03,-0.00046209347560807106,-0.0006767761796213618,-0.0008914588836346523,-0.00046209347560807106,-0.00046209347560807106,-0.00046209347560807106,-0.00046209347560807106,-0.00046209347560807106,-0.00046209347560807106,-0.00046209347560807106,-0.00046209347560807106
2024-12-04,0.00999637913389041,0.00999637913389041,0.00999637913389041,0.00999637913389041,0.00999637913389041,0.00999637913389041,0.00999637913389041,0.00999637913389041,0.00999637913389041,0.00999637913389041,0.00999637913389041
2024-12-05,-0.005946067519735301,-0.005946067519735301,-0.005946067519735301,-0.005946067519735301,-0.005946067519735301,-0.005946067519735301,-0.005946067519735301,-0.005946067519735301,-0.005946067519735301,-0.005946067519735301,-0.005946067519735301
2024-12-06,0.005643171438737297,0.005643171438737297,0.005643171438737297,0.005643171438737297,0.005643171438737297,0.005643171438737297,0.005643171438737297,0.005643171438737297,0.005643171438737297,0.005643171438737297,0.005643171438737297
2024-12-09,-0.00919841002802731,-0.00919841002802731,-0.00919841002802731,-0.00919841002802731,-0.00919841002802731,-0.00919841002802731,-0.00919841002802731,-0.00919841002802731,-0.00919841002802731,-0.00919841002802731,-0.00919841002802731
2024-12-10,0.001450430604995829,0.001450430604995829,0.001450430604995829,0.001450430604995829,0.001450430604995829,0.001450430604995829,0.001450430604995829,0.001450430604995829,0.001450430604995829,0.001450430604995829,0.001450430604995829
2024-12-11,0.006227663986289711,0.006227663986289711,0.006227663986289711,0.006227663986289711,0.006227663986289711,0.006227663986289711,0.006227663986289711,0.006227663986289711,0.006227663986289711,0.006227663986289711,0.006227663986289711
2024-12-12,-0.018330315484178843,-0.018330315484178843,-0.018330315484178843,-0.018330315484178843,-0.018330315484178843,-0.018330315484178843,-0.018330315484178843,-0.018330315484178843,-0.018330315484178843,-0.018330315484178843,-0.018330315484178843
2024-12-13,-0.011776216643259294,-0.011776216643259294,-0.011776216643259294,-0.011776216643259294,-0.011776216643259294,-0.011776216643259294,-0.011776216643259294,-0.011776216643259294,-0.011776216643259294,-0.011776216643259294,-0.011776216643259294
2024-12-16,0.0029113655811081845,0.0029113655811081845,0.0029113655811081845,0.0029113655811081845,0.0029113655811081845,0.0029113655811081845,0.0029113655811081845,0.0029113655811081845,0.003602493667403242,0.0042936217536983,0.005675877926288415
2024-12-17,-0.007308748765810901,-0.007308748765810901,-0.007308748765810901,-0.007308748765810901,-0.007308748765810901,-0.007308748765810901,-0.007308748765810901,-0.007308748765810901,-0.0064980172354543835,-0.005687285705097867,-0.004065822644384832
2024-12-18,-0.06275651913367264,-0.06275651913367264,-0.06275651913367264,-0.06275651913367264,-0.06275651913367264,-0.06275651913367264,-0.06275651913367264,-0.06275651913367264,-0.06275651913367264,-0.06275651913367264,-0.06275651913367264
2024-12-19,-0.02118497722639752,-0.02118497722639752,-0.02118497722639752,-0.02118497722639752,-0.02118497722639752,-0.02118497722639752,-0.02118497722639752,-0.02118497722639752,-0.02118497722639752,-0.02118497722639752,-0.02118497722639752
2024-12-20,-0.007012133634145143,-0.007012133634145143,-0.007012133634145143,-0.007012133634145143,-0.007012133634145143,-0.007012133634145143,-0.007012133634145143,-0.007012133634145143,-0.007012133634145143,-0.007012133634145143,-0.007012133634145143
2024-12-23,0.006306028068616214,0.0036514173242236355,0.0009968065798310582,0.006306028068616214,0.006306028068616214,0.006306028068616214,0.006306028068616214,0.006306028068616214,0.006306028068616214,0.006306028068616214,0.006306028068616214
2024-12-24,0.02060542023386397,0.0189082703894226,0.01721112054498123,0.02060542023386397,0.02060542023386397,0.02060542023386397,0.02060542023386397,0.02060542023386397,0.02060542023386397,0.02060542023386397,0.02060542023386397
2024-12-26,0.0030158579552804618,0.003089763972708718,0.0031636699901369737,0.0030158579552804618,0.0030158579552804618,0.0030158579552804618,0.0030158579552804618,0.0030158579552804618,0.0030158579552804618,0.0030158579552804618,0.0030158579552804618
2024-12-27,-0.02298057627910158,-0.021707833073994084,-0.020435089868886588,-0.02298057627910158,-0.02298057627910158,-0.02298057627910158,-0.02298057627910158,-0.02298057627910158,-0.02298057627910158,-0.02298057627910158,-0.02298057627910158
2024-12-30,-0.003485618114264834,-0.0029276238475229536,-0.002369629580781073,-0.003485618114264834,-0.003485618114264834,-0.003485618114264834,-0.003485618114264834,-0.003485618114264834,-0.003485618114264834,-0.003485618114264834,-0.003485618114264834
2024-12-31,-0.00618775815854225,-0.006086784285226906,-0.0059858104119115615,-0.00618775815854225,-0.00618775815854225,-0.00618775815854225,-0.00618775815854225,-0.00618775815854225,-0.006086784285226906,-0.0059858104119115615,-0.005783862665280874
2025-01-02,0.002133760140122269,0.0029390813274702003,0.003744402514818132,0.002133760140122269,0.002133760140122269,0.002133760140122269,0.002133760140122269,0.002133760140122269,0.002133760140122269,0.002133760140122269,0.002133760140122269
2025-01-03,0.017716992191732582,0.0157009268023888,0.013684861413045023,0.017716992191732582,0.017716992191732582,0.017716992191732582,0.017716992191732582,0.017716992191732582,0.017716992191732582,0.017716992191732582,0.017716992191732582
2025-01-06,0.00603985345219266,0.0057627949089196695,0.005485736365646679,0.00603985345219266,0.00603985345219266,0.00603985345219266,0.00603985345219266,0.00603985345219266,0.00603985345219266,0.00603985345219266,0.00603985345219266
2025-01-07,-0.017990583487643468,-0.01600773807180794,-0.014024892655972407,-0.017990583487643468,-0.017990583487643468,-0.017990583487643468,-0.017990583487643468,-0.017990583487643468,-0.017990583487643468,-0.017990583487643468,-0.017990583487643468
2025-01-08,0.0037456734866305364,0.0037596955108602976,0.003773717535090059,0.0037456734866305364,0.0037456734866305364,0.0037456734866305364,0.0037456734866305364,0.0037456734866305364,0.0037456734866305364,0.0037456734866305364,0.0037456734866305364
2025-01-10,-0.019497151900819736,-0.017623081856499367,-0.015749011812178998,-0.019497151900819736,-0.019497151900819736,-0.019497151900819736,-0.019497151900819736,-0.019497151900819736,-0.019497151900819736,-0.019497151900819736,-0.019497151900819736
2025-01-13,-0.0015688713178791894,-0.0022440396993133652,-0.002919208080747541,-0.0015688713178791894,-0.0015688713178791894,-0.0015688713178791894,-0.0015688713178791894,-0.0015688713178791894,-0.0015688713178791894,-0.0015688713178791894,-0.0015688713178791894
2025-01-14,0.0062174897359620444,0.005453056616275303,0.004688623496588561,0.0062174897359620444,0.0062174897359620444,0.0062174897359620444,0.0062174897359620444,0.0062174897359620444,0.0062174897359620444,0.0062174897359620444,0.0062174897359620444
2025-01-15,0.03742068306640546,0.03444028373756289,0.03145988440872032,0.03742068306640546,0.03742068306640546,0.03742068306640546,0.03742068306640546,0.03742068306640546,0.03742068306640546,0.03742068306640546,0.03742068306640546
2025-01-16,0.004662830004339523,0.0046909956287001274,0.004719161253060732,0.004662830004339523,0.004662830004339523,0.004662830004339523,0.004662830004339523,0.004662830004339523,0.004662830004339523,0.004662830004339523,0.004662830004339523
2025-01-17,0.003208469064109493,0.0034327482831225027,0.0036570275021355118,0.0034327482831225027,0.0036570275021355118,0.003208469064109493,0.003208469064109493,0.003208469064109493,0.003208469064109493,0.003208469064109493,0.003208469064109493
2025-01-21,0.025033381053988227,0.02349639280253048,0.021959404551072738,0.02349639280253048,0.021959404551072738,0.025033381053988227,0.025033381053988227,0.025033381053988227,0.025033381053988227,0.025033381053988227,0.025033381053988227
2025-01-22,0.0004726311801017428,0.001004255035789038,0.0015358788914763331,0.0004726311801017428,0.0004726311801017428,0.0004726311801017428,0.0004726311801017428,0.0004726311801017428,0.0004726311801017428,0.0004726311801017428,0.0004726311801017428
2025-01-23,0.0006105371201674031,2.4664642420403745e-05,-0.0005612078353265952,2.4664642420403745e-05,-0.0005612078353265952,0.0006105371201674031,0.0006105371201674031,0.0006105371201674031,0.0006105371201674031,0.0006105371201674031,0.0006105371201674031
2025-01-24,0.004285414162516012,0.004135631255768069,0.0039858483490201255,0.004135631255768069,0.0039858483490201255,0.004285414162516012,0.004285414162516012,0.004285414162516012,0.004285414162516012,0.004285414162516012,0.004285414162516012
2025-01-27,-0.016945968887071488,-0.0145189930918905,-0.012092017296709515,-0.0145189930918905,-0.012092017296709515,-0.016945968887071488,-0.016945968887071488,-0.016945968887071488,-0.016945968887071488,-0.016945968887071488,-0.016945968887071488
2025-01-28,0.011308040835156739,0.009921613004693554,0.008535185174230367,0.009921613004693554,0.008535185174230367,0.011308040835156739,0.011308040835156739,0.011308040835156739,0.011308040835156739,0.011308040835156739,0.011308040835156739
2025-01-29,-0.0032620494398537623,-0.0034905369982898295,-0.003719024556725897,-0.0034905369982898295,-0.003719024556725897,-0.0032620494398537623,-0.0032620494398537623,-0.0032620494398537623,-0.0032620494398537623,-0.0032620494398537623,-0.0032620494398537623
2025-01-30,0.01239837250705489,0.012236704165053795,0.012075035823052697,0.012236704165053795,0.012075035823052697,0.01239837250705489,0.01239837250705489,0.01239837250705489,0.01239837250705489,0.01239837250705489,0.01239837250705489
2025-01-31,-0.011170267312501212,-0.010293733469013749,-0.009417199625526286,-0.010293733469013749,-0.009417199625526286,-0.011170267312501212,-0.011170267312501212,-0.011170267312501212,-0.010293733469013749,-0.009417199625526286,-0.007664131938551362
2025-02-03,-0.008185103545496444,-0.0073572663087479034,-0.006529429071999364,-0.0073572663087479034,-0.006529429071999364,-0.008185103545496444,-0.008185103545496444,-0.008185103545496444,-0.008185103545496444,-0.008185103545496444,-0.008185103545496444
2025-02-04,0.01797415050165764,0.016875901699455367,0.015777652897253098,0.016875901699455367,0.015777652897253098,0.01797415050165764,0.01797415050165764,0.01797415050165764,0.01797415050165764,0.01797415050165764,0.01797415050165764
2025-02-05,0.010257600482204544,0.010257600482204544,0.010257600482204544,0.010257600482204544,0.010257600482204544,0.010257600482204544,0.010257600482204544,0.010257600482204544,0.010257600482204544,0.010257600482204544,0.010257600482204544
2025-02-06,0.002320169281364733,0.002046580641883427,0.0017729920024021205,0.002046580641883427,0.0017729920024021205,0.002320169281364733,0.002320169281364733,0.002320169281364733,0.002320169281364733,0.002320169281364733,0.002320169281364733
2025-02-07,-0.014133381234369252,-0.01297332105257206,-0.01181326087077487,-0.01297332105257206,-0.01181326087077487,-0.01297332105257206,-0.01181326087077487,-0.009493140507180486,-0.014133381234369252,-0.014133381234369252,-0.014133381234369252
2025-02-10,0.013757473566284853,0.013106755939325422,0.01245603831236599,0.013106755939325422,0.01245603831236599,0.013106755939325422,0.01245603831236599,0.011154603058447128,0.013757473566284853,0.013757473566284853,0.013757473566284853
2025-02-11,-0.006366655482272345,-0.00626856696545433,-0.006170478448636315,-0.00626856696545433,-0.006170478448636315,-0.00626856696545433,-0.006170478448636315,-0.0059743014150002854,-0.006366655482272345,-0.006366655482272345,-0.006366655482272345
2025-02-12,-0.00886712902519067,-0.009027544173000153,-0.009187959320809635,-0.009027544173000153,-0.009187959320809635,-0.009027544173000153,-0.009187959320809635,-0.009508789616428598,-0.00886712902519067,-0.00886712902519067,-0.00886712902519067
2025-02-13,0.023311443535671106,0.022800992604465418,0.02229054167325973,0.022800992604465418,0.02229054167325973,0.022800992604465418,0.02229054167325973,0.021269639810848354,0.022800992604465418,0.02229054167325973,0.021269639810848354
2025-02-14,-0.003969163949711932,-0.004115160824360199,-0.0042611576990084655,-0.004115160824360199,-0.0042611576990084655,-0.004115160824360199,-0.0042611576990084655,-0.004553151448305,-0.003969163949711932,-0.003969163949711932,-0.003969163949711932
2025-02-18,0.003917797829133483,0.0037101447141236433,0.003502491599113803,0.0037101447141236433,0.003502491599113803,0.0037101447141236433,0.003502491599113803,0.0030871853690941234,0.003917797829133483,0.003917797829133483,0.003917797829133483
2025-02-19,0.0030873160288658877,0.0027831355186528216,0.0024789550084397555,0.0027831355186528216,0.0024789550084397555,0.0027831355186528216,0.0024789550084397555,0.0018705939880136239,0.0030873160288658877,0.0030873160288658877,0.0030873160288658877
2025-02-20,-0.0012013188576354438,-0.001104280681882671,-0.0010072425061298984,-0.001104280681882671,-0.0010072425061298984,-0.001104280681882671,-0.0010072425061298984,-0.000813166154624353,-0.0012013188576354438,-0.0012013188576354438,-0.0012013188576354438
2025-02-21,-0.013571759614694097,-0.011312908427914933,-0.009054057241135768,-0.011312908427914933,-0.009054057241135768,-0.011312908427914933,-0.009054057241135768,-0.0045363548675774416,-0.013571759614694097,-0.013571759614694097,-0.013571759614694097
2025-02-24,0.000646188685474701,0.0008554833227069535,0.001064777959939206,0.0008554833227069535,0.001064777959939206,0.0008554833227069535,0.001064777959939206,0.001483367234403711,0.000646188685474701,0.000646188685474701,0.000646188685474701
2025-02-25,-0.00010905168363740887,5.089380163618191e-05,0.00021083928690977268,5.089380163618191e-05,0.00021083928690977268,5.089380163618191e-05,0.00021083928690977268,0.0005307302574569543,-0.00010905168363740887,-0.00010905168363740887,-0.00010905168363740887
2025-02-26,0.00412903474058126,0.00412903474058126,0.00412903474058126,0.00412903474058126,0.00412903474058126,0.00412903474058126,0.00412903474058126,0.00412903474058126,0.00412903474058126,0.00412903474058126,0.00412903474058126
2025-02-27,-0.02951297223155769,-0.027953442423248095,-0.026393912614938498,-0.027953442423248095,-0.026393912614938498,-0.02951297223155769,-0.02951297223155769,-0.02951297223155769,-0.02951297223155769,-0.02951297223155769,-0.02951297223155769
2025-02-28,0.019918518089658502,0.019918518089658502,0.019918518089658502,0.019918518089658502,0.019918518089658502,0.019918518089658502,0.019918518089658502,0.019918518089658502,0.019918518089658502,0.019918518089658502,0.019918518089658502
2025-03-03,-0.016267699199566974,-0.012748811052931049,-0.009229922906295124,-0.012748811052931049,-0.009229922906295124,-0.012748811052931049,-0.009229922906295124,-0.0021921466130232735,-0.012748811052931049,-0.009229922906295124,-0.0021921466130232735
2025-03-04,-0.00955605037255014,-0.008657770446386916,-0.007759490520223691,-0.008657770446386916,-0.007759490520223691,-0.008657770446386916,-0.007759490520223691,-0.005962930667897242,-0.00955605037255014,-0.00955605037255014,-0.00955605037255014
2025-03-05,0.0073852406493483454,0.0073852406493483454,0.0073852406493483454,0.0073852406493483454,0.0073852406493483454,0.0073852406493483454,0.0073852406493483454,0.0073852406493483454,0.0073852406493483454,0.0073852406493483454,0.0073852406493483454
2025-03-06,-0.017946426138193743,-0.017946426138193743,-0.017946426138193743,-0.017946426138193743,-0.017946426138193743,-0.017946426138193743,-0.017946426138193743,-0.017946426138193743,-0.017946426138193743,-0.017946426138193743,-0.017946426138193743
2025-03-07,0.002730293184541779,0.002730293184541779,0.002730293184541779,0.002730293184541779,0.002730293184541779,0.002730293184541779,0.002730293184541779,0.002730293184541779,0.002730293184541779,0.002730293184541779,0.002730293184541779
2025-03-10,-0.016268912100068922,-0.016268912100068922,-0.016268912100068922,-0.016268912100068922,-0.016268912100068922,-0.016268912100068922,-0.016268912100068922,-0.016268912100068922,-0.016268912100068922,-0.016268912100068922,-0.016268912100068922
2025-03-11,-0.0010512629341055523,-0.0010512629341055523,-0.0010512629341055523,-0.0010512629341055523,-0.0010512629341055523,-0.0010512629341055523,-0.0010512629341055523,-0.0010512629341055523,-0.0010512629341055523,-0.0010512629341055523,-0.0010512629341055523
2025-03-12,0.008287166437721212,0.006589623302610422,0.004892080167499631,0.006589623302610422,0.004892080167499631,0.008287166437721212,0.008287166437721212,0.008287166437721212,0.008287166437721212,0.008287166437721212,0.008287166437721212
2025-03-13,0.0027799938917621838,0.004368287228370172,0.005956580564978161,0.004368287228370172,0.005956580564978161,0.0027799938917621838,0.0027799938917621838,0.0027799938917621838,0.0027799938917621838,0.0027799938917621838,0.0027799938917621838
2025-03-14,0.009534400625498884,0.009534400625498884,0.009534400625498884,0.009534400625498884,0.009534400625498884,0.009534400625498884,0.009534400625498884,0.009534400625498884,0.009534400625498884,0.009534400625498884,0.009534400625498884
2025-03-17,0.012666681007477828,0.012666681007477828,0.012666681007477828,0.012666681007477828,0.012666681007477828,0.012666681007477828,0.012666681007477828,0.012666681007477828,0.012666681007477828,0.012666681007477828,0.012666681007477828
2025-03-18,-0.0014016638974614216,-0.0004396071577183118,0.0005224495820247987,-0.0014016638974614216,-0.0014016638974614216,-0.0014016638974614216,-0.0014016638974614216,-0.0014016638974614216,-0.0014016638974614216,-0.0014016638974614216,-0.0014016638974614216
2025-03-19,0.01606073215847308,0.01493675719364295,0.013812782228812824,0.01606073215847308,0.01606073215847308,0.01606073215847308,0.01606073215847308,0.01606073215847308,0.01606073215847308,0.01606073215847308,0.01606073215847308
2025-03-20,0.0008532825465642126,0.000249896120792858,-0.0003534903049784968,0.0008532825465642126,0.0008532825465642126,0.0008532825465642126,0.0008532825465642126,0.0008532825465642126,0.0008532825465642126,0.0008532825465642126,0.0008532825465642126
2025-03-21,-0.008321806509120807,-0.00837922289060758,-0.008436639272094353,-0.008321806509120807,-0.008321806509120807,-0.008321806509120807,-0.008321806509120807,-0.008321806509120807,-0.008321806509120807,-0.008321806509120807,-0.008321806509120807
2025-03-24,0.008557248873785419,0.006386066407652212,0.004214883941519006,0.008557248873785419,0.008557248873785419,0.008557248873785419,0.008557248873785419,0.008557248873785419,0.008557248873785419,0.008557248873785419,0.008557248873785419
2025-03-25,0.002675521045123822,0.002869735160734483,0.0030639492763451445,0.002675521045123822,0.002675521045123822,0.002675521045123822,0.002675521045123822,0.002675521045123822,0.002675521045123822,0.002675521045123822,0.002675521045123822
2025-03-26,-0.015748265369558773,-0.014848149229631787,-0.013948033089704801,-0.015748265369558773,-0.015748265369558773,-0.015748265369558773,-0.015748265369558773,-0.015748265369558773,-0.015748265369558773,-0.015748265369558773,-0.015748265369558773
2025-03-27,0.0010097378627143762,0.0011191663460941078,0.0012285948294738392,0.0010097378627143762,0.0010097378627143762,0.0010097378627143762,0.0010097378627143762,0.0010097378627143762,0.0010097378627143762,0.0010097378627143762,0.0010097378627143762
2025-03-28,-0.007388207097646209,-0.005506867386401119,-0.00362552767515603,-0.007388207097646209,-0.007388207097646209,-0.007388207097646209,-0.007388207097646209,-0.007388207097646209,-0.005506867386401119,-0.00362552767515603,0.00013715174733414884
2025-03-31,0.017649511582559466,0.017631630989190697,0.017613750395821928,0.017649511582559466,0.017649511582559466,0.017649511582559466,0.017649511582559466,0.017649511582559466,0.017649511582559466,0.017649511582559466,0.017649511582559466
2025-04-01,0.0019744053351567585,0.0019744053351567585,0.0019744053351567585,0.0019744053351567585,0.0019744053351567585,0.0019744053351567585,0.0019744053351567585,0.0019744053351567585,0.0019744053351567585,0.0019744053351567585,0.0019744053351567585
2025-04-02,0.006211959658867249,0.006211959658867249,0.006211959658867249,0.006211959658867249,0.006211959658867249,0.006211959658867249,0.006211959658867249,0.006211959658867249,0.006211959658867249,0.006211959658867249,0.006211959658867249
2025-04-03,-0.0736980741073701,-0.0736980741073701,-0.0736980741073701,-0.0736980741073701,-0.0736980741073701,-0.0736980741073701,-0.0736980741073701,-0.0736980741073701,-0.0736980741073701,-0.0736980741073701,-0.0736980741073701
2025-04-04,-0.05395264350959368,-0.05395264350959368,-0.05395264350959368,-0.05395264350959368,-0.05395264350959368,-0.05395264350959368,-0.05395264350959368,-0.05395264350959368,-0.05395264350959368,-0.05395264350959368,-0.05395264350959368
2025-04-07,-0.02620312497837142,-0.026128923495555324,-0.026054722012739225,-0.02620312497837142,-0.02620312497837142,-0.02620312497837142,-0.02620312497837142,-0.02620312497837142,-0.02620312497837142,-0.02620312497837142,-0.02620312497837142
2025-04-08,0.001727974847649149,0.001727974847649149,0.001727974847649149,0.001727974847649149,0.001727974847649149,0.001727974847649149,0.001727974847649149,0.001727974847649149,0.001727974847649149,0.001727974847649149,0.001727974847649149
2025-04-09,0.04683408254108553,0.04683408254108553,0.04683408254108553,0.04683408254108553,0.04683408254108553,0.04683408254108553,0.04683408254108553,0.04683408254108553,0.04683408254108553,0.04683408254108553,0.04683408254108553
2025-04-10,0.0065650358413174535,0.0065650358413174535,0.0065650358413174535,0.0065650358413174535,0.0065650358413174535,0.0065650358413174535,0.0065650358413174535,0.0065650358413174535,0.0065650358413174535,0.0065650358413174535,0.0065650358413174535
2025-04-11,0.018880801679013234,0.018880801679013234,0.018880801679013234,0.018880801679013234,0.018880801679013234,0.018880801679013234,0.018880801679013234,0.018880801679013234,0.018880801679013234,0.018880801679013234,0.018880801679013234
2025-04-14,-0.012690641327493469,-0.012690641327493469,-0.012690641327493469,-0.012690641327493469,-0.012690641327493469,-0.012690641327493469,-0.012690641327493469,-0.012690641327493469,-0.012690641327493469,-0.012690641327493469,-0.012690641327493469
2025-04-15,0.004294396738903708,0.004294396738903708,0.004294396738903708,0.004294396738903708,0.004294396738903708,0.004294396738903708,0.004294396738903708,0.004294396738903708,0.004294396738903708,0.004294396738903708,0.004294396738903708
2025-04-16,0.006294651589484416,0.006294651589484416,0.006294651589484416,0.006294651589484416,0.006294651589484416,0.006294651589484416,0.006294651589484416,0.006294651589484416,0.006294651589484416,0.006294651589484416,0.006294651589484416
2025-04-17,-0.004264828845986348,-0.004264828845986348,-0.004264828845986348,-0.004264828845986348,-0.004264828845986348,-0.004264828845986348,-0.004264828845986348,-0.004264828845986348,-0.004264828845986348,-0.004264828845986348,-0.004264828845986348
2025-04-21,-0.009713653651090275,-0.009713653651090275,-0.009713653651090275,-0.009713653651090275,-0.009713653651090275,-0.009713653651090275,-0.009713653651090275,-0.009713653651090275,-0.009713653651090275,-0.009713653651090275,-0.009713653651090275
2025-04-22,0.01264324134398044,0.01264324134398044,0.01264324134398044,0.01264324134398044,0.01264324134398044,0.01264324134398044,0.01264324134398044,0.01264324134398044,0.01264324134398044,0.01264324134398044,0.01264324134398044
2025-04-23,0.004110179561226144,0.004110179561226144,0.004110179561226144,0.004110179561226144,0.004110179561226144,0.004110179561226144,0.004110179561226144,0.004110179561226144,0.004110179561226144,0.004110179561226144,0.004110179561226144
2025-04-24,0.031062872240453423,0.031062872240453423,0.031062872240453423,0.031062872240453423,0.031062872240453423,0.031062872240453423,0.031062872240453423,0.031062872240453423,0.031062872240453423,0.031062872240453423,0.031062872240453423
2025-04-25,0.008105518874750473,0.008105518874750473,0.008105518874750473,0.008105518874750473,0.008105518874750473,0.008105518874750473,0.008105518874750473,0.008105518874750473,0.008105518874750473,0.008105518874750473,0.008105518874750473
2025-04-28,0.012143828782677151,0.012143828782677151,0.012143828782677151,0.012143828782677151,0.012143828782677151,0.012143828782677151,0.012143828782677151,0.012143828782677151,0.012143828782677151,0.012143828782677151,0.012143828782677151
2025-04-29,0.008421419943104271,0.008421419943104271,0.008421419943104271,0.008421419943104271,0.008421419943104271,0.008421419943104271,0.008421419943104271,0.008421419943104271,0.008421419943104271,0.008421419943104271,0.008421419943104271
2025-04-30,-0.01409322128594639,-0.01409322128594639,-0.01409322128594639,-0.01409322128594639,-0.01409322128594639,-0.01409322128594639,-0.01409322128594639,-0.01409322128594639,-0.01409322128594639,-0.01409322128594639,-0.01409322128594639
2025-05-01,-0.006887477157601776,-0.006887477157601776,-0.006887477157601776,-0.006887477157601776,-0.006887477157601776,-0.006887477157601776,-0.006887477157601776,-0.006887477157601776,-0.006887477157601776,-0.006887477157601776,-0.006887477157601776
2025-05-02,0.010710689877377815,0.010710689877377815,0.010710689877377815,0.010710689877377815,0.010710689877377815,0.010710689877377815,0.010710689877377815,0.010710689877377815,0.010710689877377815,0.010710689877377815,0.010710689877377815
2025-05-05,0.007907975634482107,0.007907975634482107,0.007907975634482107,0.007907975634482107,0.007907975634482107,0.007907975634482107,0.007907975634482107,0.007907975634482107,0.007907975634482107,0.007907975634482107,0.007907975634482107
2025-05-06,0.005861179541728633,0.005861179541728633,0.005861179541728633,0.005861179541728633,0.005861179541728633,0.005861179541728633,0.005861179541728633,0.005861179541728633,0.005861179541728633,0.005861179541728633,0.005861179541728633
2025-05-07,-0.0002905017158802855,-0.0002905017158802855,-0.0002905017158802855,-0.0002905017158802855,-0.0002905017158802855,-0.0002905017158802855,-0.0002905017158802855,-0.0002905017158802855,-0.0002905017158802855,-0.0002905017158802855,-0.0002905017158802855
2025-05-08,-0.007133505653515509,-0.007133505653515509,-0.007133505653515509,-0.007133505653515509,-0.007133505653515509,-0.007133505653515509,-0.007133505653515509,-0.007133505653515509,-0.007133505653515509,-0.007133505653515509,-0.007133505653515509
2025-05-09,0.0046254437527780525,0.0046254437527780525,0.0046254437527780525,0.0046254437527780525,0.0046254437527780525,0.0046254437527780525,0.0046254437527780525,0.0046254437527780525,0.0046254437527780525,0.0046254437527780525,0.0046254437527780525
2025-05-12,0.009563945056425835,0.009563945056425835,0.009563945056425835,0.009563945056425835,0.009563945056425835,0.009563945056425835,0.009563945056425835,0.009563945056425835,0.009563945056425835,0.009563945056425835,0.009563945056425835
2025-05-13,0.002386001802186572,0.002386001802186572,0.002386001802186572,0.002386001802186572,0.002386001802186572,0.002386001802186572,0.002386001802186572,0.002386001802186572,0.002386001802186572,0.002386001802186572,0.002386001802186572
2025-05-14,-0.015734112606421984,-0.015734112606421984,-0.015734112606421984,-0.015734112606421984,-0.015734112606421984,-0.015734112606421984,-0.015734112606421984,-0.015734112606421984,-0.015734112606421984,-0.015734112606421984,-0.015734112606421984
2025-05-15,0.015842895011794964,0.015842895011794964,0.015842895011794964,0.015842895011794964,0.015842895011794964,0.015842895011794964,0.015842895011794964,0.015842895011794964,0.015842895011794964,0.015842895011794964,0.015842895011794964
2025-05-16,-0.0009997069572617806,-0.0009997069572617806,-0.0009997069572617806,-0.0009997069572617806,-0.0009997069572617806,-0.0009997069572617806,-0.0009997069572617806,-0.0009997069572617806,-0.0009997069572617806,-0.0009997069572617806,-0.0009997069572617806
2025-05-19,0.0024741934612899866,0.0024741934612899866,0.0024741934612899866,0.0024741934612899866,0.0024741934612899866,0.0024741934612899866,0.0024741934612899866,0.0024741934612899866,0.0024741934612899866,0.0024741934612899866,0.0024741934612899866
2025-05-20,0.003984146737623027,0.003984146737623027,0.003984146737623027,0.003984146737623027,0.003984146737623027,0.003984146737623027,0.003984146737623027,0.003984146737623027,0.003984146737623027,0.003984146737623027,0.003984146737623027
2025-05-21,-0.021453412838456504,-0.021453412838456504,-0.021453412838456504,-0.021453412838456504,-0.021453412838456504,-0.021453412838456504,-0.021453412838456504,-0.021453412838456504,-0.021453412838456504,-0.021453412838456504,-0.021453412838456504
2025-05-22,4.615293298658529e-05,4.615293298658529e-05,4.615293298658529e-05,4.615293298658529e-05,4.615293298658529e-05,4.615293298658529e-05,4.615293298658529e-05,4.615293298658529e-05,4.615293298658529e-05,4.615293298658529e-05,4.615293298658529e-05
2025-05-23,0.0033901887891270234,0.0033901887891270234,0.0033901887891270234,0.0033901887891270234,0.0033901887891270234,0.0033901887891270234,0.0033901887891270234,0.0033901887891270234,0.0033901887891270234,0.0033901887891270234,0.0033901887891270234
2025-05-27,0.01055778627613206,0.01055778627613206,0.01055778627613206,0.01055778627613206,0.01055778627613206,0.01055778627613206,0.01055778627613206,0.01055778627613206,0.01055778627613206,0.01055778627613206,0.01055778627613206
2025-05-28,-0.005871014086163569,-0.005871014086163569,-0.005871014086163569,-0.005871014086163569,-0.005871014086163569,-0.005871014086163569,-0.005871014086163569,-0.005871014086163569,-0.005871014086163569,-0.005871014086163569,-0.005871014086163569
2025-05-29,0.013599783084343304,0.013599783084343304,0.013599783084343304,0.013599783084343304,0.013599783084343304,0.013599783084343304,0.013599783084343304,0.013599783084343304,0.013599783084343304,0.013599783084343304,0.013599783084343304
2025-05-30,-0.0007438181823407819,-0.0007438181823407819,-0.0007438181823407819,-0.0007438181823407819,-0.0007438181823407819,-0.0007438181823407819,-0.0007438181823407819,-0.0007438181823407819,-0.0005649418185371314,-0.0003860654547334809,-2.8312727126179928e-05
2025-06-02,0.015528816215771898,0.015528816215771898,0.015528816215771898,0.015528816215771898,0.015528816215771898,0.015528816215771898,0.015528816215771898,0.015528816215771898,0.015528816215771898,0.015528816215771898,0.015528816215771898
2025-06-03,0.0040763147145416075,0.0040763147145416075,0.0040763147145416075,0.0040763147145416075,0.0040763147145416075,0.0040763147145416075,0.0040763147145416075,0.0040763147145416075,0.0040763147145416075,0.0040763147145416075,0.0040763147145416075
2025-06-04,0.004626902528802158,0.004626902528802158,0.004626902528802158,0.004626902528802158,0.004626902528802158,0.004626902528802158,0.004626902528802158,0.004626902528802158,0.004626902528802158,0.004626902528802158,0.004626902528802158
2025-06-05,-0.00842055785260434,-0.00842055785260434,-0.00842055785260434,-0.00842055785260434,-0.00842055785260434,-0.00842055785260434,-0.00842055785260434,-0.00842055785260434,-0.00842055785260434,-0.00842055785260434,-0.00842055785260434
2025-06-06,0.007121474269609029,0.007121474269609029,0.007121474269609029,0.007121474269609029,0.007121474269609029,0.007121474269609029,0.007121474269609029,0.007121474269609029,0.007121474269609029,0.007121474269609029,0.007121474269609029
2025-06-09,0.003694854732024099,0.003694854732024099,0.003694854732024099,0.003694854732024099,0.003694854732024099,0.003694854732024099,0.003694854732024099,0.003694854732024099,0.003694854732024099,0.003694854732024099,0.003694854732024099
2025-06-10,0.0061766528515184785,0.0061766528515184785,0.0061766528515184785,0.0061766528515184785,0.0061766528515184785,0.0061766528515184785,0.0061766528515184785,0.0061766528515184785,0.0061766528515184785,0.0061766528515184785,0.0061766528515184785
2025-06-11,0.0016885438693404757,0.0016885438693404757,0.0016885438693404757,0.0016885438693404757,0.0016885438693404757,0.0016885438693404757,0.0016885438693404757,0.0016885438693404757,0.0016885438693404757,0.0016885438693404757,0.0016885438693404757
2025-06-12,0.011880988181412457,0.011880988181412457,0.011880988181412457,0.011880988181412457,0.011880988181412457,0.011880988181412457,0.011880988181412457,0.011880988181412457,0.011880988181412457,0.011880988181412457,0.011880988181412457
2025-06-13,-0.014041574386411588,-0.014041574386411588,-0.014041574386411588,-0.014041574386411588,-0.014041574386411588,-0.014041574386411588,-0.014041574386411588,-0.014041574386411588,-0.014041574386411588,-0.014041574386411588,-0.014041574386411588
2025-06-16,-0.0003710287610542949,-0.0003710287610542949,-0.0003710287610542949,-0.0003710287610542949,-0.0003710287610542949,-0.0003710287610542949,-0.0003710287610542949,-0.0003710287610542949,-0.0003710287610542949,-0.0003710287610542949,-0.0003710287610542949
2025-06-17,-0.0023224712478178066,-0.0023224712478178066,-0.0023224712478178066,-0.0023224712478178066,-0.0023224712478178066,-0.0023224712478178066,-0.0023224712478178066,-0.0023224712478178066,-0.0023224712478178066,-0.0023224712478178066,-0.0023224712478178066
2025-06-18,0.001786909894001114,0.001786909894001114,0.001786909894001114,0.001786909894001114,0.001786909894001114,0.001786909894001114,0.001786909894001114,0.001786909894001114,0.001786909894001114,0.001786909894001114,0.001786909894001114
2025-06-20,-0.003743577707418404,-0.003743577707418404,-0.003743577707418404,-0.003743577707418404,-0.003743577707418404,-0.003743577707418404,-0.003743577707418404,-0.003743577707418404,-0.003743577707418404,-0.003743577707418404,-0.003743577707418404
2025-06-23,0.007807954661597301,0.007807954661597301,0.007807954661597301,0.007807954661597301,0.007807954661597301,0.007807954661597301,0.007807954661597301,0.007807954661597301,0.007807954661597301,0.007807954661597301,0.007807954661597301
2025-06-24,0.010056028099446628,0.010056028099446628,0.010056028099446628,0.010056028099446628,0.010056028099446628,0.010056028099446628,0.010056028099446628,0.010056028099446628,0.007899861524171234,0.00574369494889584,0.0014313617983450532
2025-06-25,0.004307050089592113,0.004307050089592113,0.004307050089592113,0.004307050089592113,0.004307050089592113,0.004307050089592113,0.004307050089592113,0.004307050089592113,0.004307050089592113,0.004307050089592113,0.004307050089592113
2025-06-26,0.0005363155534800922,0.0005363155534800922,0.0005363155534800922,0.0005363155534800922,0.0005363155534800922,0.0005363155534800922,0.0005363155534800922,0.0005363155534800922,0.0005363155534800922,0.0005363155534800922,0.0005363155534800922
2025-06-27,-0.014283438633667215,-0.014283438633667215,-0.014283438633667215,-0.014283438633667215,-0.014283438633667215,-0.014283438633667215,-0.014283438633667215,-0.014283438633667215,-0.014283438633667215,-0.014283438633667215,-0.014283438633667215
2025-06-30,0.014286613985900618,0.014286613985900618,0.014286613985900618,0.014286613985900618,0.014286613985900618,0.014286613985900618,0.014286613985900618,0.014286613985900618,0.014286613985900618,0.014286613985900618,0.014286613985900618
2025-07-01,0.0037145735542985585,0.0037145735542985585,0.0037145735542985585,0.0037145735542985585,0.0037145735542985585,0.0037145735542985585,0.0037145735542985585,0.0037145735542985585,0.0037145735542985585,0.0037145735542985585,0.0037145735542985585
2025-07-02,0.0077359356730105555,0.0077359356730105555,0.0077359356730105555,0.0077359356730105555,0.0077359356730105555,0.0077359356730105555,0.0077359356730105555,0.0077359356730105555,0.0077359356730105555,0.0077359356730105555,0.0077359356730105555
2025-07-03,0.006151831972351946,0.006151831972351946,0.006151831972351946,0.006151831972351946,0.006151831972351946,0.006151831972351946,0.006151831972351946,0.006151831972351946,0.006151831972351946,0.006151831972351946,0.006151831972351946
2025-07-07,-0.010066492965021658,-0.010066492965021658,-0.010066492965021658,-0.010066492965021658,-0.010066492965021658,-0.010066492965021658,-0.010066492965021658,-0.010066492965021658,-0.010066492965021658,-0.010066492965021658,-0.010066492965021658
2025-07-08,-0.0014803379574148253,-0.0014803379574148253,-0.0014803379574148253,-0.0014803379574148253,-0.0014803379574148253,-0.0014803379574148253,-0.0014803379574148253,-0.0014803379574148253,-0.0014803379574148253,-0.0014803379574148253,-0.0014803379574148253
2025-07-09,0.016571287495763618,0.016571287495763618,0.016571287495763618,0.016571287495763618,0.016571287495763618,0.016571287495763618,0.016571287495763618,0.016571287495763618,0.016571287495763618,0.016571287495763618,0.016571287495763618
2025-07-10,0.00335705805296012,0.00335705805296012,0.00335705805296012,0.00335705805296012,0.00335705805296012,0.00335705805296012,0.00335705805296012,0.00335705805296012,0.00310270173700494,0.00284834542104976,0.0023396327891394
2025-07-11,-0.008761134142633114,-0.008761134142633114,-0.008761134142633114,-0.008761134142633114,-0.008761134142633114,-0.008761134142633114,-0.008761134142633114,-0.008761134142633114,-0.008761134142633114,-0.008761134142633114,-0.008761134142633114
2025-07-14,-0.003621085252066794,-0.003621085252066794,-0.003621085252066794,-0.003621085252066794,-0.003621085252066794,-0.003621085252066794,-0.003621085252066794,-0.003621085252066794,-0.003621085252066794,-0.003621085252066794,-0.003621085252066794
2025-07-15,-0.008714292252078275,-0.008714292252078275,-0.008714292252078275,-0.008714292252078275,-0.008714292252078275,-0.008714292252078275,-0.008714292252078275,-0.008714292252078275,-0.008714292252078275,-0.008714292252078275,-0.008714292252078275
2025-07-16,0.0042366460394366555,0.0042366460394366555,0.0042366460394366555,0.0042366460394366555,0.0042366460394366555,0.0042366460394366555,0.0042366460394366555,0.0042366460394366555,0.0042366460394366555,0.0042366460394366555,0.0042366460394366555
2025-07-17,0.00294791949702921,0.00294791949702921,0.00294791949702921,0.00294791949702921,0.00294791949702921,0.00294791949702921,0.00294791949702921,0.00294791949702921,0.00283332421509623,0.002718728933163249,0.0024895383692972884
2025-07-18,0.0036847657477480393,0.0036847657477480393,0.0036847657477480393,0.0036847657477480393,0.0036847657477480393,0.0036847657477480393,0.0036847657477480393,0.0036847657477480393,0.0036847657477480393,0.0036847657477480393,0.0036847657477480393
2025-07-21,0.014069407516852248,0.014069407516852248,0.014069407516852248,0.014069407516852248,0.014069407516852248,0.014069407516852248,0.014069407516852248,0.014069407516852248,0.014069407516852248,0.014069407516852248,0.014069407516852248
2025-07-22,0.009284016938197671,0.009284016938197671,0.009284016938197671,0.009284016938197671,0.009284016938197671,0.009284016938197671,0.009284016938197671,0.009284016938197671,0.009284016938197671,0.009284016938197671,0.009284016938197671
2025-07-23,0.0005138518606542577,0.0005138518606542577,0.0005138518606542577,0.0005138518606542577,0.0005138518606542577,0.0005138518606542577,0.0005138518606542577,0.0005138518606542577,0.0005138518606542577,0.0005138518606542577,0.0005138518606542577
2025-07-24,-0.00390752332605337,-0.00390752332605337,-0.00390752332605337,-0.00390752332605337,-0.00390752332605337,-0.00390752332605337,-0.00390752332605337,-0.00390752332605337,-0.00390752332605337,-0.00390752332605337,-0.00390752332605337
2025-07-25,0.0009926528696075681,0.0009926528696075681,0.0009926528696075681,0.0009926528696075681,0.0009926528696075681,0.0009926528696075681,0.0009926528696075681,0.0009926528696075681,0.0009926528696075681,0.0009926528696075681,0.0009926528696075681
2025-07-28,-0.007338428173929858,-0.007338428173929858,-0.007338428173929858,-0.007338428173929858,-0.007338428173929858,-0.007338428173929858,-0.007338428173929858,-0.007338428173929858,-0.007996191306346045,-0.008653954438762233,-0.009969480703594609
2025-07-29,0.021774280198518646,0.021774280198518646,0.021774280198518646,0.021774280198518646,0.021774280198518646,0.021774280198518646,0.021774280198518646,0.021774280198518646,0.021774280198518646,0.021774280198518646,0.021774280198518646
2025-07-30,-0.012047358031505733,-0.012047358031505733,-0.012047358031505733,-0.012047358031505733,-0.012047358031505733,-0.012047358031505733,-0.012047358031505733,-0.012047358031505733,-0.011988276346296022,-0.011929194661086313,-0.011811031290666893
2025-07-31,0.0031489720775633237,0.0031489720775633237,0.0031489720775633237,0.0031489720775633237,0.0031489720775633237,0.0031489720775633237,0.0031489720775633237,0.0031489720775633237,0.0031489720775633237,0.0031489720775633237,0.0031489720775633237
2025-08-01,-0.019941885487729787,-0.019941885487729787,-0.019941885487729787,-0.019941885487729787,-0.019941885487729787,-0.019941885487729787,-0.019941885487729787,-0.019941885487729787,-0.018124262466756025,-0.01630663944578226,-0.01267139340383473
2025-08-04,0.029284204271058135,0.029284204271058135,0.029284204271058135,0.029284204271058135,0.029284204271058135,0.029284204271058135,0.029284204271058135,0.029284204271058135,0.029284204271058135,0.029284204271058135,0.029284204271058135
2025-08-05,-0.005640371176960207,-0.005640371176960207,-0.005640371176960207,-0.005640371176960207,-0.005640371176960207,-0.005640371176960207,-0.005640371176960207,-0.005640371176960207,-0.005640371176960207,-0.005640371176960207,-0.005640371176960207
2025-08-06,0.009176322652223009,0.009176322652223009,0.009176322652223009,0.009176322652223009,0.009176322652223009,0.009176322652223009,0.009176322652223009,0.009176322652223009,0.009176322652223009,0.009176322652223009,0.009176322652223009
2025-08-07,0.0015979822207534424,0.0015979822207534424,0.0015979822207534424,0.0015979822207534424,0.0015979822207534424,0.0015979822207534424,0.0015979822207534424,0.0015979822207534424,0.0015979822207534424,0.0015979822207534424,0.0015979822207534424
2025-08-08,0.006492998232198833,0.006492998232198833,0.006492998232198833,0.006492998232198833,0.006492998232198833,0.006492998232198833,0.006492998232198833,0.006492998232198833,0.006492998232198833,0.006492998232198833,0.006492998232198833
2025-08-11,-0.007582627785573466,-0.007582627785573466,-0.007582627785573466,-0.007582627785573466,-0.007582627785573466,-0.007582627785573466,-0.007582627785573466,-0.007582627785573466,-0.007582627785573466,-0.007582627785573466,-0.007582627785573466
2025-08-12,0.008471334881570852,0.008471334881570852,0.008471334881570852,0.008471334881570852,0.008471334881570852,0.008471334881570852,0.008471334881570852,0.008471334881570852,0.008471334881570852,0.008471334881570852,0.008471334881570852
2025-08-13,0.010631911512477376,0.010631911512477376,0.010631911512477376,0.010631911512477376,0.010631911512477376,0.010631911512477376,0.010631911512477376,0.010631911512477376,0.010631911512477376,0.010631911512477376,0.010631911512477376
2025-08-14,-0.009050781312817786,-0.009050781312817786,-0.009050781312817786,-0.009050781312817786,-0.009050781312817786,-0.009050781312817786,-0.009050781312817786,-0.009050781312817786,-0.009050781312817786,-0.009050781312817786,-0.009050781312817786
2025-08-15,-0.005510336963325671,-0.005510336963325671,-0.005510336963325671,-0.005510336963325671,-0.005510336963325671,-0.005510336963325671,-0.005510336963325671,-0.005510336963325671,-0.005510336963325671,-0.005510336963325671,-0.005510336963325671
2025-08-18,0.00042287701799162934,0.00042287701799162934,0.00042287701799162934,0.00042287701799162934,0.00042287701799162934,0.00042287701799162934,0.00042287701799162934,0.00042287701799162934,-0.00026926090798963737,-0.0009613988339709039,-0.002345674685933437
2025-08-19,-0.004910029793263767,-0.004910029793263767,-0.004910029793263767,-0.004910029793263767,-0.004910029793263767,-0.004910029793263767,-0.004910029793263767,-0.004910029793263767,-0.004910029793263767,-0.004910029793263767,-0.004910029793263767
2025-08-20,0.004794746578664029,0.004794746578664029,0.004794746578664029,0.004794746578664029,0.004794746578664029,0.004794746578664029,0.004794746578664029,0.004794746578664029,0.004794746578664029,0.004794746578664029,0.004794746578664029
2025-08-21,-0.008402706400420309,-0.008402706400420309,-0.008402706400420309,-0.008402706400420309,-0.008402706400420309,-0.008402706400420309,-0.008402706400420309,-0.008402706400420309,-0.008402706400420309,-0.008402706400420309,-0.008402706400420309
2025-08-22,0.028966647005590124,0.028966647005590124,0.028966647005590124,0.028966647005590124,0.028966647005590124,0.028966647005590124,0.028966647005590124,0.028966647005590124,0.028966647005590124,0.028966647005590124,0.028966647005590124
2025-08-25,-0.0054317533994179676,-0.0054317533994179676,-0.0054317533994179676,-0.0054317533994179676,-0.0054317533994179676,-0.0054317533994179676,-0.0054317533994179676,-0.0054317533994179676,-0.005315179940535118,-0.005198606481652268,-0.004965459563886569
2025-08-26,0.006413168114427318,0.006204794576071386,0.005996421037715456,0.006413168114427318,0.006413168114427318,0.006413168114427318,0.006413168114427318,0.006413168114427318,0.006413168114427318,0.006413168114427318,0.006413168114427318
2025-08-27,0.00027672972962664927,0.0003141114013048826,0.00035149307298311595,0.00027672972962664927,0.00027672972962664927,0.00027672972962664927,0.00027672972962664927,0.00027672972962664927,0.0003141114013048826,0.00035149307298311595,0.0004262564163395826
2025-08-28,0.012164474265215542,0.011975037200492285,0.011785600135769028,0.012164474265215542,0.012164474265215542,0.012164474265215542,0.012164474265215542,0.012164474265215542,0.012164474265215542,0.012164474265215542,0.012164474265215542
2025-08-29,-0.007477768181651201,-0.007125906709790846,-0.0067740452379304915,-0.007477768181651201,-0.007477768181651201,-0.007477768181651201,-0.007477768181651201,-0.007477768181651201,-0.007477768181651201,-0.007477768181651201,-0.007477768181651201
2025-09-02,0.0008905741717375359,0.00164622061139808,0.002401867051058624,0.0008905741717375359,0.0008905741717375359,0.0008905741717375359,0.0008905741717375359,0.0008905741717375359,0.0008905741717375359,0.0008905741717375359,0.0008905741717375359
2025-09-03,0.013026895288463161,0.012392717061897174,0.011758538835331185,0.013026895288463161,0.013026895288463161,0.013026895288463161,0.013026895288463161,0.013026895288463161,0.013026895288463161,0.013026895288463161,0.013026895288463161
2025-09-04,0.010893366654730216,0.010217659193227811,0.009541951731725404,0.010893366654730216,0.010893366654730216,0.010893366654730216,0.010893366654730216,0.010893366654730216,0.010893366654730216,0.010893366654730216,0.010893366654730216
2025-09-05,0.0058482852808677014,0.0058482852808677014,0.0058482852808677014,0.0058482852808677014,0.0058482852808677014,0.0058482852808677014,0.0058482852808677014,0.0058482852808677014,0.0058482852808677014,0.0058482852808677014,0.0058482852808677014
2025-09-08,0.012595242950825784,0.012155474075330411,0.011715705199835039,0.012595242950825784,0.012595242950825784,0.012595242950825784,0.012595242950825784,0.012595242950825784,0.012595242950825784,0.012595242950825784,0.012595242950825784
2025-09-09,-0.0019286563151121687,-0.002034052499770992,-0.0021394486844298153,-0.0019286563151121687,-0.0019286563151121687,-0.0019286563151121687,-0.0019286563151121687,-0.0019286563151121687,-0.0019286563151121687,-0.0019286563151121687,-0.0019286563151121687
2025-09-10,0.007036930981712098,0.0069695175332941854,0.006902104084876273,0.007036930981712098,0.007036930981712098,0.007036930981712098,0.007036930981712098,0.007036930981712098,0.007036930981712098,0.007036930981712098,0.007036930981712098
2025-09-11,0.011821285277558975,0.011209240664863892,0.010597196052168807,0.011821285277558975,0.011821285277558975,0.011821285277558975,0.011821285277558975,0.011821285277558975,0.011821285277558975,0.011821285277558975,0.011821285277558975
2025-09-12,-0.0024975183714010325,-0.0025164213085353063,-0.0025353242456695796,-0.0024975183714010325,-0.0024975183714010325,-0.0024975183714010325,-0.0024975183714010325,-0.0024975183714010325,-0.0024975183714010325,-0.0024975183714010325,-0.0024975183714010325
2025-09-15,0.008614951110133596,0.00882340403361657,0.009031856957099543,0.008614951110133596,0.008614951110133596,0.008614951110133596,0.008614951110133596,0.008614951110133596,0.008614951110133596,0.008614951110133596,0.008614951110133596
2025-09-16,-0.00034769536838439707,5.6255330176965476e-05,0.0004602060287383278,-0.00034769536838439707,-0.00034769536838439707,-0.00034769536838439707,-0.00034769536838439707,-0.00034769536838439707,-0.00034769536838439707,-0.00034769536838439707,-0.00034769536838439707
2025-09-17,-0.002146187228815267,-0.0030295493852053705,-0.003912911541595473,-0.002146187228815267,-0.002146187228815267,-0.002146187228815267,-0.002146187228815267,-0.002146187228815267,-0.002146187228815267,-0.002146187228815267,-0.002146187228815267
2025-09-18,-0.003974740600335432,-0.003908816827333929,-0.003842893054332425,-0.003974740600335432,-0.003974740600335432,-0.003974740600335432,-0.003974740600335432,-0.003974740600335432,-0.003974740600335432,-0.003974740600335432,-0.003974740600335432
2025-09-19,0.006535492937814667,0.006488216617417759,0.006440940297020852,0.006535492937814667,0.006535492937814667,0.006535492937814667,0.006535492937814667,0.006535492937814667,0.006488216617417759,0.006440940297020852,0.006346387656227038
2025-09-22,0.007409533846571178,0.007785288666772671,0.008161043486974166,0.007409533846571178,0.007409533846571178,0.007409533846571178,0.007409533846571178,0.007409533846571178,0.007409533846571178,0.007409533846571178,0.007409533846571178
2025-09-23,0.0010474441723527178,0.001364486632683356,0.001681529093013994,0.0010474441723527178,0.0010474441723527178,0.0010474441723527178,0.0010474441723527178,0.0010474441723527178,0.0010474441723527178,0.0010474441723527178,0.0010474441723527178
2025-09-24,-0.0077570009102427276,-0.008168550938630404,-0.008580100967018082,-0.0077570009102427276,-0.0077570009102427276,-0.0077570009102427276,-0.0077570009102427276,-0.0077570009102427276,-0.0077570009102427276,-0.0077570009102427276,-0.0077570009102427276
2025-09-25,0.0004212812253809982,0.0008988921470298733,0.001376503068678748,0.0004212812253809982,0.0004212812253809982,0.0004212812253809982,0.0004212812253809982,0.0004212812253809982,0.0004212812253809982,0.0004212812253809982,0.0004212812253809982
2025-09-26,0.006888287101257864,0.005735529237328074,0.004582771373398285,0.006888287101257864,0.006888287101257864,0.006888287101257864,0.006888287101257864,0.006888287101257864,0.005735529237328074,0.004582771373398285,0.002277255645538704
2025-09-29,0.01304272710070736,0.013314306604022247,0.013585886107337132,0.01304272710070736,0.01304272710070736,0.01304272710070736,0.01304272710070736,0.01304272710070736,0.01304272710070736,0.01304272710070736,0.01304272710070736
2025-09-30,0.003104631061884002,0.003027028096799184,0.002949425131714366,0.003104631061884002,0.003104631061884002,0.003104631061884002,0.003104631061884002,0.003104631061884002,0.003104631061884002,0.003104631061884002,0.003104631061884002
2025-10-01,0.005327686440060491,0.005176574078396602,0.005025461716732713,0.005327686440060491,0.005327686440060491,0.005327686440060491,0.005327686440060491,0.005327686440060491,0.005327686440060491,0.005327686440060491,0.005327686440060491
2025-10-02,-0.001730378889399444,-0.0013141315233166724,-0.000897884157233901,-0.001730378889399444,-0.001730378889399444,-0.001730378889399444,-0.001730378889399444,-0.001730378889399444,-0.001730378889399444,-0.001730378889399444,-0.001730378889399444
2025-10-03,0.006026960153419168,0.005737398431036772,0.005447836708654376,0.006026960153419168,0.006026960153419168,0.006026960153419168,0.006026960153419168,0.006026960153419168,0.006026960153419168,0.006026960153419168,0.006026960153419168
2025-10-06,0.013415556086480337,0.013323451446314203,0.013231346806148068,0.013415556086480337,0.013415556086480337,0.013415556086480337,0.013415556086480337,0.013415556086480337,0.013415556086480337,0.013415556086480337,0.013415556086480337
2025-10-07,-0.002382807024756884,-0.0017352488170281756,-0.0010876906092994675,-0.002382807024756884,-0.002382807024756884,-0.002382807024756884,-0.002382807024756884,-0.002382807024756884,-0.002382807024756884,-0.002382807024756884,-0.002382807024756884
2025-10-08,0.014626192253445768,0.01417854835899903,0.013730904464552291,0.014626192253445768,0.014626192253445768,0.014626192253445768,0.014626192253445768,0.014626192253445768,0.014626192253445768,0.014626192253445768,0.014626192253445768
2025-10-09,-0.011711926625298805,-0.011657903243570614,-0.011603879861842425,-0.011711926625298805,-0.011711926625298805,-0.011711926625298805,-0.011711926625298805,-0.011711926625298805,-0.011711926625298805,-0.011711926625298805,-0.011711926625298805
2025-10-10,-0.01628053922347977,-0.01333781554329179,-0.01039509186310381,-0.01628053922347977,-0.01628053922347977,-0.01628053922347977,-0.01628053922347977,-0.01628053922347977,-0.01628053922347977,-0.01628053922347977,-0.01628053922347977
2025-10-13,0.02901520628222428,0.02734815790245838,0.02568110952269248,0.02901520628222428,0.02901520628222428,0.02901520628222428,0.02901520628222428,0.02901520628222428,0.02734815790245838,0.02568110952269248,0.022347012763160683
2025-10-14,0.001032299256852622,0.002049325944999003,0.003066352633145384,0.001032299256852622,0.001032299256852622,0.001032299256852622,0.001032299256852622,0.001032299256852622,0.001032299256852622,0.001032299256852622,0.001032299256852622
2025-10-15,0.009047403277547581,0.009250753548212403,0.009454103818877225,0.009047403277547581,0.009047403277547581,0.009047403277547581,0.009047403277547581,0.009047403277547581,0.009047403277547581,0.009047403277547581,0.009047403277547581
2025-10-16,0.0012605949379199972,0.0036486895899164127,0.00603678424191283,0.0012605949379199972,0.0012605949379199972,0.0012605949379199972,0.0012605949379199972,0.0012605949379199972,0.0012605949379199972,0.0012605949379199972,0.0012605949379199972
2025-10-17,0.0005456633317740359,-0.0014167508636322907,-0.003379165059038619,0.0005456633317740359,0.0005456633317740359,0.0005456633317740359,0.0005456633317740359,0.0005456633317740359,0.0005456633317740359,0.0005456633317740359,0.0005456633317740359
2025-10-20,0.027180702639488113,0.027180702639488113,0.027180702639488113,0.027180702639488113,0.027180702639488113,0.027180702639488113,0.027180702639488113,0.027180702639488113,0.027180702639488113,0.027180702639488113,0.027180702639488113
2025-10-21,-0.02327522439760454,-0.023409179374752006,-0.023543134351899468,-0.02327522439760454,-0.02327522439760454,-0.02327522439760454,-0.02327522439760454,-0.02327522439760454,-0.02327522439760454,-0.02327522439760454,-0.02327522439760454
2025-10-22,-0.004829990832652316,-0.004447938177898969,-0.004065885523145622,-0.004829990832652316,-0.004829990832652316,-0.004829990832652316,-0.004829990832652316,-0.004829990832652316,-0.004829990832652316,-0.004829990832652316,-0.004829990832652316
2025-10-23,0.00028427928807199954,-0.00047056238264452923,-0.0012254040533610571,0.00028427928807199954,0.00028427928807199954,0.00028427928807199954,0.00028427928807199954,0.00028427928807199954,0.00028427928807199954,0.00028427928807199954,0.00028427928807199954
2025-10-24,0.0035235167417014377,0.003011448321304089,0.002499379900906741,0.0035235167417014377,0.0035235167417014377,0.0035235167417014377,0.0035235167417014377,0.0035235167417014377,0.0035235167417014377,0.0035235167417014377,0.0035235167417014377
2025-10-27,0.0005847697079143817,-5.198997253241162e-05,-0.0006887496529792047,0.0005847697079143817,0.0005847697079143817,0.0005847697079143817,0.0005847697079143817,0.0005847697079143817,0.0005847697079143817,0.0005847697079143817,0.0005847697079143817
2025-10-28,-0.0006015683270123938,-6.09690549941283e-05,0.00047963021702413736,-0.0006015683270123938,-0.0006015683270123938,-0.0006015683270123938,-0.0006015683270123938,-0.0006015683270123938,-0.0006015683270123938,-0.0006015683270123938,-0.0006015683270123938
2025-10-29,-0.012875365855739016,-0.012555382245074973,-0.012235398634410932,-0.012875365855739016,-0.012875365855739016,-0.012875365855739016,-0.012875365855739016,-0.012875365855739016,-0.012875365855739016,-0.012875365855739016,-0.012875365855739016
2025-10-30,-0.006639335139648907,-0.006508128632116813,-0.006376922124584719,-0.006639335139648907,-0.006639335139648907,-0.006639335139648907,-0.006639335139648907,-0.006639335139648907,-0.006639335139648907,-0.006639335139648907,-0.006639335139648907
2025-10-31,-0.0025216532215237702,-0.0025371924513883045,-0.002552731681252839,-0.0025216532215237702,-0.0025216532215237702,-0.0025216532215237702,-0.0025216532215237702,-0.0025216532215237702,-0.0025371924513883045,-0.002552731681252839,-0.0025838101409819073
2025-11-03,0.0023192044221365484,0.0020195702400180775,0.0017199360578996068,0.0023192044221365484,0.0023192044221365484,0.0023192044221365484,0.0023192044221365484,0.0023192044221365484,0.0023192044221365484,0.0023192044221365484,0.0023192044221365484
2025-11-04,-0.02414177492650859,-0.022675541100662184,-0.021209307274815778,-0.02414177492650859,-0.02414177492650859,-0.02414177492650859,-0.02414177492650859,-0.02414177492650859,-0.02414177492650859,-0.02414177492650859,-0.02414177492650859
2025-11-05,0.011319781649087018,0.009977736551030576,0.008635691452974133,0.011319781649087018,0.011319781649087018,0.011319781649087018,0.011319781649087018,0.011319781649087018,0.011319781649087018,0.011319781649087018,0.011319781649087018
2025-11-06,-0.014599659828364295,-0.01307069799041119,-0.011541736152458086,-0.014599659828364295,-0.014599659828364295,-0.014599659828364295,-0.014599659828364295,-0.014599659828364295,-0.014599659828364295,-0.014599659828364295,-0.014599659828364295
2025-11-07,0.0052651489261396015,0.004987029276494272,0.004708909626848942,0.0052651489261396015,0.0052651489261396015,0.0052651489261396015,0.0052651489261396015,0.0052651489261396015,0.0052651489261396015,0.0052651489261396015,0.0052651489261396015
2025-11-10,0.025803078474078093,0.02419212708965843,0.022581175705238765,0.025803078474078093,0.025803078474078093,0.025803078474078093,0.025803078474078093,0.025803078474078093,0.025803078474078093,0.025803078474078093,0.025803078474078093
2025-11-11,0.006786926234372826,0.006721034088796116,0.006655141943219406,0.006786926234372826,0.006786926234372826,0.006786926234372826,0.006786926234372826,0.006786926234372826,0.006786926234372826,0.006786926234372826,0.006786926234372826
2025-11-12,0.0062216761475620275,0.006439835998005451,0.006657995848448875,0.0062216761475620275,0.0062216761475620275,0.0062216761475620275,0.0062216761475620275,0.0062216761475620275,0.0062216761475620275,0.0062216761475620275,0.0062216761475620275
2025-11-13,-0.02794882855316416,-0.026236022260716262,-0.024523215968268366,-0.02794882855316416,-0.02794882855316416,-0.02794882855316416,-0.02794882855316416,-0.02794882855316416,-0.02794882855316416,-0.02794882855316416,-0.02794882855316416
2025-11-14,-0.009919673384014728,-0.010153870385094993,-0.01038806738617526,-0.009919673384014728,-0.009919673384014728,-0.009919673384014728,-0.009919673384014728,-0.009919673384014728,-0.009919673384014728,-0.009919673384014728,-0.009919673384014728
2025-11-17,-0.015078600288002626,-0.013636811733680011,-0.012195023179357396,-0.015078600288002626,-0.015078600288002626,-0.015078600288002626,-0.015078600288002626,-0.015078600288002626,-0.013636811733680011,-0.012195023179357396,-0.009311446070712166
2025-11-18,-0.0062126383970284565,-0.005274852099682275,-0.004337065802336093,-0.0062126383970284565,-0.0062126383970284565,-0.0062126383970284565,-0.0062126383970284565,-0.0062126383970284565,-0.005274852099682275,-0.004337065802336093,-0.002461493207643728
2025-11-19,0.004226265722638443,0.0034782513931729112,0.002730237063707378,0.004226265722638443,0.004226265722638443,0.004226265722638443,0.004226265722638443,0.004226265722638443,0.004226265722638443,0.004226265722638443,0.004226265722638443
2025-11-20,-0.007567749305037655,-0.007567749305037655,-0.007567749305037655,-0.007567749305037655,-0.007567749305037655,-0.007567749305037655,-0.007567749305037655,-0.007567749305037655,-0.007567749305037655,-0.007567749305037655,-0.007567749305037655
2025-11-21,0.016136132153390978,0.014602010585840906,0.013067889018290837,0.016136132153390978,0.016136132153390978,0.016136132153390978,0.016136132153390978,0.016136132153390978,0.016136132153390978,0.016136132153390978,0.016136132153390978
2025-11-24,0.028960913858633835,0.026861979387750628,0.024763044916867424,0.028960913858633835,0.028960913858633835,0.028960913858633835,0.028960913858633835,0.028960913858633835,0.028960913858633835,0.028960913858633835,0.028960913858633835
2025-11-25,0.013578990199585613,0.012919504596999367,0.01226001899441312,0.013578990199585613,0.013578990199585613,0.013578990199585613,0.013578990199585613,0.013578990199585613,0.013578990199585613,0.013578990199585613,0.013578990199585613
2025-11-26,0.013828504557499613,0.01313137910019553,0.012434253642891444,0.013828504557499613,0.013828504557499613,0.013828504557499613,0.013828504557499613,0.013828504557499613,0.013828504557499613,0.013828504557499613,0.013828504557499613
2025-11-28,0.002640151757119476,0.002407070916747185,0.002173990076374894,0.002640151757119476,0.002640151757119476,0.002640151757119476,0.002640151757119476,0.002640151757119476,0.002640151757119476,0.002640151757119476,0.002640151757119476
2025-12-01,-0.00407374580673328,-0.004324592896129538,-0.004575439985525796,-0.00407374580673328,-0.00407374580673328,-0.00407374580673328,-0.00407374580673328,-0.00407374580673328,-0.00407374580673328,-0.00407374580673328,-0.00407374580673328
2025-12-02,0.00029073073951567174,-0.00021301557370801417,-0.0007167618869316999,0.00029073073951567174,0.00029073073951567174,0.00029073073951567174,0.00029073073951567174,0.00029073073951567174,0.00029073073951567174,0.00029073073951567174,0.00029073073951567174
2025-12-03,0.004683815664305613,0.004487971258263202,0.004292126852220791,0.004683815664305613,0.004683815664305613,0.004683815664305613,0.004683815664305613,0.004683815664305613,0.004683815664305613,0.004683815664305613,0.004683815664305613
2025-12-04,0.0011570660937153263,0.0007950506674465206,0.000433035241177715,0.0011570660937153263,0.0011570660937153263,0.0011570660937153263,0.0011570660937153263,0.0011570660937153263,0.0011570660937153263,0.0011570660937153263,0.0011570660937153263
2025-12-05,0.0002969533207096905,-0.00014808918341399467,-0.0005931316875376796,0.0002969533207096905,0.0002969533207096905,0.0002969533207096905,0.0002969533207096905,0.0002969533207096905,0.0002969533207096905,0.0002969533207096905,0.0002969533207096905
2025-12-08,-0.00688569398707372,-0.006530062848873013,-0.006174431710672306,-0.00688569398707372,-0.00688569398707372,-0.00688569398707372,-0.00688569398707372,-0.00688569398707372,-0.00688569398707372,-0.00688569398707372,-0.00688569398707372
2025-12-09,0.001670470736677867,0.0017420901134298618,0.0018137094901818564,0.001670470736677867,0.001670470736677867,0.001670470736677867,0.001670470736677867,0.001670470736677867,0.001670470736677867,0.001670470736677867,0.001670470736677867
2025-12-10,0.013405901832577026,0.012343617036498888,0.011281332240420753,0.013405901832577026,0.013405901832577026,0.013405901832577026,0.013405901832577026,0.013405901832577026,0.012343617036498888,0.011281332240420753,0.00915676264826448
2025-12-11,0.005496307584639494,0.005173774570236605,0.004851241555833716,0.005496307584639494,0.005496307584639494,0.005496307584639494,0.005496307584639494,0.005496307584639494,0.005496307584639494,0.005496307584639494,0.005496307584639494
2025-12-12,-0.012914050399735923,-0.01299424289074012,-0.013074435381744316,-0.012914050399735923,-0.012914050399735923,-0.012914050399735923,-0.012914050399735923,-0.012914050399735923,-0.012914050399735923,-0.012914050399735923,-0.012914050399735923
2025-12-15,-0.0002577237392712474,-0.0002577237392712474,-0.0002577237392712474,-0.0002577237392712474,-0.0002577237392712474,-0.0002577237392712474,-0.0002577237392712474,-0.0002577237392712474,-0.0002577237392712474,-0.0002577237392712474,-0.0002577237392712474
2025-12-16,0.0033402248975802477,0.00329451468898224,0.0032488044803842325,0.0033402248975802477,0.0033402248975802477,0.0033402248975802477,0.0033402248975802477,0.0033402248975802477,0.0033402248975802477,0.0033402248975802477,0.0033402248975802477
2025-12-17,-0.005490468166350854,-0.005201933947744213,-0.004913399729137572,-0.005490468166350854,-0.005490468166350854,-0.005490468166350854,-0.005490468166350854,-0.005490468166350854,-0.005490468166350854,-0.005490468166350854,-0.005490468166350854
2025-12-18,0.010963106899148839,0.010230154092828908,0.009497201286508977,0.010963106899148839,0.010963106899148839,0.010963106899148839,0.010963106899148839,0.010963106899148839,0.010963106899148839,0.010963106899148839,0.010963106899148839
2025-12-19,0.006330785099492834,0.005313764891881996,0.004296744684271157,0.006330785099492834,0.006330785099492834,0.006330785099492834,0.006330785099492834,0.006330785099492834,0.006330785099492834,0.006330785099492834,0.006330785099492834
2025-12-22,0.013118006707284309,0.0122374646135188,0.011356922519753291,0.013118006707284309,0.013118006707284309,0.013118006707284309,0.013118006707284309,0.013118006707284309,0.013118006707284309,0.013118006707284309,0.013118006707284309
2025-12-23,0.0069749544700569415,0.00702923286478626,0.007083511259515577,0.0069749544700569415,0.0069749544700569415,0.0069749544700569415,0.0069749544700569415,0.0069749544700569415,0.0069749544700569415,0.0069749544700569415,0.0069749544700569415
2025-12-24,0.00597494588074705,0.005967245533925632,0.005959545187104215,0.00597494588074705,0.00597494588074705,0.00597494588074705,0.00597494588074705,0.00597494588074705,0.00597494588074705,0.00597494588074705,0.00597494588074705
2025-12-26,-0.0011075756784519651,-0.0011498740338234316,-0.0011921723891948981,-0.0011075756784519651,-0.0011075756784519651,-0.0011075756784519651,-0.0011075756784519651,-0.0011075756784519651,-0.0011075756784519651,-0.0011075756784519651,-0.0011075756784519651
2025-12-29,-0.004100553712990556,-0.0042838321814295975,-0.004467110649868639,-0.004100553712990556,-0.004100553712990556,-0.004100553712990556,-0.004100553712990556,-0.004100553712990556,-0.004100553712990556,-0.004100553712990556,-0.004100553712990556
2025-12-30,-0.002771434351396769,-0.0029305981188133892,-0.0030897618862300085,-0.002771434351396769,-0.002771434351396769,-0.002771434351396769,-0.002771434351396769,-0.002771434351396769,-0.002771434351396769,-0.002771434351396769,-0.002771434351396769
2025-12-31,-0.014683916490216577,-0.014529298075746506,-0.014374679661276434,-0.014683916490216577,-0.014683916490216577,-0.014683916490216577,-0.014683916490216577,-0.014683916490216577,-0.014683916490216577,-0.014683916490216577,-0.014683916490216577
2026-01-02,0.006791000674219593,0.006338000956504069,0.005885001238788547,0.006791000674219593,0.006791000674219593,0.006791000674219593,0.006791000674219593,0.006791000674219593,0.006791000674219593,0.006791000674219593,0.006791000674219593
2026-01-05,0.017385877859928178,0.017518815903274847,0.017651753946621513,0.017385877859928178,0.017385877859928178,0.017385877859928178,0.017385877859928178,0.017385877859928178,0.017518815903274847,0.017651753946621513,0.01791763003331485
2026-01-06,0.013064431161420713,0.012672432276121701,0.012280433390822689,0.013064431161420713,0.013064431161420713,0.013064431161420713,0.013064431161420713,0.013064431161420713,0.013064431161420713,0.013064431161420713,0.013064431161420713
2026-01-07,-0.008077347394840034,-0.0075415792140197556,-0.007005811033199476,-0.008077347394840034,-0.008077347394840034,-0.008077347394840034,-0.008077347394840034,-0.008077347394840034,-0.008077347394840034,-0.008077347394840034,-0.008077347394840034
2026-01-08,0.002481387787934231,0.0021413053022976214,0.0018012228166610117,0.002481387787934231,0.002481387787934231,0.002481387787934231,0.002481387787934231,0.002481387787934231,0.002481387787934231,0.002481387787934231,0.002481387787934231
2026-01-09,0.013357081411218783,0.012984427983360018,0.012611774555501254,0.012984427983360018,0.012611774555501254,0.013357081411218783,0.013357081411218783,0.013357081411218783,0.013357081411218783,0.013357081411218783,0.013357081411218783
2026-01-12,0.0033399135932003533,0.003367127682957633,0.0033943417727149124,0.003367127682957633,0.0033943417727149124,0.0033399135932003533,0.0033399135932003533,0.0033399135932003533,0.0033399135932003533,0.0033399135932003533,0.0033399135932003533
2026-01-13,-0.002912688935020714,-0.0021893956120276224,-0.0014661022890345306,-0.0021893956120276224,-0.0014661022890345306,-0.002912688935020714,-0.002912688935020714,-0.002912688935020714,-0.002912688935020714,-0.002912688935020714,-0.002912688935020714
2026-01-14,0.0031890141937194728,0.003814677046068079,0.004440339898416685,0.003814677046068079,0.004440339898416685,0.0031890141937194728,0.0031890141937194728,0.0031890141937194728,0.0031890141937194728,0.0031890141937194728,0.0031890141937194728
2026-01-15,0.002728316318115715,0.002005216089387046,0.001282115860658377,0.002005216089387046,0.001282115860658377,0.002728316318115715,0.002728316318115715,0.002728316318115715,0.002728316318115715,0.002728316318115715,0.002728316318115715
2026-01-16,-0.0069933667795768015,-0.006921253504529007,-0.006849140229481213,-0.006921253504529007,-0.006849140229481213,-0.0069933667795768015,-0.0069933667795768015,-0.0069933667795768015,-0.0069933667795768015,-0.0069933667795768015,-0.0069933667795768015
2026-01-20,-0.024105403881027263,-0.021137014729366212,-0.018168625577705166,-0.021137014729366212,-0.018168625577705166,-0.024105403881027263,-0.024105403881027263,-0.024105403881027263,-0.024105403881027263,-0.024105403881027263,-0.024105403881027263
2026-01-21,0.02756342273666317,0.025089125862123193,0.022614828987583213,0.025089125862123193,0.022614828987583213,0.02756342273666317,0.02756342273666317,0.02756342273666317,0.025089125862123193,0.022614828987583213,0.01766623523850326
2026-01-22,0.015058821725358239,0.014506628126055033,0.013954434526751828,0.014506628126055033,0.013954434526751828,0.015058821725358239,0.015058821725358239,0.015058821725358239,0.015058821725358239,0.015058821725358239,0.015058821725358239
2026-01-23,0.004552691667962264,0.005025348775451086,0.005498005882939909,0.005025348775451086,0.005498005882939909,0.004552691667962264,0.004552691667962264,0.004552691667962264,0.004552691667962264,0.004552691667962264,0.004552691667962264
2026-01-26,0.011438340385248177,0.011420585102313122,0.011402829819378067,0.011420585102313122,0.011402829819378067,0.011438340385248177,0.011438340385248177,0.011438340385248177,0.011438340385248177,0.011438340385248177,0.011438340385248177
2026-01-27,0.001978491503286603,0.0025308264582759098,0.003083161413265217,0.0025308264582759098,0.003083161413265217,0.001978491503286603,0.001978491503286603,0.001978491503286603,0.001978491503286603,0.001978491503286603,0.001978491503286603
2026-01-28,0.013999722584106514,0.014155509023153164,0.014311295462199811,0.014155509023153164,0.014311295462199811,0.013999722584106514,0.013999722584106514,0.013999722584106514,0.013999722584106514,0.013999722584106514,0.013999722584106514
2026-01-29,0.00012662341480773403,0.00034420517841332187,0.0005617869420189098,0.00034420517841332187,0.0005617869420189098,0.00012662341480773403,0.00012662341480773403,0.00012662341480773403,0.00012662341480773403,0.00012662341480773403,0.00012662341480773403
2026-01-30,-0.03187231665044389,-0.03178988265014155,-0.031707448649839216,-0.03178988265014155,-0.031707448649839216,-0.03187231665044389,-0.03187231665044389,-0.03187231665044389,-0.03187231665044389,-0.03187231665044389,-0.03187231665044389
2026-02-02,-0.003316403802483919,-0.004544943207769167,-0.005773482613054416,-0.004544943207769167,-0.005773482613054416,-0.003316403802483919,-0.003316403802483919,-0.003316403802483919,-0.003316403802483919,-0.003316403802483919,-0.003316403802483919
2026-02-03,0.0032607498963580306,0.004424350062964406,0.005587950229570782,0.004424350062964406,0.005587950229570782,0.0032607498963580306,0.0032607498963580306,0.0032607498963580306,0.004424350062964406,0.005587950229570782,0.007915150562783533
2026-02-04,-0.008137908826648884,-0.00767594730466348,-0.007213985782678077,-0.00767594730466348,-0.007213985782678077,-0.008137908826648884,-0.008137908826648884,-0.008137908826648884,-0.008137908826648884,-0.008137908826648884,-0.008137908826648884
2026-02-05,-0.023577201176391113,-0.02196193440858442,-0.020346667640777725,-0.02196193440858442,-0.020346667640777725,-0.023577201176391113,-0.023577201176391113,-0.023577201176391113,-0.023577201176391113,-0.023577201176391113,-0.023577201176391113
2026-02-06,0.038673537460926145,0.03684673643253238,0.03501993540413863,0.03684673643253238,0.03501993540413863,0.038673537460926145,0.038673537460926145,0.038673537460926145,0.03684673643253238,0.03501993540413863,0.0313663333473511
2026-02-09,0.011445656832231248,0.01074109853690395,0.010036540241576653,0.01074109853690395,0.010036540241576653,0.011445656832231248,0.011445656832231248,0.011445656832231248,0.011445656832231248,0.011445656832231248,0.011445656832231248
2026-02-10,0.004936947796559282,0.005509620197180179,0.0060822925978010756,0.005509620197180179,0.0060822925978010756,0.004936947796559282,0.004936947796559282,0.004936947796559282,0.004936947796559282,0.004936947796559282,0.004936947796559282
2026-02-11,-0.003218560473708679,-0.0032085629467559157,-0.003198565419803152,-0.0032085629467559157,-0.003198565419803152,-0.003218560473708679,-0.003218560473708679,-0.003218560473708679,-0.003218560473708679,-0.003218560473708679,-0.003218560473708679
2026-02-12,-0.011372235204982425,-0.009627048526339286,-0.007881861847696148,-0.009627048526339286,-0.007881861847696148,-0.011372235204982425,-0.011372235204982425,-0.011372235204982425,-0.011372235204982425,-0.011372235204982425,-0.011372235204982425
2026-02-13,0.010256425998890453,0.01060136218323987,0.010946298367589289,0.01060136218323987,0.010946298367589289,0.010256425998890453,0.010256425998890453,0.010256425998890453,0.010256425998890453,0.010256425998890453,0.010256425998890453
2026-02-17,-0.0007711739943104816,-0.0016548862712887418,-0.0025385985482670017,-0.0016548862712887418,-0.0025385985482670017,-0.0007711739943104816,-0.0007711739943104816,-0.0007711739943104816,-0.0007711739943104816,-0.0007711739943104816,-0.0007711739943104816
2026-02-18,0.004012090744987416,0.004022140680201766,0.004032190615416116,0.004022140680201766,0.004032190615416116,0.004012090744987416,0.004012090744987416,0.004012090744987416,0.004012090744987416,0.004012090744987416,0.004012090744987416
2026-02-19,-0.0020397340624467492,-0.0014191280069689003,-0.0007985219514910516,-0.0014191280069689003,-0.0007985219514910516,-0.0020397340624467492,-0.0020397340624467492,-0.0020397340624467492,-0.0020397340624467492,-0.0020397340624467492,-0.0020397340624467492
2026-02-20,0.008004116740126594,0.007382242226019764,0.0067603677119129355,0.007382242226019764,0.0067603677119129355,0.008004116740126594,0.008004116740126594,0.008004116740126594,0.008004116740126594,0.008004116740126594,0.008004116740126594
2026-02-23,-0.0019729458443098935,-0.0007987764099128093,0.0003753930244842746,-0.0007987764099128093,0.0003753930244842746,-0.0019729458443098935,-0.0019729458443098935,-0.0019729458443098935,-0.0019729458443098935,-0.0019729458443098935,-0.0019729458443098935
2026-02-24,0.007944010584293613,0.006956954922645558,0.005969899260997501,0.006956954922645558,0.005969899260997501,0.007944010584293613,0.007944010584293613,0.007944010584293613,0.007944010584293613,0.007944010584293613,0.007944010584293613
2026-02-25,0.010044879919616539,0.009169725824139599,0.008294571728662659,0.009169725824139599,0.008294571728662659,0.010044879919616539,0.010044879919616539,0.010044879919616539,0.010044879919616539,0.010044879919616539,0.010044879919616539
2026-02-26,-0.0007534246664599994,-0.0003951806261203174,-3.69365857806352e-05,-0.0003951806261203174,-3.69365857806352e-05,-0.0007534246664599994,-0.0007534246664599994,-0.0007534246664599994,-0.0007534246664599994,-0.0007534246664599994,-0.0007534246664599994
2026-02-27,0.0009674078528293343,0.0016835418578828338,0.002399675862936333,0.0016835418578828338,0.002399675862936333,0.0009674078528293343,0.0009674078528293343,0.0009674078528293343,0.0009674078528293343,0.0009674078528293343,0.0009674078528293343
2026-03-02,-0.001286827674520854,-0.0007359349644946683,-0.00018504225446848216,-0.0007359349644946683,-0.00018504225446848216,-0.001286827674520854,-0.001286827674520854,-0.001286827674520854,-0.001286827674520854,-0.001286827674520854,-0.001286827674520854
2026-03-03,-0.028147250278733923,-0.026662166551054422,-0.025177082823374924,-0.026662166551054422,-0.025177082823374924,-0.028147250278733923,-0.028147250278733923,-0.028147250278733923,-0.028147250278733923,-0.028147250278733923,-0.028147250278733923
2026-03-04,0.012968982758442557,0.011586420243111333,0.010203857727780109,0.011586420243111333,0.010203857727780109,0.012968982758442557,0.012968982758442557,0.012968982758442557,0.012968982758442557,0.012968982758442557,0.012968982758442557
2026-03-05,-0.011151719208673362,-0.011151719208673362,-0.011151719208673362,-0.011151719208673362,-0.011151719208673362,-0.011151719208673362,-0.011151719208673362,-0.011151719208673362,-0.011151719208673362,-0.011151719208673362,-0.011151719208673362
2026-03-06,-0.030966498469299088,-0.02576726924730304,-0.02056804002530699,-0.02576726924730304,-0.02056804002530699,-0.030966498469299088,-0.030966498469299088,-0.030966498469299088,-0.030966498469299088,-0.030966498469299088,-0.030966498469299088
2026-03-09,0.026208523009163008,0.02318405953841956,0.020159596067676103,0.02318405953841956,0.020159596067676103,0.026208523009163008,0.026208523009163008,0.026208523009163008,0.02318405953841956,0.020159596067676103,0.014110669126189194
2026-03-10,-0.015521583023508298,-0.013986056034026563,-0.01245052904454483,-0.013986056034026563,-0.01245052904454483,-0.015521583023508298,-0.015521583023508298,-0.015521583023508298,-0.015521583023508298,-0.015521583023508298,-0.015521583023508298
2026-03-11,-0.008162655481332848,-0.00952113571985068,-0.010879615958368513,-0.00952113571985068,-0.010879615958368513,-0.008162655481332848,-0.008162655481332848,-0.008162655481332848,-0.008162655481332848,-0.008162655481332848,-0.008162655481332848
2026-03-12,-0.026014603431597512,-0.023858656657249518,-0.02170270988290152,-0.023858656657249518,-0.02170270988290152,-0.026014603431597512,-0.026014603431597512,-0.026014603431597512,-0.026014603431597512,-0.026014603431597512,-0.026014603431597512
2026-03-13,-0.013685190649259596,-0.01313831830852524,-0.012591445967790884,-0.01313831830852524,-0.012591445967790884,-0.01313831830852524,-0.012591445967790884,-0.01149770128632217,-0.01313831830852524,-0.012591445967790884,-0.01149770128632217
2026-03-16,0.02458695050023943,0.02214468518048784,0.019702419860736252,0.02214468518048784,0.019702419860736252,0.02214468518048784,0.019702419860736252,0.014817889221233076,0.02214468518048784,0.019702419860736252,0.014817889221233076
2026-03-17,0.005519798656789593,0.0052749904939166465,0.0050301823310437005,0.0052749904939166465,0.0050301823310437005,0.0052749904939166465,0.0050301823310437005,0.004540566005297809,0.0052749904939166465,0.0050301823310437005,0.004540566005297809
2026-03-18,-0.031746477648784785,-0.029260579118817034,-0.02677468058884928,-0.029260579118817034,-0.02677468058884928,-0.029260579118817034,-0.02677468058884928,-0.021802883528913776,-0.031746477648784785,-0.031746477648784785,-0.031746477648784785
2026-03-19,-0.0013151754773449943,-0.0021753883528077504,-0.003035601228270507,-0.0021753883528077504,-0.003035601228270507,-0.0021753883528077504,-0.003035601228270507,-0.004756026979196019,-0.0013151754773449943,-0.0013151754773449943,-0.0013151754773449943
2026-03-20,-0.04577266495442513,-0.04359942350555149,-0.04142618205667785,-0.04359942350555149,-0.04142618205667785,-0.04359942350555149,-0.04142618205667785,-0.03707969915893058,-0.04359942350555149,-0.04142618205667785,-0.03707969915893058
2026-03-23,0.016530146871847253,0.01503033760171308,0.013530528331578907,0.01503033760171308,0.013530528331578907,0.01503033760171308,0.013530528331578907,0.010530909791310559,0.016530146871847253,0.016530146871847253,0.016530146871847253
2026-03-24,-0.009475844837925589,-0.008795732525779705,-0.00811562021363382,-0.008795732525779705,-0.00811562021363382,-0.008795732525779705,-0.00811562021363382,-0.00675539558934205,-0.008795732525779705,-0.00811562021363382,-0.00675539558934205
2026-03-25,0.02361276258948973,0.022748570209228207,0.02188437782896668,0.022748570209228207,0.02188437782896668,0.022748570209228207,0.02188437782896668,0.02015599306844363,0.02361276258948973,0.02361276258948973,0.02361276258948973
2026-03-26,-0.036874201404464825,-0.03510424312457049,-0.03333428484467616,-0.03510424312457049,-0.03333428484467616,-0.03510424312457049,-0.03333428484467616,-0.02979436828488749,-0.036874201404464825,-0.036874201404464825,-0.036874201404464825
2026-03-27,-0.0216353765291951,-0.02004761441727325,-0.0184598523053514,-0.02004761441727325,-0.0184598523053514,-0.02004761441727325,-0.0184598523053514,-0.0152843280815077,-0.0216353765291951,-0.0216353765291951,-0.0216353765291951
2026-03-30,0.013937786568591633,0.013733768174021766,0.013529749779451901,0.013733768174021766,0.013529749779451901,0.013733768174021766,0.013529749779451901,0.01312171299031217,0.013733768174021766,0.013529749779451901,0.01312171299031217
2026-03-31,0.03502104600714053,0.03306378335093993,0.031106520694739327,0.03306378335093993,0.031106520694739327,0.03306378335093993,0.031106520694739327,0.02719199538233812,0.03502104600714053,0.03502104600714053,0.03502104600714053
2026-04-01,0.014761075123820976,0.014108264690523323,0.013455454257225672,0.014108264690523323,0.013455454257225672,0.014108264690523323,0.013455454257225672,0.012149833390630367,0.014761075123820976,0.014761075123820976,0.014761075123820976
2026-04-02,-0.0003382894807607299,-0.00028353931728804677,-0.00022878915381536363,-0.00028353931728804677,-0.00022878915381536363,-0.00028353931728804677,-0.00022878915381536363,-0.00011928882686999733,-0.0003382894807607299,-0.0003382894807607299,-0.0003382894807607299
2026-04-06,0.007154805816913488,0.006264814585811069,0.005374823354708651,0.006264814585811069,0.005374823354708651,0.006264814585811069,0.005374823354708651,0.0035948408925038145,0.007154805816913488,0.007154805816913488,0.007154805816913488
2026-04-07,-0.002022996288467128,-0.0008130498423668522,0.0003968966037334221,-0.0008130498423668522,0.0003968966037334221,-0.0008130498423668522,0.0003968966037334221,0.002816789495933972,-0.002022996288467128,-0.002022996288467128,-0.002022996288467128
2026-04-08,0.04394525453316959,0.040825710717080244,0.037706166900990906,0.040825710717080244,0.037706166900990906,0.040825710717080244,0.037706166900990906,0.031467079268812224,0.04394525453316959,0.04394525453316959,0.04394525453316959
2026-04-09,0.008216499631371086,0.007109262298295115,0.006002024965219143,0.007109262298295115,0.006002024965219143,0.007109262298295115,0.006002024965219143,0.0037875502990671996,0.008216499631371086,0.008216499631371086,0.008216499631371086
2026-04-10,-0.005268341987291508,-0.004721900609365094,-0.00417545923143868,-0.004721900609365094,-0.00417545923143868,-0.004721900609365094,-0.00417545923143868,-0.003082576475585853,-0.005268341987291508,-0.005268341987291508,-0.005268341987291508
2026-04-13,0.012856584712888567,0.011591835619000884,0.0103270865251132,0.011591835619000884,0.0103270865251132,0.011591835619000884,0.0103270865251132,0.007797588337337835,0.012856584712888567,0.012856584712888567,0.012856584712888567
2026-04-14,0.017690103098942696,0.017185579810436884,0.016681056521931074,0.017185579810436884,0.016681056521931074,0.017185579810436884,0.016681056521931074,0.015672009944919456,0.017185579810436884,0.016681056521931074,0.015672009944919456
2026-04-15,-0.002199279627194447,-0.00202576595103771,-0.0018522522748809723,-0.00202576595103771,-0.0018522522748809723,-0.00202576595103771,-0.0018522522748809723,-0.0015052249225674975,-0.002199279627194447,-0.002199279627194447,-0.002199279627194447
2026-04-16,-0.00414595831523661,-0.004133537163639754,-0.004121116012042897,-0.004133537163639754,-0.004121116012042897,-0.004133537163639754,-0.004121116012042897,-0.004096273708849184,-0.00414595831523661,-0.00414595831523661,-0.00414595831523661
2026-04-17,0.01937370961531091,0.018949632253955403,0.018525554892599896,0.018949632253955403,0.018525554892599896,0.018949632253955403,0.018525554892599896,0.01767740016988888,0.01937370961531091,0.01937370961531091,0.01937370961531091
2026-04-20,-0.003988937777496149,-0.0036096276510915962,-0.0032303175246870437,-0.0036096276510915962,-0.0032303175246870437,-0.0036096276510915962,-0.0032303175246870437,-0.002471697271877938,-0.003988937777496149,-0.003988937777496149,-0.003988937777496149
2026-04-21,-0.016426794740139705,-0.015849408487432673,-0.015272022234725638,-0.015849408487432673,-0.015272022234725638,-0.015849408487432673,-0.015272022234725638,-0.014117249729311571,-0.016426794740139705,-0.016426794740139705,-0.016426794740139705
2026-04-22,0.011463139564244024,0.011063460066781074,0.010663780569318125,0.011063460066781074,0.010663780569318125,0.011063460066781074,0.010663780569318125,0.009864421574392225,0.011063460066781074,0.010663780569318125,0.009864421574392225
2026-04-23,-0.005528250673129925,-0.005664083430527369,-0.005799916187924813,-0.005664083430527369,-0.005799916187924813,-0.005664083430527369,-0.005799916187924813,-0.006071581702719702,-0.005664083430527369,-0.005799916187924813,-0.006071581702719702
2026-04-24,0.0016209330844016196,0.002165563385803688,0.002710193687205757,0.002165563385803688,0.002710193687205757,0.002165563385803688,0.002710193687205757,0.0037994542900098944,0.0016209330844016196,0.0016209330844016196,0.0016209330844016196
2026-04-27,-0.00032076440454307777,-0.0015895118863788237,-0.002858259368214571,-0.0015895118863788237,-0.002858259368214571,-0.0015895118863788237,-0.002858259368214571,-0.005395754331886065,-0.0015895118863788237,-0.002858259368214571,-0.005395754331886065
2026-04-28,-0.0010608339108107573,-0.0014520124241154807,-0.0018431909374202044,-0.0014520124241154807,-0.0018431909374202044,-0.0014520124241154807,-0.0018431909374202044,-0.0026255479640296515,-0.0010608339108107573,-0.0010608339108107573,-0.0010608339108107573
2026-04-29,-0.014222147033232676,-0.013807574221255002,-0.013393001409277327,-0.013807574221255002,-0.013393001409277327,-0.013807574221255002,-0.013393001409277327,-0.012563855785321978,-0.014222147033232676,-0.014222147033232676,-0.014222147033232676
2026-04-30,0.003993119452054686,0.0033009576724071826,0.0026087958927596797,0.0033009576724071826,0.0026087958927596797,0.0033009576724071826,0.0026087958927596797,0.001224472333464674,0.003993119452054686,0.003993119452054686,0.003993119452054686
2026-05-01,0.0015882826354748246,0.0020121419206072157,0.0024360012057396078,0.0020121419206072157,0.0024360012057396078,0.0020121419206072157,0.0024360012057396078,0.003283719776004391,0.0020121419206072157,0.0024360012057396078,0.003283719776004391
2026-05-04,-0.012326100900786625,-0.011723873041534265,-0.011121645182281904,-0.011723873041534265,-0.011121645182281904,-0.011723873041534265,-0.011121645182281904,-0.009917189463777183,-0.012326100900786625,-0.012326100900786625,-0.012326100900786625
2026-05-05,0.013973739986523504,0.013693587512173554,0.013413435037823605,0.013693587512173554,0.013413435037823605,0.013693587512173554,0.013413435037823605,0.012853130089123704,0.013973739986523504,0.013973739986523504,0.013973739986523504
2026-05-06,0.028737938909709954,0.028006578668396884,0.027275218427083817,0.028006578668396884,0.027275218427083817,0.028006578668396884,0.027275218427083817,0.02581249794445768,0.028006578668396884,0.027275218427083817,0.02581249794445768
2026-05-07,-0.0042331142319825404,-0.0044542923267056195,-0.0046754704214286985,-0.0044542923267056195,-0.0046754704214286985,-0.0044542923267056195,-0.0046754704214286985,-0.005117826610874857,-0.0042331142319825404,-0.0042331142319825404,-0.0042331142319825404
2026-05-08,0.009977912080800516,0.010141369310072914,0.010304826539345313,0.010141369310072914,0.010304826539345313,0.010141369310072914,0.010304826539345313,0.010631740997890111,0.009977912080800516,0.009977912080800516,0.009977912080800516
2026-05-11,-0.004727065732597377,-0.004356649833741415,-0.003986233934885453,-0.004356649833741415,-0.003986233934885453,-0.004356649833741415,-0.003986233934885453,-0.0032454021371735304,-0.004727065732597377,-0.004727065732597377,-0.004727065732597377
2026-05-12,-0.00529058919597792,-0.005924665454925064,-0.006558741713872208,-0.005924665454925064,-0.006558741713872208,-0.005924665454925064,-0.006558741713872208,-0.007826894231766496,-0.00529058919597792,-0.00529058919597792,-0.00529058919597792
2026-05-13,-0.0027435420310544015,-0.0021615236177734876,-0.0015795052044925738,-0.0021615236177734876,-0.0015795052044925738,-0.0021615236177734876,-0.0015795052044925738,-0.00041546837793074616,-0.0027435420310544015,-0.0027435420310544015,-0.0027435420310544015
2026-05-14,0.006337886179254007,0.005559726715015767,0.004781567250777528,0.005559726715015767,0.004781567250777528,0.005559726715015767,0.004781567250777528,0.00322524832230105,0.005559726715015767,0.004781567250777528,0.00322524832230105
2026-05-15,-0.02645471845142669,-0.026219979221731117,-0.025985239992035544,-0.026219979221731117,-0.025985239992035544,-0.026219979221731117,-0.025985239992035544,-0.0255157615326444,-0.02645471845142669,-0.02645471845142669,-0.02645471845142669
2026-05-18,0.002000184946592025,0.00129101454415693,0.0005818441417218357,0.00129101454415693,0.0005818441417218357,0.00129101454415693,0.0005818441417218357,-0.0008364966631483538,0.002000184946592025,0.002000184946592025,0.002000184946592025
2026-05-19,-0.01398775405159757,-0.013846203099194728,-0.013704652146791887,-0.013846203099194728,-0.013704652146791887,-0.013846203099194728,-0.013704652146791887,-0.013421550241986203,-0.013846203099194728,-0.013704652146791887,-0.013421550241986203
2026-05-20,0.021932117792683562,0.021286102199641787,0.02064008660660001,0.021286102199641787,0.02064008660660001,0.021286102199641787,0.02064008660660001,0.01934805542051645,0.021932117792683562,0.021932117792683562,0.021932117792683562
2026-05-21,0.008939152203684497,0.007745088865719078,0.006551025527753657,0.007745088865719078,0.006551025527753657,0.007745088865719078,0.006551025527753657,0.004162898851822817,0.007745088865719078,0.006551025527753657,0.004162898851822817
2026-05-22,0.003133606078383339,0.003551306311704083,0.003969006545024826,0.003551306311704083,0.003969006545024826,0.003551306311704083,0.003969006545024826,0.004804407011666313,0.003133606078383339,0.003133606078383339,0.003133606078383339
2026-05-26,0.009867055006333229,0.008539132424537493,0.007211209842741759,0.008539132424537493,0.007211209842741759,0.008539132424537493,0.007211209842741759,0.004555364679150287,0.009867055006333229,0.009867055006333229,0.009867055006333229
2026-05-27,0.001531609606381566,0.0005493593541164596,-0.0004328908981486482,0.0005493593541164596,-0.0004328908981486482,0.0005493593541164596,-0.0004328908981486482,-0.0023973914026788625,0.001531609606381566,0.001531609606381566,0.001531609606381566
2026-05-28,0.012487311322853202,0.011762974578342505,0.01103863783383181,0.011762974578342505,0.01103863783383181,0.011762974578342505,0.01103863783383181,0.00958996434481042,0.012487311322853202,0.012487311322853202,0.012487311322853202
2026-05-29,0.0041501161744514434,0.00374292590118546,0.0033357356279194762,0.00374292590118546,0.0033357356279194762,0.00374292590118546,0.0033357356279194762,0.0025213550813875094,0.0041501161744514434,0.0041501161744514434,0.0041501161744514434
2026-06-01,-0.0050606662535914015,-0.004137352168716952,-0.0032140380838425026,-0.004137352168716952,-0.0032140380838425026,-0.004137352168716952,-0.0032140380838425026,-0.0013674099140936033,-0.0050606662535914015,-0.0050606662535914015,-0.0050606662535914015
2026-06-02,0.006628672592349096,0.005979065287169581,0.005329457981990066,0.005979065287169581,0.005329457981990066,0.005979065287169581,0.005329457981990066,0.004030243371631036,0.006628672592349096,0.006628672592349096,0.006628672592349096
2026-06-03,-0.012799785190572217,-0.012654915274447853,-0.012510045358323488,-0.012654915274447853,-0.012510045358323488,-0.012654915274447853,-0.012510045358323488,-0.01222030552607476,-0.012799785190572217,-0.012799785190572217,-0.012799785190572217
2026-06-04,0.013631387469695909,0.012323993859582615,0.011016600249469322,0.012323993859582615,0.011016600249469322,0.012323993859582615,0.011016600249469322,0.008401813029242733,0.013631387469695909,0.013631387469695909,0.013631387469695909
2026-06-05,-0.05385333821603919,-0.051115778716587706,-0.04837821921713622,-0.051115778716587706,-0.04837821921713622,-0.051115778716587706,-0.04837821921713622,-0.04290310021823325,-0.051115778716587706,-0.04837821921713622,-0.04290310021823325
2026-06-08,0.0026410124061596093,0.002013476518185834,0.001385940630212059,0.002013476518185834,0.001385940630212059,0.002013476518185834,0.001385940630212059,0.00013086885426450806,0.0026410124061596093,0.0026410124061596093,0.0026410124061596093
2026-06-09,-0.004014477063270022,-0.0033333441617670653,-0.0026522112602641087,-0.0033333441617670653,-0.0026522112602641087,-0.0033333441617670653,-0.0026522112602641087,-0.0012899454572581947,-0.0033333441617670653,-0.0026522112602641087,-0.0012899454572581947
2026-06-10,-0.03322032800238514,-0.031111703196834165,-0.02900307839128318,-0.031111703196834165,-0.02900307839128318,-0.031111703196834165,-0.02900307839128318,-0.02478582878018122,-0.03322032800238514,-0.03322032800238514,-0.03322032800238514
2026-06-11,0.03933520578202702,0.03758149873533357,0.03582779168864013,0.03758149873533357,0.03582779168864013,0.03758149873533357,0.03582779168864013,0.03232037759525323,0.03933520578202702,0.03933520578202702,0.03933520578202702
2026-06-12,0.00868348165082168,0.0068118155339161645,0.004940149417010649,0.0068118155339161645,0.004940149417010649,0.0068118155339161645,0.004940149417010649,0.001196817183199618,0.0068118155339161645,0.004940149417010649,0.001196817183199618
2026-06-15,0.02818251910537132,0.025441360595925132,0.02270020208647894,0.025441360595925132,0.02270020208647894,0.025441360595925132,0.02270020208647894,0.017217885067586567,0.02818251910537132,0.02818251910537132,0.02818251910537132
2026-06-16,0.0018938251838932054,0.002016872411187405,0.002139919638481605,0.002016872411187405,0.002139919638481605,0.002016872411187405,0.002139919638481605,0.0023860140930700045,0.0018938251838932054,0.0018938251838932054,0.0018938251838932054
2026-06-17,-0.019382444418092323,-0.017703977700944146,-0.016025510983795965,-0.017703977700944146,-0.016025510983795965,-0.017703977700944146,-0.016025510983795965,-0.012668577549499604,-0.019382444418092323,-0.019382444418092323,-0.019382444418092323
2026-06-18,0.01474889602588204,0.013482558867013474,0.012216221708144907,0.013482558867013474,0.012216221708144907,0.013482558867013474,0.012216221708144907,0.009683547390407774,0.01474889602588204,0.01474889602588204,0.01474889602588204
2026-06-22,-0.010107773005002563,-0.010217481272804377,-0.010327189540606192,-0.010217481272804377,-0.010327189540606192,-0.010217481272804377,-0.010327189540606192,-0.01054660607620982,-0.010107773005002563,-0.010107773005002563,-0.010107773005002563
2026-06-23,-0.020963912916137934,-0.018858171471372663,-0.016752430026607392,-0.018858171471372663,-0.016752430026607392,-0.018858171471372663,-0.016752430026607392,-0.012540947137076847,-0.020963912916137934,-0.020963912916137934,-0.020963912916137934
2026-06-24,0.003521155640657207,0.00333963373279627,0.0031581118249353335,0.00333963373279627,0.0031581118249353335,0.00333963373279627,0.0031581118249353335,0.0027950680092134594,0.00333963373279627,0.0031581118249353335,0.0027950680092134594
2026-06-25,0.004916355282154118,0.004407616265553062,0.0038988772489520055,0.004407616265553062,0.0038988772489520055,0.004407616265553062,0.0038988772489520055,0.002881399215749895,0.004916355282154118,0.004916355282154118,0.004916355282154118
2026-06-26,0.0010207381620963608,0.0010909046559683933,0.0011610711498404255,0.0010909046559683933,0.0011610711498404255,0.0010909046559683933,0.0011610711498404255,0.0013014041375844902,0.0010207381620963608,0.0010207381620963608,0.0010207381620963608
2026-06-29,0.012099413119547818,0.01128182173657864,0.010464230353609463,0.01128182173657864,0.010464230353609463,0.01128182173657864,0.010464230353609463,0.008829047587671106,0.012099413119547818,0.012099413119547818,0.012099413119547818
2026-06-30,-0.002855726946906143,-0.003366328427697144,-0.003876929908488144,-0.003366328427697144,-0.003876929908488144,-0.003366328427697144,-0.003876929908488144,-0.004898132870070145,-0.002855726946906143,-0.002855726946906143,-0.002855726946906143
2026-07-01,-0.0025592288185580943,-0.002299368494004203,-0.002039508169450312,-0.002299368494004203,-0.002039508169450312,-0.002299368494004203,-0.002039508169450312,-0.0015197875203425304,-0.0025592288185580943,-0.0025592288185580943,-0.0025592288185580943
2026-07-02,0.008709212256814971,0.008372059574177672,0.00803490689154037,0.008372059574177672,0.00803490689154037,0.008372059574177672,0.00803490689154037,0.00736060152626577,0.008709212256814971,0.008709212256814971,0.008709212256814971
2026-07-06,0.01493803507717446,0.013783381929230426,0.012628728781286392,0.013783381929230426,0.012628728781286392,0.013783381929230426,0.012628728781286392,0.010319422485398322,0.01493803507717446,0.01493803507717446,0.01493803507717446
2026-07-07,-0.014991473795839379,-0.014632213134325852,-0.014272952472812324,-0.014632213134325852,-0.014272952472812324,-0.014632213134325852,-0.014272952472812324,-0.01355443114978527,-0.014991473795839379,-0.014991473795839379,-0.014991473795839379
2026-07-08,-0.0104654854917932,-0.009644846414159587,-0.00882420733652597,-0.009644846414159587,-0.00882420733652597,-0.009644846414159587,-0.00882420733652597,-0.007182929181258742,-0.0104654854917932,-0.0104654854917932,-0.0104654854917932
2026-07-09,0.012437685580489743,0.011711412742763556,0.01098513990503737,0.011711412742763556,0.01098513990503737,0.011711412742763556,0.01098513990503737,0.009532594229584995,0.011711412742763556,0.01098513990503737,0.009532594229584995
2026-07-10,0.0036693589324159805,0.002940438104729752,0.002211517277043524,0.002940438104729752,0.002211517277043524,0.002940438104729752,0.002211517277043524,0.0007536756216710678,0.002940438104729752,0.002211517277043524,0.0007536756216710678
2026-07-13,-0.02176332046802129,-0.020748867734832234,-0.019734415001643177,-0.020748867734832234,-0.019734415001643177,-0.020748867734832234,-0.019734415001643177,-0.017705509535265063,-0.02176332046802129,-0.02176332046802129,-0.02176332046802129
2026-07-14,0.009193147814750042,0.008792480312585343,0.008391812810420644,0.008792480312585343,0.008391812810420644,0.008792480312585343,0.008391812810420644,0.0075904778060912476,0.009193147814750042,0.009193147814750042,0.009193147814750042
2026-07-15,0.0076262491045704615,0.006657058934253027,0.005687868763935592,0.006657058934253027,0.005687868763935592,0.006657058934253027,0.005687868763935592,0.0037494884233007218,0.006657058934253027,0.005687868763935592,0.0037494884233007218
2026-07-16,-0.01268947690754637,-0.011866685430043378,-0.011043893952540384,-0.011866685430043378,-0.011043893952540384,-0.011866685430043378,-0.011043893952540384,-0.0093983109975344,-0.01268947690754637,-0.01268947690754637,-0.01268947690754637
2026-07-17,-0.006748630669460852,-0.004964522187480258,-0.003180413705499663,-0.004964522187480258,-0.003180413705499663,-0.004964522187480258,-0.003180413705499663,0.00038780325846152555,-0.006748630669460852,-0.006748630669460852,-0.006748630669460852
2026-07-20,-0.005737973005485049,-0.006364290246761032,-0.006990607488037015,-0.006364290246761032,-0.006990607488037015,-0.006364290246761032,-0.006990607488037015,-0.008243241970588979,-0.006364290246761032,-0.006990607488037015,-0.008243241970588979
2026-07-21,0.013837546019794495,0.01263710999996174,0.011436673980128986,0.01263710999996174,0.011436673980128986,0.01263710999996174,0.011436673980128986,0.009035801940463477,0.013837546019794495,0.013837546019794495,0.013837546019794495
2026-07-22,-0.0010775050077181342,-0.0006671900792829069,-0.0002568751508476798,-0.0006671900792829069,-0.0002568751508476798,-0.0006671900792829069,-0.0002568751508476798,0.0005637547060227746,-0.0006671900792829069,-0.0002568751508476798,0.0005637547060227746
2026-07-23,-0.022616623466524727,-0.020914913733677074,-0.019213204000829417,-0.020914913733677074,-0.019213204000829417,-0.020914913733677074,-0.019213204000829417,-0.01580978453513411,-0.022616623466524727,-0.022616623466524727,-0.022616623466524727
2026-07-24,0.0030026165598458854,0.0025512134067254746,0.0020998102536050633,0.0025512134067254746,0.0020998102536050633,0.0025512134067254746,0.0020998102536050633,0.0011970039473642412,0.0030026165598458854,0.0030026165598458854,0.0030026165598458854
2026-07-27,0.007314932439449611,0.007211795564016277,0.007108658688582943,0.007211795564016277,0.007108658688582943,0.007211795564016277,0.007108658688582943,0.006902384937716274,0.007211795564016277,0.007108658688582943,0.006902384937716274
2026-07-28,0.005195136298282374,0.005076239869768989,0.0049573434412556044,0.005076239869768989,0.0049573434412556044,0.005076239869768989,0.0049573434412556044,0.004719550584228835,0.005195136298282374,0.005195136298282374,0.005195136298282374
2026-07-29,-0.03127014125099472,-0.030256609337720997,-0.029243077424447268,-0.030256609337720997,-0.029243077424447268,-0.030256609337720997,-0.029243077424447268,-0.027216013597899817,-0.03127014125099472,-0.03127014125099472,-0.03127014125099472
2026-07-30,0.01591686012658947,0.014798869146247194,0.013680878165904919,0.014798869146247194,0.013680878165904919,0.014798869146247194,0.013680878165904919,0.011444896205220368,0.01591686012658947,0.01591686012658947,0.01591686012658947
2026-07-31,-0.005137330117687246,-0.005631661077882768,-0.006125992038078292,-0.005631661077882768,-0.006125992038078292,-0.005631661077882768,-0.006125992038078292,-0.007114653958469336,-0.005137330117687246,-0.005137330117687246,-0.005137330117687246
2026-08-03,0.01956798154297428,0.019320362884179935,0.01907274422538559,0.019320362884179935,0.01907274422538559,0.019320362884179935,0.01907274422538559,0.0185775069077969,0.01956798154297428,0.01956798154297428,0.01956798154297428
2026-08-04,0.024637501499554928,0.024819651191834116,0.025001800884113308,0.024819651191834116,0.025001800884113308,0.024819651191834116,0.025001800884113308,0.025366100268671685,0.024637501499554928,0.024637501499554928,0.024637501499554928
2026-08-05,0.01521884831622403,0.014081121043036497,0.012943393769848965,0.014081121043036497,0.012943393769848965,0.014081121043036497,0.012943393769848965,0.010667939223473902,0.01521884831622403,0.01521884831622403,0.01521884831622403
2026-08-06,-0.000987551364395414,-0.0014895190028283616,-0.001991486641261309,-0.0014895190028283616,-0.001991486641261309,-0.0014895190028283616,-0.001991486641261309,-0.002995421918127204,-0.000987551364395414,-0.000987551364395414,-0.000987551364395414
2026-08-07,0.014859125682320033,0.01502271856283334,0.015186311443346649,0.01502271856283334,0.015186311443346649,0.01502271856283334,0.015186311443346649,0.015513497204373264,0.014859125682320033,0.014859125682320033,0.014859125682320033
2026-08-10,-0.0028142733029383332,-0.0029338464151712302,-0.0030534195274041272,-0.0029338464151712302,-0.0030534195274041272,-0.0029338464151712302,-0.0030534195274041272,-0.0032925657518699217,-0.0028142733029383332,-0.0028142733029383332,-0.0028142733029383332
2026-08-11,-0.00013154591878494358,-0.00040672559133447166,-0.0006819052638839997,-0.00040672559133447166,-0.0006819052638839997,-0.00040672559133447166,-0.0006819052638839997,-0.0012322646089830559,-0.00013154591878494358,-0.00013154591878494358,-0.00013154591878494358
2026-08-12,0.00747062919828667,0.0065316573857961266,0.005592685573305582,0.0065316573857961266,0.005592685573305582,0.0065316573857961266,0.005592685573305582,0.003714741948324494,0.00747062919828667,0.00747062919828667,0.00747062919828667
2026-08-13,0.0030414479634461086,0.003202139190680742,0.0033628304179153757,0.003202139190680742,0.0033628304179153757,0.003202139190680742,0.0033628304179153757,0.003684212872384643,0.0030414479634461086,0.0030414479634461086,0.0030414479634461086
2026-08-14,-0.0026996117302165033,-0.0030413802106017437,-0.0033831486909869837,-0.0030413802106017437,-0.0033831486909869837,-0.0030413802106017437,-0.0033831486909869837,-0.004066685651757464,-0.0026996117302165033,-0.0026996117302165033,-0.0026996117302165033
2026-08-17,-0.007106728675888285,-0.0068497084608118335,-0.006592688245735381,-0.0068497084608118335,-0.006592688245735381,-0.0068497084608118335,-0.006592688245735381,-0.006078647815582478,-0.007106728675888285,-0.007106728675888285,-0.007106728675888285
2026-08-18,-0.007043185555900537,-0.00684904065949061,-0.006654895763080683,-0.00684904065949061,-0.006654895763080683,-0.00684904065949061,-0.006654895763080683,-0.00626660597026083,-0.007043185555900537,-0.007043185555900537,-0.007043185555900537
2026-08-19,0.029954490898897932,0.02888998226438287,0.027825473629867814,0.02888998226438287,0.027825473629867814,0.02888998226438287,0.027825473629867814,0.0256964563608377,0.029954490898897932,0.029954490898897932,0.029954490898897932
2026-08-20,-0.011341969403770502,-0.011004483952481468,-0.010666998501192433,-0.011004483952481468,-0.010666998501192433,-0.011004483952481468,-0.010666998501192433,-0.009992027598614365,-0.011341969403770502,-0.011341969403770502,-0.011341969403770502
